50 50 8
90 41 19 73 57 81 16 12 10 2 39 31 79 32 5 59 71 8 38 14 53 27 26 94 36 4 8 73 57 43 65 15 83 16 48 68 43 61 16 11 86 21 9 48 89 94 51 83 1 64
108 95 128 137 119 117 101 120
0 2367 4856 2949 4425 5481 4486 5833 4691 3619 1649 2422 4960 4043 959 4618 2173 4254 5200 1003 4365 5043 3554 4011 1917 5203 4565 557 5316 3411 3342 5579 5289 6548 5066 6402 4496 3214 2824 7496 5180 2120 1482 2406 3906 2934 715 2268 2274 6241 2938 1010 3489 4681 5012 2745 2688 2713 4747 6654 4778 4389 3971 4285 4288 2102 3959 1952 1498 4473 4883 5629 5979 3521 727 3991 5611 891 4189 1785 4995 2169 4892 4946 999 3756 5406 5616 5574 5470 3343 3083 1849 1884 4891 6040 5546 4708 2150 4270 4493 2027 5614 5374 3913 4976 1391 6212 2629 4624 3491 4360 5112 4699 1478 3762 2257 3346 4220 5932 6404 4032 4107 4238 1907 4598 5396 4565 2373 5488 2848 456 3850 7617 2655 464 4246 6128 7228 4264 4509 4334 2443 6038 5079 6711 4595 3813 4510 3528 1725 3853 4521 4801 3817 5485 6003 6742 6854 1689 4852 3678 2897 4444 1658 4938 1180 4379 4169 4873 3379 5666 5513 1856 2050 4758 1954 4042 7021 5899 5471 6409 1811 1895 7233 1361 4708 1840 3134 3738 3422 6420 4071 4434 2231 5666 2465 3756 3137 3874 3472
2367 0 6093 1759 6038 5109 4758 7325 5246 1547 2460 2375 2897 5662 2948 6717 2697 2109 2975 3077 4400 5022 3574 6377 534 5711 6786 2920 7640 5776 5612 7773 3089 8910 7393 8740 5186 1476 2183 9862 3727 3605 3430 2236 5491 4649 2720 3606 1596 7747 4260 1357 3518 6594 4679 3079 1699 3083 5635 9018 6914 6608 1612 5334 4738 3794 1927 2193 2969 6251 5454 6902 8336 1554 2615 4071 7736 2205 6220 4108 4498 2590 2635 5125 3069 6021 7688 7083 3807 5634 5595 5423 4134 1064 7052 6434 7205 6917 4043 2379 6663 4313 7760 3621 5800 5061 2526 8257 4312 5795 4718 3169 4489 6901 947 4984 1470 3467 1958 3749 7217 6239 4800 6590 478 5038 5174 6831 2669 7631 2727 2491 4764 9984 1716 2153 2575 7076 8267 6398 6488 6404 4808 8183 6728 7623 6961 5005 5521 4063 3747 6217 5177 5516 4862 5947 7688 9069 8011 2389 7077 6005 4383 5098 3991 7042 1246 6736 6535 4911 2020 6463 5739 3116 2235 7105 2834 6248 7856 5951 6440 8768 4023 739 8469 1573 7017 2904 1490 4484 5537 8787 5817 5069 4332 7194 3348 3436 4926 5288 4586
4856 6093 0 7501 8316 10336 2334 9668 9402 7639 6504 3817 8966 8003 3910 7441 3399 8167 8925 5465 2816 9886 8410 4999 5593 9906 6931 4761 4844 5060 5953 7770 9060 6980 6543 7354 1451 7496 7560 7470 9718 6673 3439 7215 1214 7042 5405 6880 4606 10003 1935 5312 8345 7984 9867 7597 7290 7564 9288 6514 3197 3535 7385 8766 9058 2774 8019 6788 6218 1606 1648 9757 6729 5970 4138 8839 8079 4231 7336 5074 9839 3510 8562 2500 3908 3665 7154 9514 9895 10271 3517 4165 3842 6351 3379 10751 9168 3593 2866 8469 3276 3801 8002 9705 1989 9804 3723 8827 6863 321 1404 9004 9941 7107 5320 8185 4728 3015 7932 9708 10869 3361 8801 5732 5889 9355 10251 6691 3464 7915 7689 4408 1407 7427 4706 4590 8620 10511 11450 7080 7700 7331 4477 8330 8796 11081 5562 1095 734 8315 3316 5259 1518 1324 1245 1976 9507 7747 10986 3732 7104 4160 1964 1547 4993 7655 5139 5722 5314 9710 5106 10191 10297 3113 3869 6116 3283 6660 11431 10715 9892 6145 5508 5358 11244 4593 4365 6640 7469 1768 2857 6573 7838 1592 5967 9473 7241 3553 7084 1015 1508
2949 1759 7501 0 5141 3356 6430 6251 3756 1258 1896 4009 2241 4804 3840 6261 4204 1775 2693 3121 6108 3332 2010 6651 2071 4172 6510 3374 8107 5980 5504 7405 2726 8993 7337 8683 6767 662 623 9995 2249 2992 4378 1043 6718 3996 2858 2880 3287 6663 5583 2203 1968 5930 2936 1818 279 1845 4285 9254 7718 7303 2230 4104 3240 4913 1395 1396 2587 7370 7073 5699 8385 3147 3527 2473 7264 3298 5713 4261 2741 4117 2502 6822 3916 6647 7496 6003 2638 3975 6250 5888 4765 1152 7825 4822 6268 7624 5048 1477 7427 4937 7318 2439 6837 3400 3781 7657 3690 7224 6097 1507 2730 6587 2213 3906 3168 5132 1995 3282 5746 6955 3420 6667 1706 3512 3438 6640 4241 7191 1290 3298 6264 10155 3460 3018 1324 5677 6873 6009 5901 5930 5170 7723 5810 6185 7135 6408 7006 2691 4653 6397 6767 7097 6318 7600 6749 8960 6690 3792 6794 6493 5633 6687 4182 6574 2364 6834 6731 3242 3764 5016 4095 4395 3789 7134 4234 5978 6375 4253 5083 9061 3993 2327 7179 2934 7535 2251 536 6029 6370 8962 5053 6662 4111 6153 2375 5172 4298 6599 6007
4425 6038 8316 5141 0 4605 8713 1420 2585 6388 3580 6845 7240 385 4960 1869 6546 6910 7785 3425 8685 3794 3555 4192 5850 2812 2522 4092 5673 3675 2611 2911 7793 5283 3660 4678 8496 5788 4537 6252 6309 2453 5186 4117 7119 1491 3723 2432 6631 1819 6730 5023 3548 1104 4347 3339 4929 3307 1881 5895 6424 5818 7261 1502 2763 5802 6528 3925 3127 7196 8919 1471 4710 7548 4970 3432 2567 5302 1444 3282 4626 6561 7633 9179 4870 5223 3409 1224 7101 3598 5102 4391 4495 5005 6401 3423 1167 6062 5554 6494 6107 4519 2673 6945 6579 3573 5735 2688 1807 8198 7234 5496 4889 2462 5533 1313 6587 7705 7130 8256 2848 5666 2291 3624 5604 2805 4297 2838 6769 2576 3899 4768 7785 6483 6998 4889 6150 2406 3156 1929 1296 1639 3875 2980 690 2908 4180 7520 8259 2716 5161 3788 8540 8749 7654 9533 1650 4790 2674 6085 2678 4738 6535 8474 3385 2042 5332 3779 4009 3633 7671 2413 3495 6013 6473 3763 6261 2273 3280 4013 1955 5895 2904 5969 2939 5734 5433 3135 5660 7802 5684 5500 494 8478 2409 1244 2785 8169 1311 7326 7319
5481 5109 10336 3356 4605 0 9632 4979 2038 4235 3839 7225 4164 4473 6433 6382 7302 4362 4818 5031 9359 812 1937 7978 5356 2006 6927 5646 9565 7306 6426 7497 4741 9724 8017 9193 9846 3827 2977 10728 2557 4038 6933 3175 9361 4430 4990 3808 6569 5285 8411 5171 2001 5699 469 2758 3420 2796 2808 10227 9720 9184 5266 3103 1878 7578 4083 3561 4241 9834 10193 4202 9118 6473 6198 1577 7172 6163 5857 5903 625 7238 4879 10051 6451 8499 7906 4770 3381 1257 8191 7615 6900 4285 9773 2095 5337 9492 7575 3708 9395 7034 7275 3318 9228 1037 6704 7239 4328 10098 8960 2271 746 6919 5383 3431 6458 8347 4758 4898 3391 8900 2356 7674 4981 1800 336 7188 7395 7173 2667 5928 9259 10943 6783 5765 3240 3579 4592 6315 5840 6089 6879 7583 5034 3865 8235 9282 9958 2316 7123 7615 9858 10168 9260 10759 5717 9350 4652 6835 7147 8167 8378 9778 5899 6609 5433 7850 7924 975 7120 2918 1421 7274 6949 7990 7236 6513 3885 1195 3278 10147 5465 5604 5162 6037 9128 3773 3749 9085 8536 9858 4847 9760 5255 4989 3257 8469 4653 9353 8922
4486 4758 2334 6430 8713 9632 0 10130 9151 6211 6019 2423 7418 8350 3763 8319 2363 6632 7242 5388 514 9347 7816 6344 4362 9663 7964 4665 6665 6162 6796 8925 7389 8695 7881 8927 883 6234 6672 9341 8481 6591 3545 6468 2822 7268 5183 6750 3163 10514 2193 4477 7751 8674 9170 7073 6285 7052 9233 8368 5141 5291 5704 8764 8720 2999 6575 6139 5984 3633 842 10035 8329 4139 3812 8299 9140 3623 8065 5489 9062 2409 6881 466 3845 5157 8439 9935 8479 9850 4851 5302 4407 5364 5332 10489 9738 5451 3345 7066 5110 4463 9092 8306 3702 9318 3096 9860 7005 2046 1926 7907 9105 8135 4257 8227 3288 1298 6322 8002 10888 5008 8578 6987 4724 9035 9621 7800 2240 8984 6991 4057 1290 9340 3087 4067 7319 10602 11676 7938 8429 8127 5290 9473 9305 11186 6988 1856 1613 7958 3635 6486 818 1084 1550 1199 10149 9323 11275 2853 8195 5543 2484 788 5369 8591 4201 7032 6646 9195 3215 10152 9913 2706 2682 7461 2532 7570 11502 10250 9948 8012 5817 4105 11619 3597 6086 6297 6244 1038 4279 8347 8288 743 6314 9947 6923 1478 7403 2377 1717
5833 7325 9668 6251 1420 4979 10130 0 3000 7509 4872 8255 8213 1794 6379 2615 7964 7980 8800 4837 10105 4195 4440 5264 7179 2981 3319 5511 6614 4846 3806 3274 8789 5795 4384 5098 9899 6911 5630 6670 7072 3807 6598 5273 8461 2901 5127 3750 8015 422 8129 6386 4452 1827 4843 4435 6070 4411 2226 6509 7573 6966 8440 2185 3373 7206 7602 5157 4488 8478 10323 793 5296 8859 6389 4179 2821 6714 2445 4679 5170 7978 8687 10596 6289 6421 3960 248 7905 3781 6352 5640 5876 6271 7526 3268 642 7180 6946 7499 7268 5887 2954 7770 7873 3968 7153 2544 3205 9563 8625 6342 5437 3197 6886 2362 7966 9124 8242 9191 2212 6859 2987 4601 6911 3280 4645 3656 8185 2910 4966 6184 9187 6920 8377 6297 7111 1765 2000 2851 2128 2543 5197 3088 875 2041 5110 8905 9641 3619 6562 4870 9945 10147 9049 10937 783 5101 1470 7500 3363 5912 7926 9880 4788 2614 6701 4730 5032 4078 9034 2181 3637 7432 7883 4602 7681 3273 2393 4090 1735 6583 4316 7315 1594 7126 6478 4433 6784 9213 6964 6103 1852 9884 3820 197 3992 9583 2731 8690 8718
4691 5246 9402 3756 2585 2038 9151 3000 0 4956 3147 6884 5403 2495 5553 4408 6795 5315 6029 3938 8978 1228 1748 6285 5294 513 4996 4657 7860 5647 4671 5493 5994 7797 6115 7230 9184 4397 3160 8788 4111 2734 5974 3010 8307 2714 4040 2522 6393 3342 7557 4770 1789 3687 1848 2191 3663 2196 780 8350 8251 7677 5976 1094 517 6645 4957 3147 3215 8631 9574 2259 7203 6782 5405 1328 5151 5529 3907 4517 2171 6763 5975 9603 5526 7009 5947 2776 4956 1062 6762 6114 5673 4214 8275 1353 3310 7966 6541 4751 7923 5773 5258 4835 8005 1001 6064 5201 2727 9208 8109 3453 2438 4970 5153 1540 6306 7942 5639 6324 1991 7437 602 5879 4947 288 1719 5280 6951 5161 2534 5140 8525 9011 6693 5087 4318 1943 3128 4382 3850 4132 5424 5555 2996 2430 6448 8426 9149 1217 6087 5897 9210 9485 8469 10175 3708 7364 3003 6302 5195 6609 7455 9134 4553 4614 5085 6051 6183 1089 7208 1264 1005 6543 6547 6137 6628 4629 2624 1520 1422 8304 4054 5501 3512 5649 7493 2856 4280 8427 7211 7969 2873 9124 3717 2987 2229 8223 2868 8389 8121
3619 1547 7639 1258 6388 4235 6211 7509 4956 0 3001 3887 1371 6045 4363 7430 4241 637 1597 4060 5815 4382 3212 7556 2064 5342 7629 4130 8928 6910 6556 8557 1675 9997 8386 9740 6697 600 1880 10983 2327 4160 4877 2272 7027 5192 3743 4075 3091 7920 5804 2666 3177 7145 3878 3076 1459 3102 5521 10194 8342 7992 1045 5359 4444 5299 380 2539 3669 7770 6944 6952 9400 2364 4029 3641 8443 3674 6891 5188 3613 4132 1329 6548 4470 7371 8594 7261 2278 5050 6954 6692 5463 1774 8469 5931 7521 8308 5517 855 8075 5642 8490 2099 7296 4487 4048 8866 4874 7339 6265 2013 3522 7718 2414 5163 2964 4942 743 2313 6934 7629 4657 7659 1833 4698 4388 7732 4201 8362 2546 3856 6301 11127 3124 3530 1165 6892 8083 7158 7100 7102 6016 8901 7061 7384 8089 6552 7059 3938 5183 7342 6684 7025 6406 7409 8003 10037 7921 3933 7917 7291 5918 6606 5089 7748 2676 7819 7673 4323 3177 6220 5185 4649 3775 8149 4380 7091 7554 5269 6313 9973 4990 2285 8416 3102 8325 3406 729 6011 6966 9927 6280 6574 5183 7411 3609 4814 5492 6832 6133
1649 2460 6504 1896 3580 3839 6019 4872 3147 3001 0 3740 4135 3207 2596 4433 3657 3602 4553 1333 5832 3397 1907 4804 2320 3656 4634 1828 6306 4123 3608 5556 4600 7100 5442 6788 6109 2434 1485 8105 3886 1182 3095 964 5525 2234 1185 1151 3294 5293 4587 1641 1842 4199 3372 1096 1624 1065 3347 7379 6103 5630 3747 2967 2702 3739 3236 506 692 6030 6483 4487 6491 3987 2374 2343 5449 2413 3900 2433 3375 3620 4323 6466 2612 4951 5610 4631 4445 3846 4585 4131 3167 1429 6187 4473 4747 5949 3742 3372 5793 3322 5492 4251 5439 3337 2957 5901 1903 6273 5140 3004 3513 4719 2079 2555 3220 4797 3730 5174 4996 5304 2597 4780 2039 3017 3747 4751 3806 5364 1266 2103 5483 8268 3623 1983 3186 4785 5948 4156 4127 4106 3390 5906 4270 5356 5260 5462 6155 1941 3294 4529 6129 6422 5460 7074 5230 7069 5644 3165 4921 4730 4542 6051 2373 4753 1962 4948 4864 3229 4217 4240 3900 3484 3401 5241 3515 4098 5631 4265 4130 7199 2118 2480 6079 2507 5763 445 2314 5347 4822 7079 3381 6038 2216 4737 963 5084 2526 5516 5117
2422 2375 3817 4009 6845 7225 2423 8255 6884 3887 3740 0 5176 6464 2097 6880 586 4376 5109 3421 2137 6977 5448 5591 1946 7390 6702 2796 6468 5169 5457 7719 5245 8169 6952 8199 2813 3844 4256 9003 6098 4509 2242 4079 3445 5355 3131 4629 800 8663 2185 2122 5384 7044 6767 4742 3862 4725 7059 8066 5338 5207 3568 6632 6426 2165 4263 3786 3847 4298 3082 8035 7677 2224 1948 5939 7825 1548 6507 3926 6648 474 4746 2828 2233 4779 7406 8037 6164 7509 4366 4499 3240 2946 5508 8196 7959 5474 2551 4737 5162 3379 7809 5982 3992 6963 1219 8480 5050 3505 2521 5494 6685 6856 1842 6140 925 1126 4121 5891 8718 4845 6336 6052 2303 6741 7227 6629 383 7687 4607 2099 2436 9068 912 1958 4950 8476 9606 6508 6847 6625 4151 8224 7496 9055 6248 2766 3192 5671 2515 5581 2802 3142 2572 3593 8410 8575 9251 820 6973 4962 2407 2724 3790 7188 1821 6152 5838 6832 1506 7965 7583 1391 373 6576 950 6218 9347 7892 7817 7755 4111 1690 9642 1235 5827 4076 3844 2128 4053 7929 6483 2694 4580 8087 4687 1352 5552 3145 2346
4960 2897 8966 2241 7240 4164 7418 8213 5403 1371 4135 5176 0 6929 5730 8480 5569 800 655 5312 6990 4552 3774 8838 3424 5695 8748 5454 10247 8178 7742 9632 593 11223 9576 10923 7964 1763 2760 12221 1697 5223 6246 3260 8388 6203 5018 5098 4376 8607 7156 4028 3762 8104 3928 3916 2511 3952 6078 11461 9705 9345 1754 6028 4926 6669 1006 3637 4825 9138 8183 7573 10617 3355 5396 4089 9474 5045 7927 6452 3598 5456 783 7721 5834 8715 9736 7968 1186 5222 8302 8012 6808 3084 9830 6128 8318 9662 6888 767 9434 6986 9533 1081 8667 4712 5414 9831 5908 8661 7605 1976 3419 8822 3784 5950 4252 6182 1105 1042 7287 8984 5244 8891 3205 5121 4403 8881 5509 9407 3351 5217 7608 12375 4353 4894 1102 7330 8484 8239 8096 8148 7320 9932 7882 7758 9346 7885 8365 4597 6551 8603 7945 8288 7726 8615 8788 11201 8403 5285 9031 8615 7279 7869 6363 8789 4047 9056 8936 4551 4259 6636 5377 6012 5098 9366 5729 8218 7868 5326 6821 11255 6213 3635 8915 4465 9654 4490 1863 7303 8331 11180 7208 7835 6351 8142 4551 5975 6505 8183 7464
4043 5662 8003 4804 385 4473 8350 1794 2495 6045 3207 6464 6929 0 4592 1915 6170 6577 7463 3045 8315 3669 3291 4029 5469 2785 2510 3718 5548 3473 2416 3027 7475 5306 3640 4736 8149 5446 4207 6294 6054 2071 4832 3773 6812 1109 3340 2057 6246 2198 6387 4638 3279 1252 4184 3017 4586 2982 1860 5880 6212 5609 6904 1403 2603 5456 6195 3563 2744 6921 8570 1755 4717 7168 4596 3211 2726 4922 1417 2947 4445 6184 7302 8816 4506 4995 3452 1587 6833 3539 4849 4143 4170 4634 6198 3463 1547 5864 5219 6178 5891 4202 2821 6672 6300 3454 5360 2934 1422 7877 6897 5225 4704 2476 5150 1076 6202 7331 6788 7952 3030 5439 2124 3509 5226 2686 4177 2806 6391 2713 3580 4390 7440 6518 6613 4507 5845 2608 3449 1898 1367 1638 3591 3160 1069 3141 4074 7187 7927 2463 4817 3625 8192 8406 7314 9185 2027 4879 2986 5707 2701 4523 6199 8125 3045 2137 4948 3672 3869 3498 7286 2517 3451 5648 6092 3699 5889 2188 3508 3974 2088 5856 2554 5586 3280 5349 5270 2762 5318 7449 5414 5492 378 8127 2063 1623 2437 7790 948 7007 6977
959 2948 3910 3840 4960 6433 3763 6379 5553 4363 2596 2097 5730 4592 0 4800 1654 4984 5900 1650 3727 5977 4502 3620 2429 6064 4605 916 4734 3126 3361 5622 6003 6211 4892 6173 3655 4028 3765 7104 6087 2876 538 3362 2948 3505 1515 3059 2283 6771 2011 1705 4437 5020 5965 3688 3591 3654 5536 6207 3981 3661 4546 5045 5178 1145 4724 2910 2339 3537 4060 6272 5684 3772 335 4929 5733 782 4454 1847 5953 1702 5571 4230 144 3084 5322 6180 6431 6378 2655 2573 1253 2722 4112 6907 6017 3970 1210 5081 3720 1423 5714 6233 2996 5899 878 6397 3243 3687 2565 5286 6071 4759 2001 4490 2319 2768 4892 6659 7175 3292 4959 4005 2548 5482 6341 4535 1904 5593 3806 544 2978 7197 2647 839 5104 6867 7920 4425 4804 4558 2100 6128 5570 7450 4258 2886 3599 4425 823 3555 3687 3945 2916 4672 6446 6539 7513 1277 4876 3119 1947 3614 1713 5103 1707 4118 3836 5803 3390 6455 6413 1057 1747 4533 1323 4124 7776 6816 6219 5928 2094 2309 7856 1510 4100 2739 3962 2914 2604 6021 4550 3610 2586 6200 3352 3300 3648 2920 2568
4618 6717 7441 6261 1869 6382 8319 2615 4408 7430 4433 6880 8480 1915 4800 0 6453 8018 8953 3686 8402 5581 5060 2702 6397 4673 707 4128 4000 2403 1528 1166 8986 3414 1819 2822 7924 6852 5721 4388 7804 3273 4832 5224 6230 2281 4045 3383 6883 2817 6169 5476 5036 828 6079 4616 6008 4574 3741 4037 5032 4432 8157 3315 4507 5321 7644 4893 3794 6097 8350 3103 2843 8088 4935 5057 1021 5373 560 2956 6324 6502 8744 8772 4675 3951 1543 2577 8539 5445 3965 3282 3913 5803 4968 5289 1986 4620 4981 7713 4742 3861 1059 8365 5527 5368 5671 1601 2573 7389 6594 6939 6578 606 6001 2958 6873 7525 8163 9521 4603 4372 4028 2002 6244 4601 6090 1043 6705 932 5168 4816 7214 4617 7265 5047 7439 4143 4614 382 575 332 3050 1474 1832 4563 2496 6834 7541 4274 4693 2327 7980 8126 7032 8946 2178 2968 4084 6064 812 3428 5916 7924 3091 325 5738 2121 2445 5408 7996 4258 5350 5760 6516 1993 6107 781 4933 5871 3786 4057 2809 6445 4160 5974 3884 4025 6728 7320 4615 3638 1538 7938 2407 2429 3943 8094 1980 6527 6731
2173 2697 3399 4204 6546 7302 2363 7964 6795 4241 3657 586 5569 6170 1654 6453 0 4770 5552 3136 2196 6991 5461 5042 2208 7306 6236 2456 5886 4645 4997 7248 5682 7611 6433 7660 2568 4124 4372 8433 6369 4294 1711 4128 2915 5065 2886 4437 1251 8364 1649 2131 5395 6667 6837 4711 4025 4689 6906 7493 4754 4621 4029 6454 6359 1581 4621 3782 3659 3751 2895 7794 7129 2773 1578 5940 7376 1286 6107 3501 6746 123 5192 2809 1778 4199 6903 7755 6503 7488 3788 3946 2715 3084 4924 8129 7633 4887 1971 5075 4576 2844 7353 6315 3420 6958 812 8047 4776 3098 2044 5708 6806 6394 1990 5935 1362 1172 4547 6337 8566 4260 6228 5528 2528 6674 7277 6145 260 7233 4646 1783 2076 8495 1459 1730 5246 8298 9402 6076 6456 6212 3638 7763 7178 8881 5702 2317 2830 5597 1965 5050 2572 2897 2166 3458 8073 8039 9024 494 6500 4394 1848 2492 3368 6754 1878 5621 5296 6837 2091 7822 7550 817 474 6049 380 5767 9187 7890 7641 7178 3732 1966 9395 1279 5246 3947 4108 1825 3467 7362 6159 2470 4217 7790 4571 1647 5239 2646 1896
4254 2109 8167 1775 6910 4362 6632 7980 5315 637 3602 4376 800 6577 4984 8018 4770 0 963 4692 6212 4618 3599 8193 2639 5665 8236 4767 9565 7546 7177 9153 1038 10628 9010 10363 7167 1168 2373 11615 2147 4744 5492 2817 7599 5764 4378 4646 3576 8386 6363 3293 3574 7704 4054 3574 2013 3605 5928 10829 8964 8621 1047 5809 4813 5894 382 3126 4279 8358 7391 7391 10029 2614 4649 3987 9026 4281 7474 5822 3755 4657 728 6944 5093 8004 9207 7733 1878 5294 7585 7328 6096 2410 9094 6192 8027 8936 6126 661 8700 6275 9076 1727 7897 4748 4632 9430 5452 7862 6808 2091 3623 8321 3014 5657 3452 5389 415 1680 7266 8257 5070 8290 2441 5045 4555 8346 4709 8949 3023 4483 6808 11760 3560 4154 1124 7258 8439 7754 7671 7688 6653 9485 7574 7726 8724 7087 7565 4374 5801 7977 7149 7492 6926 7830 8505 10656 8308 4493 8523 7928 6491 7073 5725 8333 3287 8450 8308 4584 3498 6574 5438 5225 4299 8777 4934 7699 7872 5464 6705 10610 5618 2844 8811 3681 8961 3993 1291 6504 7588 10561 6828 7039 5799 7892 4150 5198 6065 7388 6666
5200 2975 8925 2693 7785 4818 7242 8800 6029 1597 4553 5109 655 7463 5900 8953 5552 963 0 5655 6791 5202 4370 9153 3509 6333 9186 5720 10515 8508 8137 10094 153 11591 9970 11323 7844 2121 3261 12578 2334 5681 6397 3734 8429 6688 5340 5573 4320 9199 7177 4224 4354 8614 4582 4447 2946 4481 6689 11791 9879 9551 1549 6617 5544 6767 1317 4069 5233 9212 8034 8177 10991 3112 5565 4708 9957 5176 8405 6785 4252 5434 364 7515 6014 8941 10161 8553 1721 5873 8521 8280 7036 3371 10013 6779 8882 9864 7018 1301 9620 7215 10010 1661 8773 5359 5493 10342 6382 8614 7595 2622 4074 9269 3909 6510 4200 6050 1019 785 7928 9185 5846 9253 3352 5748 5058 9302 5462 9884 3886 5411 7542 12723 4240 5079 1711 7962 9122 8696 8592 8622 7610 10415 8438 8398 9686 7861 8294 5181 6711 8939 7820 8163 7680 8432 9356 11614 9031 5319 9472 8877 7325 7747 6687 9266 4194 9413 9270 5197 4036 7269 6027 6069 5078 9740 5751 8651 8514 5981 7442 11570 6580 3690 9541 4542 9908 4935 2239 7219 8501 11524 7728 7710 6756 8722 5055 5775 6991 8193 7439
1003 3077 5465 3121 3425 5031 5388 4837 3938 4060 1333 3421 5312 3045 1650 3686 3136 4692 5655 0 5308 4482 3105 3531 2718 4445 3711 735 4996 2866 2542 4705 5722 5938 4349 5703 5305 3556 2797 6923 5209 1229 2037 2288 4394 1936 360 1421 3260 5243 3628 1791 3044 3694 4574 2292 2842 2250 3888 6149 4779 4298 4609 3394 3597 2708 4353 1811 790 4808 5710 4662 5342 4402 1580 3468 4695 1877 3228 1141 4624 3144 5384 5853 1603 3618 4615 4623 5735 4818 3256 2802 1874 2298 4858 5290 4543 4617 2612 4570 4466 2017 4710 5538 4199 4377 2331 5264 1640 5270 4176 4333 4785 3829 2316 2843 3233 4305 4740 6334 5525 3975 3338 3599 2598 3891 4892 3756 3351 4582 2584 1354 4623 7070 3638 1467 4443 5221 6289 3348 3534 3388 2065 5135 4076 5804 4036 4492 5220 2866 2156 3291 5338 5593 4549 6321 5000 6017 5897 2665 4002 3404 3517 5264 1061 4010 2053 3759 3624 4299 4349 4806 4837 2692 3048 4093 2876 3174 6127 5270 4571 5945 951 2759 6260 2348 4440 1261 3450 4564 3524 5872 3068 5260 1279 4668 1804 4746 2134 4453 4201
4365 4400 2816 6108 8685 9359 514 10105 8978 5815 5832 2137 6990 8315 3727 8402 2196 6212 6791 5308 0 9111 7581 6554 4038 9488 8085 4602 6978 6323 6890 9064 6940 8966 8072 9163 1373 5873 6386 9648 8107 6485 3579 6216 3193 7219 5075 6631 2822 10497 2396 4245 7517 8711 8903 6862 5978 6843 9102 8677 5499 5606 5262 8648 8532 3100 6173 5913 5854 4035 1354 9969 8576 3681 3730 8071 9256 3481 8117 5515 8778 2217 6432 733 3823 5420 8612 9902 8071 9636 5088 5488 4500 5077 5689 10304 9740 5786 3474 6668 5445 4575 9215 7902 4047 9094 2981 9964 6942 2518 2233 7566 8808 8253 3976 8126 2942 1035 5890 7544 10761 5305 8416 7169 4407 8848 9364 7940 2026 9104 6743 3958 1646 9658 2700 3925 6941 10493 11590 8020 8477 8193 5408 9606 9296 11076 7208 2223 2086 7773 3712 6669 1313 1596 1911 1644 10163 9557 11204 2688 8326 5775 2701 1273 5390 8683 3953 7225 6849 8965 2756 10017 9706 2682 2441 7657 2432 7668 11382 10024 9835 8325 5813 3782 11565 3357 6382 6137 5890 1321 4550 8635 8276 1227 6308 9926 6759 1017 7373 2752 2007
5043 5022 9886 3332 3794 812 9347 4195 1228 4382 3397 6977 4552 3669 5977 5581 6991 4618 5202 4482 9111 0 1532 7260 5192 1257 6137 5141 8846 6596 5684 6690 5144 8938 7236 8397 9494 3896 2839 9939 3079 3403 6454 2902 8864 3687 4488 3172 6378 4515 7980 4872 1596 4889 680 2303 3329 2332 2003 9456 9079 8529 5427 2292 1093 7113 4297 3209 3697 9285 9859 3429 8335 6477 5770 1056 6361 5793 5061 5270 1030 6938 5209 9781 5978 7847 7110 3980 3928 676 7559 6956 6328 4093 9122 1579 4534 8831 7074 3994 8752 6451 6465 3834 8670 228 6337 6429 3614 9663 8533 2581 1282 6124 5154 2639 6275 8084 4987 5386 2770 8259 1564 6924 4821 989 509 6405 7109 6364 2373 5498 8878 10156 6628 5373 3531 2892 3979 5524 5035 5292 6231 6772 4224 3247 7488 8856 9552 1649 6618 6888 9511 9810 8857 10440 4923 8547 3977 6510 6352 7492 7922 9432 5279 5804 5158 7099 7191 191 7040 2206 826 6880 6675 7223 6887 5735 3325 930 2522 9386 4820 5428 4493 5757 8431 3252 3797 8731 7940 9083 4045 9417 4569 4197 2679 8268 3894 8888 8514
3554 3574 8410 2010 3555 1937 7816 4440 1748 3212 1907 5448 3774 3291 4502 5060 5461 3599 4370 3105 7581 1532 0 6235 3695 2167 5487 3709 7808 5549 4771 6223 4353 8215 6497 7766 7972 2649 1426 9232 2764 2212 4998 1384 7425 2855 3053 1992 4864 4833 6490 3340 66 4529 1474 821 1932 860 2329 8634 7840 7323 4228 2256 1233 5645 3233 1679 2318 7900 8334 3806 7599 5082 4277 501 5981 4273 4502 4036 1528 5407 4283 8249 4516 6636 6496 4195 3546 2080 6309 5766 4979 2594 7903 2861 4575 7636 5638 3073 7519 5118 6062 3391 7298 1520 4817 6225 2661 8177 7042 1942 1715 5517 3632 2242 4764 6553 3907 4754 3737 7024 1476 6025 3330 1502 1843 5701 5577 5945 858 4005 7365 9428 5127 3861 2672 3680 4872 4903 4587 4737 5021 6428 4158 4178 6567 7364 8050 843 5186 5896 7988 8290 7353 8912 5035 7978 4715 4981 5742 6337 6449 7909 4018 5337 3628 6202 6220 1385 5577 3011 2173 5370 5144 6402 5363 5009 4365 2445 3108 8514 3619 3924 5214 4226 7330 1845 2532 7210 6624 8289 3619 7893 3482 4373 1386 6746 3130 7422 7013
4011 6377 4999 6651 4192 7978 6344 5264 6285 7556 4804 5591 8838 4029 3620 2702 5042 8193 9153 3531 6554 7260 6235 0 5909 6683 2061 3462 1587 689 1626 2784 9229 2592 1558 2631 5767 7077 6289 3496 8674 4027 3352 5766 3834 3583 3821 4243 5899 5504 4163 5021 6187 3438 7578 5525 6372 5478 5812 2645 2330 1734 7982 5288 6184 3547 7866 5306 4133 3516 6174 5625 2087 7385 3902 6438 3129 4388 2830 2390 7728 5132 8865 6757 3477 1341 2158 5186 9248 7339 1518 1098 2376 5783 2268 7440 4660 1920 3143 8100 2045 2221 3039 9053 3013 7085 4428 3876 3651 5011 4450 7784 7940 2226 5465 4753 5939 5875 8202 9852 7038 1717 5752 750 5917 6385 7750 1766 5300 2965 5958 3938 5103 3608 6255 4266 7969 6598 7240 2417 3137 2722 1569 3341 4419 7088 663 4618 5248 5664 3078 404 5832 5904 4874 6725 4880 3019 6720 4813 2170 840 3864 5792 2475 2829 5160 723 316 7069 6992 6543 7289 4232 5287 1131 4662 1991 7462 7803 6116 2418 2693 5847 6841 5112 1242 4572 6975 5306 2160 2415 3713 5816 2753 5071 4860 6532 3418 4207 4637
1917 534 5593 2071 5850 5356 4362 7179 5294 2064 2320 1946 3424 5469 2429 6397 2208 2639 3509 2718 4038 5192 3695 5909 0 5778 6422 2473 7140 5325 5224 7421 3623 8461 6977 8317 4737 1917 2382 9402 4168 3397 2902 2315 4965 4416 2357 3431 1220 7601 3741 933 3635 6330 4910 3103 1946 3099 5615 8545 6386 6088 2118 5272 4799 3260 2443 2159 2732 5719 5024 6807 7895 1709 2099 4196 7410 1676 5919 3690 4760 2108 3167 4751 2554 5509 7298 6942 4302 5775 5081 4933 3633 1101 6526 6536 7015 6395 3510 2878 6138 3811 7427 4112 5266 5209 1993 7960 4080 5298 4209 3548 4777 6544 444 4875 1105 3064 2491 4283 7234 5718 4808 6155 375 5108 5390 6448 2206 7299 2837 1992 4284 9517 1437 1655 3038 7060 8240 6064 6204 6092 4340 7851 6537 7620 6505 4501 5038 4086 3220 5766 4732 5068 4370 5538 7494 8654 7954 1872 6712 5508 3856 4653 3567 6721 750 6296 6079 5066 1920 6475 5868 2588 1761 6675 2320 5888 7873 6121 6413 8287 3647 257 8396 1042 6513 2749 1907 4018 5009 8323 5593 4625 3993 7038 3262 3116 4679 4770 4085
5203 5711 9906 4172 2812 2006 9663 2981 513 5342 3656 7390 5695 2785 6064 4673 7306 5665 6333 4445 9488 1257 2167 6683 5778 0 5293 5166 8249 6060 5061 5715 6288 8083 6425 7489 9696 4799 3592 9060 4306 3234 6482 3479 8805 3143 4551 3026 6890 3279 8067 5274 2215 3912 1934 2680 4098 2688 932 8665 8697 8117 6373 1405 979 7152 5317 3640 3726 9115 10087 2199 7499 7238 5917 1703 5347 6042 4199 4993 2281 7273 6303 10115 6036 7454 6216 2780 5156 813 7220 6562 6163 4691 8715 845 3378 8401 7043 5077 8369 6258 5461 5051 8488 1044 6577 5328 3185 9715 8617 3723 2538 5253 5649 1933 6801 8452 6005 6578 1601 7886 1107 6244 5426 673 1670 5591 7461 5371 2987 5652 9037 9289 7185 5600 4630 1652 2789 4682 4103 4416 5884 5730 3124 2066 6813 8935 9659 1720 6591 6290 9723 9998 8980 10688 3732 7600 2738 6813 5474 7042 7962 9646 5034 4854 5587 6413 6566 1185 7688 958 689 7056 7056 6473 7141 4960 2212 1201 1273 8636 4530 5989 3254 6155 7903 3369 4686 8940 7683 8277 3158 9637 4175 3002 2742 8727 3269 8892 8632
4565 6786 6931 6510 2522 6927 7964 3319 4996 7629 4634 6702 8748 2510 4605 707 6236 8236 9186 3711 8085 6137 5487 2061 6422 5293 0 4039 3297 1873 1246 1020 9230 2802 1138 2283 7511 7068 6006 3802 8191 3530 4560 5492 5730 2639 4070 3676 6786 3509 5784 5489 5457 1529 6598 4965 6246 4921 4365 3376 4385 3794 8287 3910 5050 4985 7869 5119 3960 5529 7933 3805 2208 8081 4782 5536 1176 5245 1094 2809 6824 6297 8955 8408 4470 3358 1010 3283 8893 6047 3421 2773 3590 5937 4311 5942 2687 3964 4621 7981 4106 3510 1130 8713 4982 5930 5483 1911 2882 6902 6175 7312 7070 176 6006 3498 6789 7256 8348 9790 5299 3764 4574 1331 6308 5170 6646 337 6493 1020 5499 4699 6810 4019 7166 4963 7740 4840 5319 615 1255 883 2678 1529 2537 5268 1798 6395 7083 4741 4382 1713 7570 7694 6612 8518 2849 2494 4789 5882 292 2834 5515 7519 2944 769 5725 1434 1783 5958 7908 4930 5961 5499 6348 1286 5875 540 5638 6484 4463 3374 2775 6442 4853 5892 3205 4259 6948 6946 4080 2985 2135 7536 2465 3134 4274 7856 2357 6053 6328
557 2920 4761 3374 4092 5646 4665 5511 4657 4130 1828 2796 5454 3718 916 4128 2456 4767 5720 735 4602 5141 3709 3462 2473 5166 4039 0 4798 2856 2806 5056 5805 5992 4512 5847 4570 3696 3170 6943 5568 1962 1322 2705 3723 2618 656 2150 2757 5910 2901 1563 3645 4248 5182 2888 3102 2850 4622 6107 4353 3930 4521 4129 4298 1991 4460 2227 1457 4201 4976 5373 5422 4064 878 4107 5107 1256 3724 1240 5201 2476 5420 5131 871 3277 4861 5305 6011 5511 2877 2561 1394 2370 4455 6010 5179 4250 1934 4746 4057 1564 5105 5812 3611 5050 1644 5727 2343 4556 3452 4721 5341 4177 2034 3575 2754 3613 4751 6442 6260 3582 4059 3682 2456 4598 5530 4026 2684 4979 3088 698 3890 7066 3139 925 4690 5953 7012 3766 4057 3856 1899 5527 4723 6536 4041 3769 4494 3554 1479 3297 4603 4859 3818 5587 5623 6188 6611 2005 4324 3162 2803 4530 1110 4444 1735 3823 3615 4962 3876 5541 5537 1963 2424 4202 2172 3523 6860 5956 5304 5867 1325 2447 6964 1855 4200 1890 3608 3830 3028 5868 3704 4525 1784 5336 2481 4090 2784 3754 3470
5316 7640 4844 8107 5673 9565 6665 6614 7860 8928 6306 6468 10247 5548 4734 4000 5886 9565 10515 4996 6978 8846 7808 1587 7140 8249 3297 4798 0 2263 3190 3677 10602 2148 2333 2624 5938 8486 7787 2676 10191 5597 4339 7270 3878 5167 5250 5816 6920 6802 4639 6309 7759 4804 9162 7083 7829 7036 7364 1704 1658 1374 9252 6848 7770 4306 9257 6800 5654 3238 6298 7060 2007 8469 5052 8021 4115 5515 4254 3873 9308 5994 10209 7016 4599 1690 2918 6569 10730 8917 2112 2237 3507 7166 1489 8990 5984 1252 3917 9527 1580 3329 3996 10533 2978 8670 5424 4803 5237 4956 4749 9306 9517 3429 6701 6325 6982 6496 9535 11239 8517 1680 7334 2049 7203 7967 9337 2961 6128 3965 7496 5151 5375 2680 7244 5488 9431 8067 8613 3792 4512 4103 2937 4171 5811 8529 1508 4817 5293 7250 4025 1964 6010 5990 5117 6766 6126 2996 8084 5770 3291 1639 4334 5990 3937 4034 6397 1900 1684 8656 7949 8063 8864 5078 6219 2028 5518 3406 8901 9380 7621 1347 4226 7039 8146 6238 643 6107 8391 5661 2468 1729 5212 6023 4329 6428 6428 7178 4992 4316 4972
3411 5776 5060 5980 3675 7306 6162 4846 5647 6910 4123 5169 8178 3473 3126 2403 4645 7546 8508 2866 6323 6596 5549 689 5325 6060 1873 2856 2263 0 1064 2773 8580 3137 1788 3047 5664 6420 5608 4090 7988 3340 2935 5083 3857 2935 3168 3557 5407 5122 3970 4419 5501 3045 6900 4836 5701 4789 5207 3285 2750 2143 7372 4677 5527 3242 7213 4626 3448 3695 6083 5134 2577 6852 3381 5759 3035 3869 2405 1726 7046 4725 8226 6595 2983 1576 2291 4743 8568 6696 1563 901 1931 5138 2727 6833 4271 2391 2852 7435 2435 1805 2969 8373 3126 6425 3973 3779 2982 5028 4328 7097 7256 2049 4882 4127 5436 5566 7569 9197 6502 2013 5103 883 5309 5737 7082 1656 4906 2873 5270 3385 4972 4221 5773 3703 7295 6072 6786 2063 2746 2344 1026 3328 3979 6583 1186 4536 5215 4990 2697 441 5725 5835 4764 6660 4544 3414 6276 4368 2064 1069 3688 5677 1821 2598 4579 992 763 6405 6517 5972 6652 3855 4844 1409 4269 1630 6955 7162 5559 3081 2008 5279 6438 4582 1845 3884 6316 5131 2216 3021 3185 5696 2067 4649 4172 6201 2791 4182 4493
3342 5612 5953 5504 2611 6426 6796 3806 4671 6556 3608 5457 7742 2416 3361 1528 4997 7177 8137 2542 6890 5684 4771 1626 5224 5061 1246 2806 3190 1064 0 2266 8193 3505 1835 3185 6397 6018 5053 4518 7355 2626 3337 4527 4740 1997 2893 2816 5544 4101 4641 4290 4730 2040 6044 4132 5231 4086 4185 3865 3813 3207 7149 3663 4598 3800 6822 4110 2917 4682 6823 4072 2891 6862 3536 4920 2381 4001 1390 1569 6221 5056 7885 7248 3227 2624 2076 3693 7999 5730 2548 1839 2393 4821 3790 5813 3252 3453 3455 6980 3497 2335 2356 7811 4086 5500 4239 3075 2119 5886 5069 6463 6447 1398 4799 3135 5549 6036 7257 8779 5441 3066 4153 1256 5134 4784 6182 1225 5253 2237 4622 3457 5687 4695 5924 3727 6782 5010 5729 1149 1750 1379 1523 2767 2934 5519 1810 5312 6025 4130 3179 1230 6453 6602 5506 7420 3561 3484 5222 4637 1524 2129 4388 6397 1703 1795 4512 1433 1512 5495 6667 4924 5675 4273 5102 1652 4639 778 5891 6191 4504 3744 1591 5230 5400 4655 2861 3285 5903 5793 3173 3530 2122 6410 1394 3609 3441 6624 1805 5019 5204
5579 7773 7770 7405 2911 7497 8925 3274 5493 8557 5556 7719 9632 3027 5622 1166 7248 9153 10094 4705 9064 6690 6223 2784 7421 5715 1020 5056 3677 2773 2266 0 10131 2521 1354 1831 8437 7985 6874 3414 8970 4414 5564 6373 6587 3442 5065 4534 7805 3342 6736 6491 6200 1807 7210 5780 7148 5737 4788 3252 5012 4455 9251 4403 5630 5966 8781 6027 4899 6300 8855 3918 2046 9090 5802 6208 468 6265 1726 3829 7465 7311 9877 9363 5487 4125 766 3315 9704 6507 4258 3664 4583 6897 4908 6267 2640 4570 5592 8864 4766 4493 335 9530 5792 6472 6500 1130 3725 7765 7102 8105 7721 880 7010 4092 7807 8255 9284 10673 5433 4492 5151 2040 7296 5703 7196 1125 7506 365 6330 5719 7745 3659 8186 5980 8598 4971 5221 1399 1661 1495 3660 559 2673 5312 2321 7306 7974 5431 5374 2514 8498 8604 7537 9429 2622 1889 4693 6900 748 3615 6458 8451 3964 893 6733 2069 2473 6521 8927 5198 6402 6503 7367 1731 6884 1537 5666 6916 4716 3362 3779 7449 4648 6910 3753 5160 7862 7899 4916 2847 2657 8470 3441 3120 5103 8862 3143 6935 7266
5289 3089 9060 2726 7793 4741 7389 8789 5994 1675 4600 5245 593 7475 6003 8986 5682 1038 153 5722 6940 5144 4353 9229 3623 6288 9230 5805 10602 8580 8193 10131 0 11655 10027 11378 7987 2175 3281 12645 2235 5718 6504 3763 8553 6717 5412 5604 4454 9185 7304 4321 4338 8635 4515 4458 2985 4493 6664 11864 9983 9649 1691 6604 5514 6883 1372 4111 5284 9332 8179 8156 11054 3261 5668 4677 9987 5285 8437 6855 4183 5565 508 7664 6116 9036 10210 8543 1592 5813 8616 8366 7129 3447 10116 6718 8882 9963 7129 1299 9723 7309 10043 1543 8888 5305 5611 10363 6414 8749 7726 2569 3997 9311 4018 6511 4333 6193 1140 660 7880 9284 5826 9318 3455 5712 4986 9351 5596 9916 3895 5510 7679 12792 4380 5179 1683 7922 9077 8734 8618 8655 7691 10446 8441 8351 9757 7994 8432 5170 6816 9010 7963 8306 7815 8579 9354 11666 8995 5443 9516 8964 7449 7889 6760 9298 4299 9479 9342 5144 4184 7228 5968 6191 5209 9802 5876 8696 8461 5909 7410 11647 6643 3809 9506 4658 9997 4974 2290 7358 8606 11594 7745 7853 6808 8714 5076 5923 7019 8322 7572
6548 8910 6980 8993 5283 9724 8695 5795 7797 9997 7100 8169 11223 5306 6211 3414 7611 10628 11591 5938 8966 8938 8215 2592 8461 8083 2802 5992 2148 3137 3505 2521 11655 0 1719 745 8014 9481 8556 1018 10852 6124 5936 8030 5966 5365 6263 6305 8491 5856 6579 7554 8179 4210 9386 7621 8717 7575 7152 810 3806 3459 10501 6708 7848 6078 10283 7605 6409 5376 8389 6421 617 9971 6488 8303 2980 6976 3891 4823 9600 7705 11322 9071 6068 3547 1879 5829 11504 8846 3896 3671 4967 8234 3636 8700 5159 3389 5672 10466 3705 4811 2846 11316 5067 8732 7018 3460 5560 7078 6769 9962 9841 2831 8019 6299 8530 8377 10674 12255 7938 3699 7374 2338 8441 7972 9446 2537 7866 2885 8123 6512 7412 1219 8846 6834 10282 7475 7736 3417 3987 3668 4137 2807 5158 7831 1960 6873 7397 7506 5654 2695 8084 8089 7162 8880 5133 977 7209 7400 2608 3234 6272 8058 4932 3271 7715 2182 2387 8758 9582 7656 8756 6796 7872 1859 7231 3220 8187 9278 7178 1072 5013 8413 7141 7698 2633 6789 9371 7668 4419 478 4929 8088 4895 5639 6927 9049 5106 6393 6981
5066 7393 6543 7337 3660 8017 7881 4384 6115 8386 5442 6952 9576 3640 4892 1819 6433 9010 9970 4349 8072 7236 6497 1558 6977 6425 1138 4512 2333 1788 1835 1354 10027 1719 0 1354 7322 7852 6878 2735 9147 4426 4722 6353 5389 3647 4692 4600 7161 4528 5692 6050 6462 2646 7673 5914 7065 5868 5498 2241 3676 3135 8954 5034 6145 5014 8656 5943 4751 5025 7730 4918 1105 8566 5128 6586 1782 5613 2228 3288 7883 6511 9715 8301 4749 2877 625 4372 9813 7171 3076 2584 3718 6642 3565 7080 3743 3230 4618 8814 3444 3592 1665 9627 4553 7034 5750 2484 3844 6564 6000 8259 8123 1213 6543 4601 7183 7344 9082 10614 6421 3208 5673 909 6917 6280 7744 835 6693 1632 6423 5103 6652 2935 7532 5405 8610 5961 6379 1743 2386 2021 2801 1877 3643 6371 996 6174 6806 5788 4483 1405 7387 7462 6427 8283 3832 1677 5846 6147 1023 2396 5398 7346 3410 1770 6246 850 1245 7054 8278 6067 7088 5642 6623 428 6056 1505 6739 7612 5598 2239 3403 6959 5866 6311 2406 5110 7737 6844 3717 1854 3267 7369 3226 4207 5218 7985 3388 5765 6183
6402 8740 7354 8683 4678 9193 8927 5098 7230 9740 6788 8199 10923 4736 6173 2822 7660 10363 11323 5703 9163 8397 7766 2631 8317 7489 2283 5847 2624 3047 3185 1831 11378 745 1354 0 8294 9203 8213 1585 10452 5748 5957 7690 6278 4913 6045 5913 8454 5141 6766 7394 7734 3585 8874 7219 8411 7174 6557 1549 4245 3822 10306 6137 7316 6178 10007 7287 6098 5766 8685 5749 627 9887 6426 7818 2277 6914 3336 4632 9105 7746 11069 9323 6029 3781 1287 5146 11135 8267 4078 3728 4961 7997 4091 8075 4469 3807 5774 10159 4097 4820 2144 10951 5393 8185 7014 2721 5137 7424 7009 9567 9352 2275 7880 5762 8482 8505 10436 11961 7264 4007 6837 2176 8265 7420 8906 2072 7919 2196 7740 6418 7661 1828 8820 6728 9947 6803 7020 2885 3386 3105 4073 2072 4498 7139 1968 7144 7715 7024 5696 2621 8363 8396 7420 9203 4418 397 6496 7406 2047 3388 6463 8330 4752 2640 7581 2055 2364 8221 9564 7016 8170 6854 7882 1649 7280 2762 7491 8689 6535 1770 4757 8292 6414 7622 2996 6447 9088 7891 4660 1178 4358 8358 4572 4949 6524 9163 4636 6689 7210
4496 5186 1451 6767 8496 9846 883 9899 9184 6697 6109 2813 7964 8149 3655 7924 2568 7167 7844 5305 1373 9494 7972 5767 4737 9696 7511 4570 5938 5664 6397 8437 7987 8014 7322 8294 0 6649 6936 8611 8903 6531 3324 6671 2060 7100 5151 6711 3606 10268 1774 4681 7906 8349 9378 7194 6592 7167 9191 7640 4364 4570 6296 8698 8783 2694 7071 6298 5973 2814 427 9872 7684 4785 3779 8438 8686 3701 7721 5220 9301 2650 7481 1101 3706 4514 7902 9719 8975 9954 4251 4776 4053 5651 4555 10534 9465 4702 2970 7548 4364 4077 8627 8794 2960 9444 3156 9421 6866 1167 1336 8268 9368 7685 4555 8139 3733 1795 6887 8617 10829 4315 8595 6447 5076 9094 9805 7319 2532 8526 7180 4044 715 8595 3613 4126 7760 10514 11542 7546 8088 7760 4874 8992 9052 11095 6391 1151 736 8022 3337 5950 73 331 900 1037 9853 8691 11116 3014 7723 4941 2009 105 5112 8177 4442 6474 6077 9331 3878 10110 10003 2641 2981 6896 2611 7156 11426 10373 9869 7277 5595 4484 11429 3846 5385 6335 6643 763 3636 7645 8048 149 6087 9711 6960 2206 7202 1623 1195
3214 1476 7496 662 5788 3827 6234 6911 4397 600 2434 3844 1763 5446 4028 6852 4124 1168 2121 3556 5873 3896 2649 7077 1917 4799 7068 3696 8486 6420 6018 7985 2175 9481 7852 9203 6649 0 1285 10474 2254 3579 4556 1673 6803 4604 3256 3486 3072 7324 5614 2327 2611 6552 3439 2477 861 2503 4942 9704 7982 7603 1579 4766 3882 5031 804 1959 3113 7507 6925 6361 8879 2652 3699 3096 7862 3395 6310 4694 3203 4025 1892 6599 4123 6966 8041 6663 2424 4554 6556 6251 5062 1331 8101 5420 6921 7922 5214 1057 7704 5239 7911 2228 7006 3983 3822 8275 4289 7206 6102 1723 3147 7153 2183 4563 2947 4942 1342 2778 6383 7246 4077 7146 1608 4146 3948 7181 4121 7783 1952 3501 6200 10624 3178 3190 1124 6326 7520 6586 6512 6522 5557 8320 6461 6827 7591 6402 6954 3351 4851 6846 6642 6980 6282 7423 7403 9493 7345 3764 7355 6855 5700 6563 4602 7168 2403 7308 7179 3822 3365 5660 4682 4436 3678 7627 4214 6532 7008 4802 5738 9494 4469 2166 7837 2906 7895 2827 129 5935 6615 9427 5684 6535 4635 6812 3010 4898 4905 6642 5989
2824 2183 7560 623 4537 2977 6672 5630 3160 1880 1485 4256 2760 4207 3765 5721 4372 2373 3261 2797 6386 2839 1426 6289 2382 3592 6006 3170 7787 5608 5053 6874 3281 8556 6878 8213 6936 1285 0 9566 2414 2476 4299 528 6700 3443 2586 2340 3593 6041 5627 2265 1378 5354 2528 1202 506 1232 3667 8857 7517 7068 2848 3481 2644 4884 1991 988 2164 7296 7266 5076 7944 3663 3476 1910 6714 3330 5167 3916 2392 4298 3096 7084 3821 6397 7002 5381 2962 3455 6017 5598 4558 1310 7611 4275 5655 7389 4971 1995 7215 4723 6773 2769 6736 2881 3849 7082 3150 7298 6160 1552 2436 6074 2415 3289 3482 5381 2613 3800 5151 6732 2803 6249 2007 2925 3010 6154 4444 6647 667 3224 6388 9735 3815 2987 1735 5068 6265 5485 5339 5389 4863 7172 5201 5584 6739 6478 7113 2071 4549 6011 6942 7263 6417 7817 6135 8477 6073 3924 6286 6201 5644 6862 3851 6029 2494 6420 6346 2729 4202 4415 3565 4450 3995 6698 4348 5481 5783 3769 4468 8681 3601 2628 6561 3095 7237 1768 1159 6183 6198 8551 4467 6841 3661 5534 1795 5492 3745 6621 6092
7496 9862 7470 9995 6252 10728 9341 6670 8788 10983 8105 9003 12221 6294 7104 4388 8433 11615 12578 6923 9648 9939 9232 3496 9402 9060 3802 6943 2676 4090 4518 3414 12645 1018 2735 1585 8611 10474 9566 0 11868 7140 6792 9039 6551 6382 7242 7321 9370 6694 7291 8505 9197 5165 10395 8638 9719 8592 8128 972 4277 4050 11461 7697 8852 6873 11274 8610 7414 5871 8965 7331 1635 10874 7393 9317 3851 7878 4882 5798 10613 8533 12304 9691 6961 4273 2845 6724 12517 9831 4660 4535 5851 9215 4092 9656 6045 3910 6471 11467 4247 5687 3720 12328 5652 9731 7883 4230 6577 7605 7423 10977 10855 3819 8958 7300 9416 9129 11652 13250 8845 4343 8376 3330 9398 8969 10448 3547 8684 3777 9138 7434 8051 258 9717 7762 11289 8384 8568 4415 4957 4656 5063 3606 6083 8711 2904 7493 7955 8520 6497 3651 8683 8654 7793 9418 5973 1589 8049 8256 3593 4040 6984 8664 5903 4220 8653 3166 3328 9760 10445 8600 9738 7616 8722 2868 8056 4234 9060 10259 8119 1333 6008 9343 7940 8604 3268 7800 10365 8334 5112 1083 5916 8698 5905 6524 7944 9808 6120 6990 7644
5180 3727 9718 2249 6309 2557 8481 7072 4111 2327 3886 6098 1697 6054 6087 7804 6369 2147 2334 5209 8107 3079 2764 8674 4168 4306 8191 5568 10191 7988 7355 8970 2235 10852 9147 10452 8903 2254 2414 11868 0 4729 6624 2923 8964 5555 4999 4548 5322 7437 7814 4447 2779 7293 2409 3234 2496 3280 4857 11202 9921 9480 3184 4930 3699 7161 2017 3399 4542 9619 9179 6363 10235 4680 5775 2907 8740 5542 7244 6317 2060 6273 2469 8837 6159 8811 9201 6837 850 3718 8428 8011 6961 3394 10019 4611 7283 9801 7296 1523 9622 7129 8819 762 9081 3272 6011 8986 5315 9434 8318 893 1836 8234 4400 4997 5197 7193 2560 2341 5849 9142 4102 8583 3842 3823 2834 8380 6374 8700 2734 5543 8444 12049 5407 5267 1170 5958 7058 7625 7345 7477 7273 9189 6889 6326 9094 8623 9195 3595 6895 8379 8896 9233 8517 9673 7726 10685 7044 5990 8457 8613 7875 8817 6258 8088 4585 8757 8713 3123 5504 5264 3880 6627 5928 9006 6438 7691 6391 3748 5523 11045 5981 4419 7560 5128 9648 4106 2262 8185 8589 10881 6382 8789 5984 7033 3929 7118 5844 8835 8216
2120 3605 6673 2992 2453 4038 6591 3807 2734 4160 1182 4509 5223 2071 2876 3273 4294 4744 5681 1229 6485 3403 2212 4027 3397 3234 3530 1962 5597 3340 2626 4414 5718 6124 4426 5748 6531 3579 2476 7140 4729 0 3260 1963 5574 1053 1411 231 4213 4225 4854 2579 2162 3017 3608 1511 2736 1464 2660 6483 5684 5146 4929 2174 2434 3930 4371 1621 681 5920 6935 3527 5508 5099 2780 2464 4283 3010 2731 1869 3724 4287 5470 7053 2832 4461 4527 3576 5388 3664 4159 3577 2954 2603 5734 4079 3618 5454 3809 4455 5359 3065 4332 5203 5297 3270 3506 4721 721 6486 5401 3838 3925 3600 3084 1642 4161 5466 4896 6265 4303 4864 2132 3862 3160 2713 3854 3683 4490 4205 1999 2534 5852 7320 4572 2570 4210 4012 5108 3017 2947 2944 2841 4742 3140 4596 4388 5715 6446 1754 3357 3698 6563 6821 5777 7545 4097 6005 4742 3808 3811 4137 4735 6489 1876 3589 2895 4038 4026 3213 5228 3579 3667 3909 4144 4277 4064 3006 4912 4125 3358 6340 1427 3517 5135 3338 5120 755 3454 5788 4541 6154 2212 6484 1278 3656 833 5858 1344 5658 5429
1482 3430 3439 4378 5186 6933 3545 6598 5974 4877 3095 2242 6246 4832 538 4832 1711 5492 6397 2037 3579 6454 4998 3352 2902 6482 4560 1322 4339 2935 3337 5564 6504 5936 4722 5957 3324 4556 4299 6792 6624 3260 0 3889 2431 3776 1967 3458 2588 6977 1597 2229 4933 5136 6467 4179 4128 4144 5909 5873 3484 3199 5012 5402 5620 671 5241 3431 2779 3000 3742 6549 5437 4130 857 5413 5716 1227 4538 1944 6464 1791 6063 4009 485 2661 5196 6410 6964 6832 2233 2265 1004 3256 3623 7327 6195 3501 673 5607 3236 1137 5685 6766 2460 6368 1093 6409 3545 3235 2141 5823 6588 4723 2488 4833 2645 2699 5384 7162 7528 2828 5375 3817 3051 5920 6831 4451 1971 5569 4323 1081 2623 6871 2926 1369 5637 7201 8219 4451 4899 4616 1929 6089 5765 7781 4007 2455 3187 4876 321 3342 3364 3595 2525 4357 6604 6334 7792 1465 4817 2763 1481 3295 1824 5120 2206 3913 3596 6277 3653 6823 6859 939 1936 4339 1335 4114 8116 7276 6561 5577 2282 2760 8112 1924 3699 3204 4493 2616 2107 5713 4751 3297 2779 6413 3802 3298 3885 2435 2179
2406 2236 7215 1043 4117 3175 6468 5273 3010 2272 964 4079 3260 3773 3362 5224 4128 2817 3734 2288 6216 2902 1384 5766 2315 3479 5492 2705 7270 5083 4527 6373 3763 8030 6353 7690 6671 1673 528 9039 2923 1963 3889 0 6309 2954 2098 1841 3480 5690 5281 1996 1322 4888 2710 864 813 877 3424 8329 7035 6575 3168 3173 2503 4497 2437 482 1637 6873 7018 4766 7417 3778 3092 1884 6224 3003 4674 3397 2636 4066 3544 6894 3405 5900 6485 5025 3489 3464 5526 5090 4082 1217 7124 4222 5256 6895 4555 2492 6729 4243 6280 3296 6300 2903 3538 6614 2651 6964 5824 2045 2727 5564 2252 2913 3380 5193 3015 4302 4983 6243 2575 5721 1954 2806 3153 5635 4228 6153 529 2830 6093 9207 3744 2625 2257 4856 6051 4979 4859 4893 4351 6683 4793 5395 6212 6144 6803 1834 4122 5485 6683 6994 6104 7585 5739 7958 5821 3660 5774 5691 5276 6603 3336 5535 2267 5892 5820 2765 4212 4232 3554 4122 3787 6171 4063 4965 5622 3824 4231 8155 3076 2541 6295 2871 6725 1243 1545 5912 5730 8023 4013 6584 3135 5165 1337 5366 3257 6256 5771
3906 5491 1214 6718 7119 9361 2822 8461 8307 7027 5525 3445 8388 6812 2948 6230 2915 7599 8429 4394 3193 8864 7425 3834 4965 8805 5730 3723 3878 3857 4740 6587 8553 5966 5389 6278 2060 6803 6700 6551 8964 5574 2431 6309 0 5875 4378 5788 4165 8794 1265 4518 7360 6771 8895 6605 6485 6568 8152 5580 2319 2513 6927 7624 7989 1816 7405 5858 5169 885 2424 8567 5661 5669 3224 7830 6884 3423 6123 3902 8895 3037 8073 3146 2916 2522 5992 8311 9226 9212 2330 2958 2675 5570 2510 9648 7957 2643 1790 7822 2304 2617 6810 9031 901 8768 2984 7631 5712 1178 1019 8198 9017 5905 4628 7039 4273 2978 7414 9212 9710 2275 7705 4555 5211 8278 9253 5497 3063 6721 6753 3480 1548 6537 4355 3716 7917 9343 10261 5868 6487 6118 3267 7147 7589 9908 4424 971 1437 7260 2245 4074 2132 2124 1282 2925 8294 6675 9791 3111 5909 2994 1108 2114 3830 6447 4400 4556 4150 8683 4898 9046 9228 2377 3379 4961 2679 5449 10262 9664 8732 5217 4346 4755 10041 3925 3334 5613 6759 1885 1675 5589 6638 2149 4793 8266 6193 3632 5903 445 1249
2934 4649 7042 3996 1491 4430 7268 2901 2714 5192 2234 5355 6203 1109 3505 2281 5065 5764 6688 1936 7219 3687 2855 3583 4416 3143 2639 2618 5167 2935 1997 3442 6717 5365 3647 4913 7100 4604 3443 6382 5555 1053 3776 2954 5875 0 2233 1118 5148 3307 5354 3559 2822 1965 4057 2340 3751 2297 2343 5815 5557 4974 5980 1803 2604 4417 5386 2656 1686 6073 7518 2774 4750 6124 3494 2947 3271 3813 1725 1973 4248 5077 6491 7734 3425 4315 3649 2689 6270 3761 4097 3425 3202 3655 5572 3943 2628 5258 4210 5437 5229 3261 3330 6093 5444 3506 4256 3675 337 6895 5877 4679 4483 2680 4077 1223 5107 6229 5932 7243 3837 4750 2169 3243 4197 2803 4184 2846 5285 3205 2888 3284 6396 6581 5518 3399 5158 3469 4445 2072 1908 1949 2771 3730 2155 4040 3805 6176 6916 2150 3789 3204 7140 7367 6284 8133 3097 5133 4017 4599 2902 3900 5184 7071 2049 2586 3863 3420 3504 3498 6200 3195 3718 4562 4983 3576 4789 2154 4389 4227 2859 5721 1535 4518 4351 4247 4780 1800 4478 6386 4597 5458 1177 7072 1087 2732 1662 6682 303 6033 5943
715 2720 5405 2858 3723 4990 5183 5127 4040 3743 1185 3131 5018 3340 1515 4045 2886 4378 5340 360 5075 4488 3053 3821 2357 4551 4070 656 5250 3168 2893 5065 5412 6263 4692 6045 5151 3256 2586 7242 4999 1411 1967 2098 4378 2233 0 1569 2927 5537 3525 1431 2990 4037 4527 2232 2580 2194 4054 6452 4937 4482 4262 3582 3664 2631 4046 1616 825 4852 5548 4914 5672 4043 1378 3452 5055 1606 3582 1445 4550 2884 5062 5644 1499 3812 4969 4907 5489 4869 3431 3031 1987 1972 5027 5393 4855 4803 2589 4285 4631 2146 5070 5291 4257 4401 2095 5620 1921 5193 4078 4136 4694 4189 1956 3052 2895 4059 4411 6031 5707 4147 3447 3926 2242 3967 4874 4111 3088 4942 2451 1125 4486 7384 3302 1175 4182 5422 6516 3708 3884 3746 2313 5495 4385 6006 4346 4398 5114 2913 2135 3599 5180 5449 4431 6155 5318 6363 6140 2403 4361 3636 3443 5105 1347 4369 1697 4082 3930 4310 4005 4974 4900 2515 2760 4426 2654 3534 6319 5310 4767 6238 1303 2400 6518 2019 4677 1237 3155 4400 3640 6184 3385 5098 1639 4962 1839 4470 2450 4402 4083
2268 3606 6880 2880 2432 3808 6750 3750 2522 4075 1151 4629 5098 2057 3059 3383 4437 4646 5573 1421 6631 3172 1992 4243 3431 3026 3676 2150 5816 3557 2816 4534 5604 6305 4600 5913 6711 3486 2340 7321 4548 231 3458 1841 5788 1118 1569 0 4298 4171 5049 2649 1944 3074 3379 1317 2633 1271 2485 6678 5915 5376 4877 2017 2210 4129 4269 1542 782 6144 7112 3426 5688 5120 2947 2235 4384 3151 2833 2100 3499 4425 5374 7211 3021 4691 4679 3514 5223 3439 4390 3807 3179 2579 5965 3871 3599 5684 4018 4331 5590 3292 4438 5040 5522 3041 3658 4792 810 6689 5597 3659 3702 3738 3140 1512 4240 5607 4815 6139 4138 5095 1921 4060 3174 2492 3623 3843 4626 4312 1828 2694 6037 7505 4650 2708 4068 3862 4977 3145 3026 3052 3071 4842 3122 4445 4591 5913 6641 1524 3565 3908 6742 7005 5968 7720 4082 6161 4626 3947 3953 4365 4937 6668 2106 3694 2969 4236 4235 2983 5289 3405 3446 4082 4267 4464 4220 3160 4753 3899 3204 6542 1657 3565 5033 3439 5345 706 3360 5964 4770 6345 2235 6661 1490 3607 626 5980 1419 5866 5620
2274 1596 4606 3287 6631 6569 3163 8015 6393 3091 3294 800 4376 6246 2283 6883 1251 3576 4320 3260 2822 6378 4864 5899 1220 6890 6786 2757 6920 5407 5544 7805 4454 8491 7161 8454 3606 3072 3593 9370 5322 4213 2588 3480 4165 5148 2927 4298 0 8431 2900 1660 4802 6952 6120 4213 3165 4202 6641 8458 5916 5724 2786 6252 5914 2696 3465 3250 3533 4994 3861 7725 7967 1569 2033 5363 7864 1550 6462 3977 5977 1129 3958 3540 2427 5234 7566 7787 5368 6942 4808 4834 3524 2291 6077 7672 7776 6008 3042 3942 5712 3684 7861 5188 4635 6383 1497 8480 4824 4296 3283 4748 5997 6928 1242 5800 127 1871 3326 5104 8287 5355 5874 6282 1593 6227 6595 6752 1143 7736 4009 2087 3233 9454 382 1836 4167 8079 9236 6523 6783 6604 4381 8283 7302 8651 6540 3543 3990 5176 2897 5837 3594 3935 3362 4351 8242 8817 8913 1164 7067 5350 3087 3516 3842 7200 1337 6399 6119 6245 1123 7530 7027 1917 787 6810 1518 6276 8924 7303 7423 8165 4074 967 9330 914 6278 3679 3080 2928 4582 8288 6310 3484 4505 7858 4258 1899 5376 3894 3120
6241 7747 10003 6663 1819 5285 10514 422 3342 7920 5293 8663 8607 2198 6771 2817 8364 8386 9199 5243 10497 4515 4833 5504 7601 3279 3509 5910 6802 5122 4101 3342 9185 5856 4528 5141 10268 7324 6041 6694 7437 4225 6977 5690 8794 3307 5537 4171 8431 0 8496 6805 4846 2078 5174 4849 6484 4826 2581 6594 7826 7222 8857 2582 3740 7577 8009 5578 4906 8782 10693 1087 5386 9281 6788 4555 2878 7120 2718 5049 5507 8380 9091 10980 6677 6697 4062 666 8274 4064 6649 5939 6233 6693 7772 3484 851 7424 7308 7898 7527 6237 3012 8143 8183 4290 7553 2495 3616 9907 8985 6722 5772 3373 7306 2781 8382 9522 8652 9579 2326 7131 3370 4819 7333 3627 4949 3842 8588 2985 5376 6587 9555 6948 8794 6705 7505 1912 1880 3089 2379 2789 5527 3089 1217 2073 5307 9261 9995 4019 6932 5117 10315 10511 9411 11305 723 5112 1355 7904 3520 6183 8287 10250 5160 2770 7119 4937 5258 4408 9453 2422 3914 7821 8290 4777 8077 3520 2395 4344 2010 6691 4698 7735 1345 7540 6700 4855 7196 9588 7271 6189 2227 10256 4200 575 4413 9988 3126 9033 9083
2938 4260 1935 5583 6730 8411 2193 8129 7557 5804 4587 2185 7156 6387 2011 6169 1649 6363 7177 3628 2396 7980 6490 4163 3741 8067 5784 2901 4639 3970 4641 6736 7304 6579 5692 6766 1774 5614 5627 7291 7814 4854 1597 5281 1265 5354 3525 5049 2900 8496 0 3386 6425 6577 7942 5683 5366 5651 7505 6323 3286 3285 5668 6999 7188 937 6184 4857 4348 2114 2201 8120 6180 4408 2214 6929 6961 2298 5951 3450 7907 1772 6820 2627 2031 3034 6246 7952 8030 8389 2693 3110 2280 4431 3469 8910 7691 3503 1196 6614 3168 2310 6909 7837 1861 7907 1803 7688 5134 1688 554 7081 8007 5957 3431 6429 3009 1873 6165 7962 9124 2959 6960 4795 4010 7492 8333 5612 1803 6804 5757 2485 1060 7315 3093 2656 6736 8794 9798 5789 6318 5995 3122 7286 7279 9373 4814 876 1593 6436 1570 4294 1824 2019 931 2811 8078 7161 9363 1872 6009 3379 307 1764 3345 6430 3229 4842 4461 7808 3657 8420 8424 1187 2115 5273 1429 5407 9710 8826 8156 5980 3835 3522 9666 2712 4024 4750 5579 1163 2178 6261 6278 1774 4324 7940 5363 2555 5443 1029 590
1010 1357 5312 2203 5023 5171 4477 6386 4770 2666 1641 2122 4028 4638 1705 5476 2131 3293 4224 1791 4245 4872 3340 5021 933 5274 5489 1563 6309 4419 4290 6491 4321 7554 6050 7394 4681 2327 2265 8505 4447 2579 2229 1996 4518 3559 1431 2649 1660 6805 3386 0 3275 5439 4706 2620 1980 2603 4987 7664 5677 5329 2962 4592 4306 2720 3022 1668 1899 5191 5023 6071 6981 2613 1373 3827 6486 1096 5007 2763 4620 2071 3907 4909 1806 4717 6365 6154 4741 5391 4296 4081 2814 1052 5804 6075 6180 5644 2888 3377 5409 2993 6501 4543 4680 4849 1590 7047 3227 5043 3909 3696 4689 5613 528 4143 1594 3214 3230 4971 6638 4965 4234 5237 898 4621 5147 5514 2238 6372 2516 1191 4123 8627 2003 867 3418 6421 7577 5139 5301 5174 3453 6925 5704 6995 5603 4223 4849 3555 2528 4860 4691 5006 4154 5589 6654 7727 7255 1667 5779 4670 3431 4611 2642 5800 323 5381 5177 4722 2649 5881 5462 2200 1805 5754 2083 4956 7272 5780 5764 7417 2715 973 7675 889 5693 2019 2267 3924 4303 7430 4734 4591 3069 6235 2603 3453 3808 4398 3832
3489 3518 8345 1968 3548 2001 7751 4452 1789 3177 1842 5384 3762 3279 4437 5036 5395 3574 4354 3044 7517 1596 66 6187 3635 2215 5457 3645 7759 5501 4730 6200 4338 8179 6462 7734 7906 2611 1378 9197 2779 2162 4933 1322 7360 2822 2990 1944 4802 4846 6425 3275 0 4514 1537 758 1883 797 2355 8594 7783 7267 4189 2267 1273 5581 3205 1614 2258 7838 8268 3825 7563 5030 4211 562 5962 4207 4478 3981 1585 5342 4261 8185 4451 6580 6466 4206 3555 2141 6252 5711 4918 2534 7847 2916 4577 7580 5574 3055 7462 5058 6042 3397 7236 1582 4752 6213 2623 8112 6976 1948 1768 5488 3569 2236 4702 6488 3876 4747 3779 6967 1498 5983 3270 1547 1909 5668 5512 5924 799 3940 7299 9391 5066 3795 2659 3716 4909 4875 4567 4712 4966 6410 4157 4218 6524 7299 7985 843 5122 5851 7922 8225 7288 8847 5039 7949 4746 4915 5713 6284 6383 7843 3962 5315 3564 6160 6175 1449 5519 3050 2233 5305 5079 6363 5297 4976 4409 2508 3138 8471 3565 3863 5243 4161 7279 1784 2492 7144 6564 8250 3603 7828 3435 4382 1334 6683 3100 7357 6947
4681 6594 7984 5930 1104 5699 8674 1827 3687 7145 4199 7044 8104 1252 5020 828 6667 7704 8614 3694 8711 4889 4529 3438 6330 3912 1529 4248 4804 3045 2040 1807 8635 4210 2646 3585 8349 6552 5354 5165 7293 3017 5136 4888 6771 1965 4037 3074 6952 2078 6577 5439 4514 0 5425 4191 5694 4153 2983 4855 5753 5147 7945 2599 3841 5686 7324 4615 3625 6718 8776 2277 3654 8039 5103 4463 1478 5503 650 3196 5692 6702 8432 9135 4908 4620 2331 1765 8061 4701 4581 3876 4297 5616 5703 4492 1228 5356 5381 7344 5451 4276 1577 7896 6126 4670 5863 1728 2296 7906 7038 6453 5952 1433 5965 2327 6927 7785 7886 9136 3775 5054 3364 2778 6134 3901 5394 1864 6909 1475 4755 4946 7635 5400 7331 5133 7033 3315 3815 1024 302 717 3517 1908 1009 3739 3297 7298 8023 3709 5043 3046 8401 8573 7472 9382 1523 3688 3290 6243 1632 4105 6345 8341 3323 946 5726 2910 3205 4724 8042 3446 4597 6035 6672 2813 6343 1448 4110 5113 2970 4882 2937 6411 3405 6038 4651 3764 6425 7705 5212 4454 911 8350 2464 1635 3560 8314 1674 7034 7155
5012 4679 9867 2936 4347 469 9170 4843 1848 3878 3372 6767 3928 4184 5965 6079 6837 4054 4582 4574 8903 680 1474 7578 4910 1934 6598 5182 9162 6900 6044 7210 4515 9386 7673 8874 9378 3439 2528 10395 2409 3608 6467 2710 8895 4057 4527 3379 6120 5174 7942 4706 1537 5425 0 2295 2983 2333 2629 9868 9281 8751 4918 2854 1585 7110 3754 3091 3785 9374 9728 4087 8776 6071 5729 1145 6903 5695 5543 5466 351 6774 4611 9591 5983 8065 7588 4623 3256 1310 7752 7185 6446 3831 9337 2211 5154 9061 7110 3413 8958 6582 7001 3168 8770 892 6235 7013 3934 9629 8491 1977 604 6599 4926 3121 6010 7888 4438 4730 3441 8463 2061 7297 4535 1579 511 6849 6932 6896 2199 5460 8791 10605 6341 5296 2945 3571 4651 5990 5549 5776 6446 7325 4821 3919 7854 8813 9489 1916 6659 7220 9391 9701 8790 10294 5557 9045 4657 6369 6827 7743 7909 9311 5458 6318 4970 7474 7534 766 6695 2885 1472 6805 6488 7629 6769 6167 3983 1411 3192 9778 5033 5156 5172 5575 8714 3315 3353 8618 8086 9505 4553 9293 4841 4835 2813 8019 4292 8885 8453
2745 3079 7597 1818 3339 2758 7073 4435 2191 3076 1096 4742 3916 3017 3688 4616 4711 3574 4447 2292 6862 2303 821 5525 3103 2680 4965 2888 7083 4836 4132 5780 4458 7621 5914 7219 7194 2477 1202 8638 3234 1511 4179 864 6605 2340 2232 1317 4213 4849 5683 2620 758 4191 2295 0 1636 47 2563 7993 7047 6541 4012 2313 1702 4830 3193 963 1510 7080 7563 3908 7004 4629 3470 1248 5587 3493 4056 3263 2332 4665 4295 7514 3698 5855 5973 4187 3930 2777 5517 4995 4166 2031 7116 3462 4453 6856 4817 3161 6729 4308 5654 3753 6479 2251 4038 5918 2084 7369 6236 2348 2498 5016 2971 2087 4123 5829 3813 4945 4141 6235 1721 5373 2759 2014 2654 5147 4843 5532 564 3199 6575 8823 4505 3071 2842 3999 5193 4411 4198 4285 4248 6043 4000 4544 5899 6558 7251 986 4365 5204 7213 7509 6555 8149 4933 7457 4958 4224 5235 5576 5635 7134 3235 4914 2925 5549 5534 2138 5020 3386 2843 4577 4421 5781 4591 4460 4781 3182 3370 7851 2864 3310 5431 3508 6584 1033 2349 6431 5815 7662 3293 7120 2786 4335 695 6066 2638 6607 6212
2688 1699 7290 279 4929 3420 6285 6070 3663 1459 1624 3862 2511 4586 3591 6008 4025 2013 2946 2842 5978 3329 1932 6372 1946 4098 6246 3102 7829 5701 5231 7148 2985 8717 7065 8411 6592 861 506 9719 2496 2736 4128 813 6485 3751 2580 2633 3165 6484 5366 1980 1883 5694 2983 1636 0 1658 4153 8976 7450 7031 2377 3943 3146 4675 1636 1128 2314 7125 6908 5540 8110 3160 3282 2415 7015 3073 5462 3982 2818 3944 2741 6685 3663 6373 7229 5822 2912 3954 5978 5611 4495 945 7556 4779 6066 7352 4800 1750 7158 4667 7066 2713 6585 3379 3567 7419 3440 7018 5887 1716 2832 6326 2040 3715 3050 4988 2202 3551 5653 6684 3291 6390 1573 3430 3476 6372 4076 6939 1145 3047 6073 9877 3364 2776 1602 5563 6760 5751 5658 5678 4892 7473 5604 6083 6857 6199 6810 2553 4399 6118 6595 6922 6119 7445 6548 8691 6559 3600 6531 6216 5407 6515 3903 6323 2164 6557 6453 3226 3719 4914 4066 4180 3624 6859 4036 5713 6286 4258 4956 8782 3715 2199 7042 2749 7258 1990 732 5848 6106 8685 4824 6491 3839 5966 2150 5061 4052 6377 5803
2713 3083 7564 1845 3307 2796 7052 4411 2196 3102 1065 4725 3952 2982 3654 4574 4689 3605 4481 2250 6843 2332 860 5478 3099 2688 4921 2850 7036 4789 4086 5737 4493 7575 5868 7174 7167 2503 1232 8592 3280 1464 4144 877 6568 2297 2194 1271 4202 4826 5651 2603 797 4153 2333 47 1658 0 2555 7946 7003 6496 4033 2296 1712 4795 3223 952 1467 7041 7538 3890 6958 4634 3439 1278 5546 3467 4014 3217 2374 4644 4326 7494 3663 5810 5929 4163 3974 2799 5473 4949 4124 2032 7071 3475 4424 6811 4780 3197 6685 4266 5613 3796 6439 2277 4012 5880 2039 7336 6204 2394 2542 4972 2961 2061 4113 5809 3840 4983 4141 6190 1718 5326 2757 2025 2688 5102 4823 5490 602 3167 6546 8776 4497 3043 2881 3994 5186 4368 4158 4243 4202 6003 3969 4541 5852 6526 7220 987 4328 5157 7186 7482 6525 8124 4904 7413 4947 4202 5191 5530 5601 7108 3190 4872 2910 5502 5487 2165 5017 3384 2863 4548 4403 5735 4566 4415 4780 3207 3362 7805 2818 3304 5418 3491 6538 990 2375 6405 5772 7615 3255 7094 2739 4310 650 6051 2595 6572 6182
4747 5635 9288 4285 1881 2808 9233 2226 780 5521 3347 7059 6078 1860 5536 3741 6906 5928 6689 3888 9102 2003 2329 5812 5615 932 4365 4622 7364 5207 4185 4788 6664 7152 5498 6557 9191 4942 3667 8128 4857 2660 5909 3424 8152 2343 4054 2485 6641 2581 7505 4987 2355 2983 2629 2563 4153 2555 0 7739 7887 7297 6514 540 1163 6575 5560 3460 3250 8400 9594 1509 6569 7188 5432 1993 4427 5622 3271 4276 2948 6888 6611 9693 5490 6647 5284 1999 5695 1721 6439 5762 5482 4577 7895 1628 2532 7573 6425 5396 7560 5561 4539 5567 7771 1775 6138 4440 2448 9117 8049 4158 3216 4322 5418 1125 6566 8072 6229 7026 1661 7085 865 5344 5289 1055 2483 4665 7085 4447 3008 5179 8511 8358 6965 5177 4981 1445 2632 3756 3172 3486 5114 4818 2232 2010 5912 8360 9094 1600 5982 5414 9223 9481 8431 10204 2928 6671 2406 6414 4543 6215 7374 9149 4332 3923 5309 5511 5680 1869 7533 920 1614 6566 6706 5557 6701 4043 2288 2132 807 7715 3818 5800 2895 5838 7042 2983 4819 8447 6936 7349 2231 9144 3416 2208 2384 8410 2425 8273 8084
6654 9018 6514 9254 5895 10227 8368 6509 8350 10194 7379 8066 11461 5880 6207 4037 7493 10829 11791 6149 8677 9456 8634 2645 8545 8665 3376 6107 1704 3285 3865 3252 11864 810 2241 1549 7640 9704 8857 972 11202 6483 5873 8329 5580 5815 6452 6678 8458 6594 6323 7664 8594 4855 9868 7993 8976 7946 7739 0 3318 3078 10625 7273 8363 5925 10498 7885 6694 4911 7996 7103 1213 9978 6506 8761 3718 6986 4468 5010 10063 7595 11506 8720 6066 3314 2552 6528 11818 9408 3710 3634 4954 8420 3135 9317 5869 2942 5526 10715 3277 4785 3584 11626 4681 9257 6966 4241 5975 6642 6451 10310 10296 3435 8101 6828 8509 8167 10846 12481 8617 3372 7895 2620 8561 8508 9962 3074 7742 3610 8469 6563 7079 1002 8799 6895 10563 8155 8473 3983 4610 4259 4211 3583 5831 8534 2119 6521 6988 7965 5572 2859 7712 7686 6820 8455 5875 1779 7943 7332 3225 3111 6016 7693 5105 3934 7795 2446 2525 9272 9522 8295 9327 6677 7794 2240 7118 3724 8895 9851 7822 370 5263 8473 7896 7714 2299 7104 9599 7362 4145 406 5508 7726 5219 6346 7304 8847 5577 6018 6672
4778 6914 3197 7718 6424 9720 5141 7573 8251 8342 6103 5338 9705 6212 3981 5032 4754 8964 9879 4779 5499 9079 7840 2330 6386 8697 4385 4353 1658 2750 3813 5012 9983 3806 3676 4245 4364 7982 7517 4277 9921 5684 3484 7035 2319 5557 4937 5915 5916 7826 3286 5677 7783 5753 9281 7047 7450 7003 7887 3318 0 608 8490 7349 8059 3221 8700 6552 5540 1594 4701 7884 3619 7485 4315 8143 5401 4710 5129 3816 9368 4873 9546 5459 3872 1243 4299 7481 10350 9270 1531 2137 2960 6656 191 9499 6979 448 2898 9039 328 2793 5298 10150 1456 8933 4474 6135 5525 3328 3275 9068 9545 4547 5971 6778 5999 5154 8867 10639 9242 820 7676 3057 6528 8303 9537 4078 4969 5240 7362 4488 3861 4244 6193 4812 9023 8817 9530 4737 5451 5038 2848 5550 6715 9332 2691 3286 3687 7432 3168 2710 4437 4386 3596 5141 7209 4628 9016 4756 4470 1689 3000 4425 3823 5154 5685 2977 2603 8888 6844 8688 9245 4000 5154 3281 4419 4307 9704 9738 8290 2949 4260 6236 9157 5388 1283 6017 7907 4180 1378 3384 5933 4462 4537 7377 6469 5833 5464 2764 3507
4389 6608 3535 7303 5818 9184 5291 6966 7677 7992 5630 5207 9345 5609 3661 4432 4621 8621 9551 4298 5606 8529 7323 1734 6088 8117 3794 3930 1374 2143 3207 4455 9649 3459 3135 3822 4570 7603 7068 4050 9480 5146 3199 6575 2513 4974 4482 5376 5724 7222 3285 5329 7267 5147 8751 6541 7031 6496 7297 3078 608 0 8204 6760 7498 3047 8341 6093 5042 1945 4937 7277 3196 7290 3993 7609 4832 4420 4522 3287 8850 4735 9226 5644 3540 687 3760 6874 9941 8703 1053 1573 2543 6273 598 8913 6374 321 2683 8659 313 2368 4732 9742 1612 8378 4246 5571 4955 3620 3376 8617 9033 3958 5661 6193 5797 5153 8547 10300 8639 371 7106 2470 6201 7736 8994 3492 4852 4669 6879 4140 4001 4052 6025 4472 8619 8213 8923 4134 4845 4433 2306 5000 6108 8727 2141 3444 3939 6886 2879 2107 4641 4633 3743 5421 6609 4213 8409 4561 3889 1087 2983 4620 3306 4562 5366 2401 2016 8338 6706 8091 8674 3831 4988 2728 4265 3702 9098 9171 7690 2721 3719 5957 8552 5123 831 5517 7522 4288 1154 3076 5328 4652 3971 6771 5944 5836 4873 2947 3600
3971 1612 7385 2230 7261 5266 5704 8440 5976 1045 3747 3568 1754 6904 4546 8157 4029 1047 1549 4609 5262 5427 4228 7982 2118 6373 8287 4521 9252 7372 7149 9251 1691 10501 8954 10306 6296 1579 2848 11461 3184 4929 5012 3168 6927 5980 4262 4877 2786 8857 5668 2962 4189 7945 4918 4012 2377 4033 6514 10625 8490 8204 0 6320 5461 5320 1205 3343 4363 7730 6490 7916 9920 1603 4217 4671 9177 3786 7635 5684 4646 3909 1185 5990 4672 7627 9218 8193 2906 6094 7199 7035 5745 2355 8634 6974 8412 8510 5600 1668 8248 5924 9212 2765 7319 5530 4041 9647 5650 7072 6068 3018 4544 8391 2553 6081 2669 4502 655 2327 7960 7834 5650 8172 2065 5723 5428 8357 3927 9083 3512 4102 5997 11587 2692 3764 2094 7904 9099 7859 7872 7834 6415 9631 7944 8405 8558 6328 6748 4919 5331 7812 6272 6615 6140 6897 8896 10625 8920 3830 8578 7617 5831 6198 5571 8479 2856 8322 8133 5367 2515 7238 6229 4592 3556 8681 4249 7747 8584 6312 7313 10378 5559 2254 9409 3104 8628 4180 1698 5671 7116 10388 7110 6162 5822 8332 4478 4245 6273 6675 5906
4285 5334 8766 4104 1502 3103 8764 2185 1094 5359 2967 6632 6028 1403 5045 3315 6454 5809 6617 3394 8648 2292 2256 5288 5272 1405 3910 4129 6848 4677 3663 4403 6604 6708 5034 6137 8698 4766 3481 7697 4930 2174 5402 3173 7624 1803 3582 2017 6252 2582 6999 4592 2267 2599 2854 2313 3943 2296 540 7273 7349 6760 6320 0 1279 6066 5433 3142 2795 7863 9104 1596 6117 6888 4955 2023 4069 5168 2818 3740 3144 6441 6510 9226 4993 6109 4855 1940 5750 2138 5899 5222 4952 4270 7358 2157 2354 7037 5906 5316 7021 5027 4174 5608 7234 2071 5674 4159 1914 8599 7539 4170 3410 3879 5045 587 6182 7624 6084 7009 2131 6546 830 4839 4962 1303 2795 4199 6640 4074 2814 4707 8012 7921 6587 4724 4926 1846 2985 3296 2757 3041 4574 4481 1981 2428 5408 7848 8585 1437 5466 4893 8732 8984 7927 9716 2798 6271 2683 5964 4104 5679 6860 8658 3800 3522 4915 5008 5165 2131 7181 1425 2055 6083 6274 5072 6235 3559 2738 2578 1187 7236 3284 5443 3136 5424 6515 2574 4640 7958 6397 6888 1781 8654 2877 2120 2010 7985 1889 7752 7580
4288 4738 9058 3240 2763 1878 8720 3373 517 4444 2702 6426 4926 2603 5178 4507 6359 4813 5544 3597 8532 1093 1233 6184 4799 979 5050 4298 7770 5527 4598 5630 5514 7848 6145 7316 8783 3882 2644 8852 3699 2434 5620 2503 7989 2604 3664 2210 5914 3740 7188 4306 1273 3841 1585 1702 3146 1712 1163 8363 8059 7498 5461 1279 0 6289 4452 2664 2843 8354 9167 2673 7244 6271 5010 837 5319 5106 3980 4275 1866 6322 5481 9169 5161 6821 6028 3139 4535 1229 6551 5927 5389 3713 8094 1771 3616 7796 6209 4259 7732 5499 5418 4404 7731 902 5646 5436 2553 8854 7742 2996 2131 5041 4672 1553 5824 7497 5132 5865 2508 7241 480 5834 4448 315 1600 5314 6507 5313 2020 4742 8136 9067 6207 4668 3834 2450 3640 4437 3970 4212 5215 5740 3258 2945 6400 8062 8777 763 5753 5808 8807 9090 8091 9764 4043 7475 3496 5868 5269 6447 7101 8730 4297 4740 4617 6009 6108 910 6709 1778 1240 6144 6096 6130 6208 4643 3140 1692 1898 8293 3816 5010 4001 5190 7368 2449 3765 8024 6965 7990 2975 8719 3528 3339 1828 7758 2803 8048 7744
2102 3794 2774 4913 5802 7578 2999 7206 6645 5299 3739 2165 6669 5456 1145 5321 1581 5894 6767 2708 3100 7113 5645 3547 3260 7152 4985 1991 4306 3242 3800 5966 6883 6078 5014 6178 2694 5031 4884 6873 7161 3930 671 4497 1816 4417 2631 4129 2696 7577 937 2720 5581 5686 7110 4830 4675 4795 6575 5925 3221 3047 5320 6066 6289 0 5672 4051 3447 2477 3117 7186 5623 4265 1408 6068 6157 1636 5070 2528 7096 1691 6421 3455 1134 2621 5533 7025 7453 7499 2216 2452 1408 3770 3381 7997 6780 3321 406 6067 3019 1475 6115 7256 2006 7030 1279 6870 4197 2565 1474 6385 7212 5154 2885 5495 2778 2332 5748 7543 8190 2683 6046 4105 3466 6589 7483 4842 1822 6004 4949 1667 1984 6927 2982 1902 6135 7857 8862 4939 5436 5129 2308 6506 6361 8436 4210 1786 2519 5543 646 3610 2739 2951 1868 3731 7176 6565 8428 1535 5226 2846 812 2674 2419 5595 2632 4177 3823 6937 3660 7488 7528 785 1943 4610 1219 4575 8774 7942 7221 5605 2903 3080 8736 2226 3666 3866 4979 2019 1896 5809 5355 2679 3394 7018 4469 2985 4511 1777 1525
3959 1927 8019 1395 6528 4083 6575 7602 4957 380 3236 4263 1006 6195 4724 7644 4621 382 1317 4353 6173 4297 3233 7866 2443 5317 7869 4460 9257 7213 6822 8781 1372 10283 8656 10007 7071 804 1991 11274 2017 4371 5241 2437 7405 5386 4046 4269 3465 8009 6184 3022 3205 7324 3754 3193 1636 3223 5560 10498 8700 8341 1205 5433 4452 5672 0 2755 3916 8145 7313 7017 9681 2665 4391 3631 8651 4044 7099 5488 3467 4512 1108 6905 4828 7714 8844 7354 1906 4971 7300 7021 5807 2092 8825 5864 7645 8658 5886 503 8429 5985 8702 1731 7667 4418 4425 9051 5076 7719 6645 1820 3352 7953 2788 5276 3339 5310 691 1986 6917 7980 4700 7946 2206 4690 4260 7985 4579 8575 2642 4212 6680 11423 3488 3889 891 6900 8084 7383 7293 7314 6336 9109 7192 7374 8388 6932 7438 3999 5546 7642 7057 7398 6785 7773 8124 10298 7945 4313 8156 7622 6297 6979 5394 7959 3045 8108 7974 4254 3508 6218 5112 5028 4155 8430 4760 7334 7527 5159 6340 10284 5271 2666 8446 3480 8659 3621 922 6388 7325 10224 6447 6947 5439 7513 3769 5167 5688 7212 6513
1952 2193 6788 1396 3925 3561 6139 5157 3147 2539 506 3786 3637 3563 2910 4893 3782 3126 4069 1811 5913 3209 1679 5306 2159 3640 5119 2227 6800 4626 4110 6027 4111 7605 5943 7287 6298 1959 988 8610 3399 1621 3431 482 5858 2656 1616 1542 3250 5578 4857 1668 1614 4615 3091 963 1128 952 3460 7885 6552 6093 3343 3142 2664 4051 2755 0 1196 6406 6656 4711 6995 3746 2653 2160 5904 2604 4352 2928 3051 3730 3851 6575 2946 5419 6101 4912 3942 3723 5044 4612 3600 1129 6642 4424 5083 6413 4094 2872 6246 3761 5952 3747 5828 3182 3147 6331 2335 6544 5404 2525 3161 5200 2009 2802 3161 4882 3277 4678 5075 5761 2649 5285 1829 2977 3508 5245 3902 5825 900 2386 5700 8773 3546 2206 2680 4905 6090 4628 4562 4564 3875 6362 4611 5463 5766 5726 6397 1932 3657 5034 6312 6617 5699 7233 5568 7565 5822 3301 5404 5214 4839 6233 2863 5210 1967 5454 5369 3057 4079 4316 3797 3714 3473 5745 3687 4586 5714 4113 4262 7703 2623 2356 6277 2557 6250 868 1835 5535 5250 7585 3769 6217 2717 5035 1165 5105 2955 5818 5362
1498 2969 6218 2587 3127 4241 5984 4488 3215 3669 692 3847 4825 2744 2339 3794 3659 4279 5233 790 5854 3697 2318 4133 2732 3726 3960 1457 5654 3448 2917 4899 5284 6409 4751 6098 5973 3113 2164 7414 4542 681 2779 1637 5169 1686 825 782 3533 4906 4348 1899 2258 3625 3785 1510 2314 1467 3250 6694 5540 5042 4363 2795 2843 3447 3916 1196 0 5597 6368 4200 5799 4438 2196 2679 4814 2374 3275 1788 3841 3645 4996 6443 2318 4358 4928 4257 5125 4054 4012 3512 2661 2011 5612 4568 4289 5359 3381 4063 5223 2800 4850 4933 4988 3599 2888 5299 1349 6011 4900 3654 4008 4052 2406 2293 3480 4829 4389 5863 4908 4730 2623 4090 2512 3144 4103 4068 3845 4721 1849 1935 5311 7578 3891 1930 3876 4641 5759 3502 3526 3471 2765 5268 3811 5223 4575 5220 5938 2097 2925 3848 6001 6273 5256 6973 4766 6382 5406 3168 4249 4103 4259 5926 1745 4116 2213 4260 4183 3516 4547 4169 4081 3335 3485 4549 3451 3422 5528 4500 3983 6518 1440 2843 5807 2662 5127 477 2995 5220 4306 6391 2862 5918 1526 4337 1025 5198 1957 5210 4908
4473 6251 1606 7370 7196 9834 3633 8478 8631 7770 6030 4298 9138 6921 3537 6097 3751 8358 9212 4808 4035 9285 7900 3516 5719 9115 5529 4201 3238 3695 4682 6300 9332 5376 5025 5766 2814 7507 7296 5871 9619 5920 3000 6873 885 6073 4852 6144 4994 8782 2114 5191 7838 6718 9374 7080 7125 7041 8400 4911 1594 1945 7730 7863 8354 2477 8145 6406 5597 0 3128 8664 5140 6520 3844 8276 6640 4113 6070 4128 9402 3874 8860 3915 3476 2178 5645 8349 9929 9583 2138 2843 2965 6236 1779 9950 7934 1987 2327 8543 1674 2859 6553 9732 629 9172 3726 7389 5955 1738 1903 8823 9542 5701 5357 7276 5097 3862 8193 9992 9897 1816 8033 4265 5940 8630 9700 5261 3916 6476 7284 4081 2393 5834 5204 4352 8609 9505 10352 5756 6423 6031 3332 6855 7603 10056 4032 1820 2112 7652 2751 3821 2887 2808 2130 3550 8231 6157 9862 3900 5672 2698 1907 2884 4082 6279 5109 4232 3827 9100 5767 9268 9585 3143 4206 4604 3486 5325 10419 10043 8921 4542 4590 5524 10071 4678 2771 6061 7454 2747 1514 4967 6705 2923 4988 8281 6607 4514 6058 1296 2132
4883 5454 1648 7073 8919 10193 842 10323 9574 6944 6483 3082 8183 8570 4060 8350 2895 7391 8034 5710 1354 9859 8334 6174 5024 10087 7933 4976 6298 6083 6823 8855 8179 8389 7730 8685 427 6925 7266 8965 9179 6935 3742 7018 2424 7518 5548 7112 3861 10693 2201 5023 8268 8776 9728 7563 6908 7538 9594 7996 4701 4937 6490 9104 9167 3117 7313 6656 6368 3128 0 10291 8073 4945 4172 8804 9108 4071 8147 5645 9641 2968 7672 864 4116 4909 8314 10142 9220 10330 4656 5193 4480 5971 4891 10923 9891 5055 3396 7798 4719 4503 9048 9042 3325 9814 3527 9843 7280 1412 1759 8567 9701 8108 4868 8548 3988 2004 7096 8800 11235 4694 8988 6860 5373 9478 10161 7739 2832 8948 7532 4435 1141 8943 3832 4502 8028 10924 11959 7972 8515 8186 5300 9411 9477 11506 6794 1556 1016 8404 3761 6364 378 326 1321 615 10279 9082 11534 3359 8144 5345 2435 447 5536 8602 4773 6884 6485 9699 4026 10514 10382 3033 3284 7304 2972 7581 11835 10745 10278 7632 6016 4769 11850 4171 5758 6721 6926 1148 4034 8013 8472 451 6509 10135 7347 2303 7623 1999 1621
5629 6902 9757 5699 1471 4202 10035 793 2259 6952 4487 8035 7573 1755 6272 3103 7794 7391 8177 4662 9969 3429 3806 5625 6807 2199 3805 5373 7060 5134 4072 3918 8156 6421 4918 5749 9872 6361 5076 7331 6363 3527 6549 4766 8567 2774 4914 3426 7725 1087 8120 6071 3825 2277 4087 3908 5540 3890 1509 7103 7884 7277 7916 1596 2673 7186 7017 4711 4200 8664 10291 0 5893 8452 6240 3499 3486 6520 2809 4695 4421 7796 8085 10501 6196 6690 4555 635 7203 2993 6573 5861 5921 5838 7855 2481 1312 7514 6962 6879 7569 5956 3614 7076 8046 3204 6992 3291 3030 9628 8637 5666 4686 3707 6550 1933 7665 8965 7673 8531 1517 7133 2331 5016 6513 2545 3867 4139 8001 3554 4409 6014 9167 7576 8074 6087 6474 1054 1694 3268 2556 2959 5338 3795 1275 1469 5553 8930 9671 3018 6552 5222 9913 10137 9049 10906 1570 5783 1243 7316 3898 6200 7941 9844 4788 3170 6393 5160 5422 3321 8698 1390 2847 7329 7668 5087 7538 3659 1842 3297 942 7149 4287 6963 1608 6862 6861 4066 6235 9161 7153 6699 1964 9845 3805 859 3556 9381 2681 8759 8710
5979 8336 6729 8385 4710 9118 8329 5296 7203 9400 6491 7677 10617 4717 5684 2843 7129 10029 10991 5342 8576 8335 7599 2087 7895 7499 2208 5422 2007 2577 2891 2046 11054 617 1105 627 7684 8879 7944 1635 10235 5508 5437 7417 5661 4750 5672 5688 7967 5386 6180 6981 7563 3654 8776 7004 8110 6958 6569 1213 3619 3196 9920 6117 7244 5623 9681 6995 5799 5140 8073 5893 0 9428 5951 7690 2514 6440 3301 4237 8988 7219 10726 8720 5540 3175 1339 5315 10889 8255 3488 3184 4452 7640 3466 8131 4655 3181 5217 9859 3470 4303 2380 10702 4773 8131 6508 3074 4943 6802 6408 9345 9228 2249 7454 5697 8002 7941 10081 11651 7407 3387 6771 1748 7865 7374 8843 1930 7387 2400 7507 5962 7058 1831 8328 6280 9671 6945 7262 2822 3418 3083 3593 2413 4621 7321 1430 6536 7098 6893 5165 2138 7753 7781 6814 8586 4667 1017 6732 6896 2032 2804 5875 7722 4349 2725 7152 1600 1849 8154 9068 7099 8169 6318 7370 1252 6749 2609 7682 8691 6624 1324 4411 7855 6694 7156 2369 6176 8768 7295 4055 808 4341 7751 4283 5132 6309 8606 4492 6074 6612
3521 1554 5970 3147 7548 6473 4139 8859 6782 2364 3987 2224 3355 7168 3772 8088 2773 2614 3112 4402 3681 6477 5082 7385 1709 7238 8081 4064 8469 6852 6862 9090 3261 9971 8566 9887 4785 2652 3663 10874 4680 5099 4130 3778 5669 6124 4043 5120 1569 9281 4408 2613 5030 8039 6071 4629 3160 4634 7188 9978 7485 7290 1603 6888 6271 4265 2665 3746 4438 6520 4945 8452 9428 0 3483 5572 9097 2997 7620 5303 5850 2650 2754 4403 3914 6788 8925 8618 4491 7112 6361 6344 5025 2618 7646 7938 8715 7576 4609 3165 7281 5193 9109 4340 6189 6537 3050 9660 5787 5651 4733 4343 5799 8210 2087 6529 1493 2996 2251 3863 8761 6920 6350 7712 1948 6566 6577 8086 2606 8981 4252 3469 4564 10969 1316 3161 3527 8628 9820 7749 7909 7788 5836 9534 8237 9172 8012 4959 5296 5610 4445 7290 4755 5094 4737 5323 9195 10238 9565 2732 8369 6880 4620 4684 5174 8412 2357 7840 7586 6381 925 8009 7226 3485 2337 8238 3076 7553 9399 7400 7994 9694 5311 1644 10023 2273 7829 4427 2725 4216 6150 9791 7300 4645 5682 8723 4896 2666 6388 5363 4545
727 2615 4138 3527 4970 6198 3812 6389 5405 4029 2374 1948 5396 4596 335 4935 1578 4649 5565 1580 3730 5770 4277 3902 2099 5917 4782 878 5052 3381 3536 5802 5668 6488 5128 6426 3779 3699 3476 7393 5775 2780 857 3092 3224 3494 1378 2947 2033 6788 2214 1373 4211 5103 5729 3470 3282 3439 5432 6506 4315 3993 4217 4955 5010 1408 4391 2653 2196 3844 4172 6240 5951 3483 0 4717 5889 489 4560 1985 5703 1603 5236 4276 455 3410 5536 6182 6107 6196 2983 2873 1555 2400 4447 6756 6055 4303 1523 4751 4055 1729 5877 5909 3315 5703 767 6535 3213 3901 2766 4985 5812 4931 1668 4415 2057 2736 4557 6324 7082 3625 4816 4252 2214 5319 6119 4731 1811 5754 3553 272 3126 7492 2407 512 4781 6791 7868 4564 4901 4678 2358 6295 5600 7374 4530 3088 3783 4251 1155 3815 3806 4081 3090 4778 6496 6786 7476 1139 5059 3430 2186 3730 1849 5244 1373 4373 4106 5600 3153 6352 6237 1139 1581 4780 1298 4286 7692 6626 6137 6232 2167 1987 7835 1211 4421 2561 3636 3025 2938 6310 4580 3722 2645 6214 3184 3217 3662 3166 2745
3991 4071 8839 2473 3432 1577 8299 4179 1328 3641 2343 5939 4089 3211 4929 5057 5940 3987 4708 3468 8071 1056 501 6438 4196 1703 5536 4107 8021 5759 4920 6208 4677 8303 6586 7818 8438 3096 1910 9317 2907 2464 5413 1884 7830 2947 3452 2235 5363 4555 6929 3827 562 4463 1145 1248 2415 1278 1993 8761 8143 7609 4671 2023 837 6068 3631 2160 2679 8276 8804 3499 7690 5572 4717 0 5934 4737 4508 4326 1302 5890 4648 8735 4935 6924 6537 3939 3730 1580 6614 6041 5332 3095 8197 2366 4376 7918 6041 3425 7819 5462 6024 3592 7666 1023 5282 6119 2803 8613 7482 2168 1538 5549 4129 2136 5264 7041 4315 5033 3293 7324 1196 6175 3831 1059 1425 5771 6062 5912 1359 4445 7822 9521 5628 4317 2997 3271 4453 4936 4552 4743 5304 6371 3987 3745 6728 7804 8498 798 5586 6084 8456 8754 7803 9387 4819 8008 4328 5457 5777 6598 6875 8377 4322 5316 4119 6352 6400 896 6077 2588 1672 5824 5632 6522 5832 5084 3913 1953 2734 8661 3890 4425 4835 4714 7569 2220 2984 7675 6962 8404 3563 8362 3698 4131 1681 7243 3198 7844 7460
5611 7736 8079 7264 2567 7172 9140 2821 5151 8443 5449 7825 9474 2726 5733 1021 7376 9026 9957 4695 9256 6361 5981 3129 7410 5347 1176 5107 4115 3035 2381 468 9987 2980 1782 2277 8686 7862 6714 3851 8740 4283 5716 6224 6884 3271 5055 4384 7864 2878 6961 6486 5962 1478 6903 5587 7015 5546 4427 3718 5401 4832 9177 4069 5319 6157 8651 5904 4814 6640 9108 3486 2514 9097 5889 5934 0 6340 1552 3904 7170 7432 9753 9584 5602 4462 1223 2874 9493 6147 4562 3935 4757 6823 5305 5868 2194 4963 5796 8709 5145 4683 134 9324 6113 6140 6609 749 3575 8059 7350 7888 7430 1004 7011 3802 7859 8415 9177 10513 4996 4846 4842 2379 7262 5372 6864 1387 7631 164 6145 5786 7986 4100 8246 6030 8423 4536 4758 1348 1396 1344 3851 458 2263 4862 2718 7567 8250 5171 5548 2825 8745 8866 7787 9690 2157 2299 4230 7006 975 3943 6691 8695 4040 697 6743 2431 2826 6198 8982 4790 6036 6654 7466 2131 7020 1609 5214 6545 4308 3830 3799 7453 4180 6959 4158 5037 7737 8122 5222 3314 2372 8712 3417 2673 4926 9005 2969 7217 7504
891 2205 4231 3298 5302 6163 3623 6714 5529 3674 2413 1548 5045 4922 782 5373 1286 4281 5176 1877 3481 5793 4273 4388 1676 6042 5245 1256 5515 3869 4001 6265 5285 6976 5613 6914 3701 3395 3330 7878 5542 3010 1227 3003 3423 3813 1606 3151 1550 7120 2298 1096 4207 5503 5695 3493 3073 3467 5622 6986 4710 4420 3786 5168 5106 1636 4044 2604 2374 4113 4071 6520 6440 2997 489 4737 6340 0 4979 2439 5638 1278 4839 4078 921 3858 6015 6500 5817 6259 3429 3352 2032 2148 4850 6871 6411 4724 1845 4432 4463 2203 6332 5620 3623 5744 545 6974 3514 3970 2831 4789 5726 5391 1268 4651 1570 2457 4161 5944 7281 4049 4955 4739 1841 5419 6110 5204 1482 6208 3497 559 3096 7975 1927 445 4500 7013 8118 5006 5313 5107 2847 6751 5948 7595 5019 3149 3800 4343 1545 4304 3719 4018 3101 4661 6862 7274 7746 798 5525 3901 2335 3641 2303 5686 999 4861 4594 5630 2673 6539 6313 1121 1175 5268 1102 4743 7901 6674 6355 6709 2579 1537 8124 728 4880 2674 3343 2938 3333 6794 4935 3627 3039 6545 3301 2870 4005 3304 2769
4189 6220 7336 5713 1444 5857 8065 2445 3907 6891 3900 6507 7927 1417 4454 560 6107 7474 8405 3228 8117 5061 4502 2830 5919 4199 1094 3724 4254 2405 1390 1726 8437 3891 2228 3336 7721 6310 5167 4882 7244 2731 4538 4674 6123 1725 3582 2833 6462 2718 5951 5007 4478 650 5543 4056 5462 4014 3271 4468 5129 4522 7635 2818 3980 5070 7099 4352 3275 6070 8147 2809 3301 7620 4560 4508 1552 4979 0 2612 5782 6149 8201 8524 4336 3981 2049 2356 7978 4955 3933 3227 3673 5285 5085 4854 1868 4740 4755 7161 4823 3645 1606 7805 5477 4851 5311 2041 2023 7260 6404 6379 6033 1064 5534 2426 6445 7208 7626 8967 4267 4417 3501 2207 5751 4087 5570 1399 6354 1480 4610 4420 7007 5104 6844 4630 6882 3814 4410 487 368 236 2873 2011 1589 4278 2751 6661 7383 3722 4430 2432 7773 7940 6839 8752 2172 3504 3891 5697 1291 3469 5714 7714 2743 862 5280 2354 2616 4885 7566 3857 4868 5449 6138 2319 5774 850 4651 5391 3397 4456 2400 5980 4034 5549 4058 3485 6185 7086 4563 4078 1041 7725 1958 2249 3385 7754 1423 6390 6526
1785 4108 5074 4261 3282 5903 5489 4679 4517 5188 2433 3926 6452 2947 1847 2956 3501 5822 6785 1141 5515 5270 4036 2390 3690 4993 2809 1240 3873 1726 1569 3829 6855 4823 3288 4632 5220 4694 3916 5798 6317 1869 1944 3397 3902 1973 1445 2100 3977 5049 3450 2763 3981 3196 5466 3263 3982 3217 4276 5010 3816 3287 5684 3740 4275 2528 5488 2928 1788 4128 5645 4695 4237 5303 1985 4326 3904 2439 2612 0 5563 3548 6506 5952 1725 2601 3622 4502 6866 5499 2290 1732 1231 3417 3871 5824 4255 3599 2272 5711 3492 1289 3894 6670 3499 5132 2715 4554 1828 4936 3952 5433 5749 2953 3258 3153 3981 4596 5854 7471 5809 2997 3924 2489 3634 4536 5723 2787 3751 3770 3636 1890 4508 5939 4358 2159 5581 5441 6384 2582 2967 2711 985 4313 3833 6009 2902 4240 4980 3621 1884 2155 5267 5469 4372 6258 4660 4964 5932 3108 3091 2317 3254 5202 136 3262 2964 2641 2486 5080 5099 5155 5489 2840 3563 2998 3162 2304 6361 5965 4831 4804 463 3680 6221 3086 3339 2253 4590 4542 2694 4740 2828 5207 893 4491 2657 5146 2014 4069 4039
4995 4498 9839 2741 4626 625 9062 5170 2171 3613 3375 6648 3598 4445 5953 6324 6746 3755 4252 4624 8778 1030 1528 7728 4760 2281 6824 5201 9308 7046 6221 7465 4183 9600 7883 9105 9301 3203 2392 10613 2060 3724 6464 2636 8895 4248 4550 3499 5977 5507 7907 4620 1585 5692 351 2332 2818 2374 2948 10063 9368 8850 4646 3144 1866 7096 3467 3051 3841 9402 9641 4421 8988 5850 5703 1302 7170 5638 5782 5563 0 6678 4293 9475 5979 8163 7821 4947 2905 1658 7837 7290 6498 3702 9431 2555 5465 9162 7117 3107 9047 6640 7265 2819 8805 1237 6174 7302 4103 9593 8453 1667 267 6832 4806 3374 5864 7772 4146 4385 3792 8552 2334 7476 4385 1894 807 7066 6829 7157 2151 5435 8729 10818 6182 5253 2638 3921 5002 6220 5804 6017 6547 7597 5120 4270 8028 8774 9438 2098 6670 7378 9311 9626 8739 10199 5875 9286 5007 6287 7060 7858 7889 9231 5546 6572 4871 7653 7697 1104 6504 3234 1821 6756 6381 7824 6697 6380 4332 1729 3534 9962 5141 5011 5523 5475 8843 3365 3125 8543 8147 9706 4809 9211 4980 5157 2908 7875 4496 8867 8405
2169 2590 3510 4117 6561 7238 2409 7978 6763 4132 3620 474 5456 6184 1702 6502 123 4657 5434 3144 2217 6938 5407 5132 2108 7273 6297 2476 5994 4725 5056 7311 5565 7705 6511 7746 2650 4025 4298 8533 6273 4287 1791 4066 3037 5077 2884 4425 1129 8380 1772 2071 5342 6702 6774 4665 3944 4644 6888 7595 4873 4735 3909 6441 6322 1691 4512 3730 3645 3874 2968 7796 7219 2650 1603 5890 7432 1278 6149 3548 6678 0 5074 2849 1830 4306 6976 7766 6397 7443 3893 4037 2794 3004 5041 8093 7656 5002 2077 4969 4692 2928 7411 6210 3542 6909 839 8099 4784 3208 2161 5620 6734 6453 1905 5928 1241 1185 4431 6219 8548 4372 6199 5608 2434 6637 7218 6212 208 7291 4587 1794 2176 8597 1336 1717 5146 8286 9395 6127 6495 6257 3713 7823 7198 8868 5791 2431 2932 5561 2054 5133 2651 2980 2274 3522 8098 8124 9023 480 6563 4493 1971 2571 3414 6805 1807 5704 5383 6786 1974 7802 7507 918 358 6130 477 5823 9171 7841 7628 7282 3766 1863 9399 1204 5353 3920 4011 1915 3581 7460 6180 2548 4247 7806 4542 1614 5257 2766 2009
4892 2635 8562 2502 7633 4879 6881 8687 5975 1329 4323 4746 783 7302 5571 8744 5192 728 364 5384 6432 5209 4283 8865 3167 6303 8955 5420 10209 8226 7885 9877 508 11322 9715 11069 7481 1892 3096 12304 2469 5470 6063 3544 8073 6491 5062 5374 3958 9091 6820 3907 4261 8432 4611 4295 2741 4326 6611 11506 9546 9226 1185 6510 5481 6421 1108 3851 4996 8860 7672 8085 10726 2754 5236 4648 9753 4839 8201 6506 4293 5074 0 7157 5687 8623 9922 8440 1951 5884 8201 7975 6720 3089 9682 6789 8745 9538 6678 1227 9291 6900 9802 1860 8427 5354 5145 10158 6179 8251 7235 2635 4132 9042 3575 6373 3838 5687 679 1146 7904 8859 5758 8983 3025 5700 5100 9061 5100 9675 3740 5089 7179 12445 3876 4755 1680 7916 9088 8477 8399 8414 7315 10211 8294 8369 9407 7500 7930 5074 6378 8659 7457 7799 7317 8071 9222 11367 8976 4965 9243 8570 6971 7383 6405 9060 3863 9142 8989 5191 3677 7227 6035 5718 4718 9476 5394 8418 8500 6020 7377 11279 6317 3342 9482 4195 9598 4719 2016 6855 8168 11245 7555 7346 6512 8603 4877 5415 6793 7835 7077
4946 5125 2500 6822 9179 10051 466 10596 9603 6548 6466 2828 7721 8816 4230 8772 2809 6944 7515 5853 733 9781 8249 6757 4751 10115 8408 5131 7016 6595 7248 9363 7664 9071 8301 9323 1101 6599 7084 9691 8837 7053 4009 6894 3146 7734 5644 7211 3540 10980 2627 4909 8185 9135 9591 7514 6685 7494 9693 8720 5459 5644 5990 9226 9169 3455 6905 6575 6443 3915 864 10501 8720 4403 4276 8735 9584 4078 8524 5952 9475 2849 7157 0 4311 5545 8865 10402 8804 10291 5254 5727 4861 5774 5650 10938 10203 5788 3793 7401 5448 4913 9534 8635 4040 9756 3555 10307 7471 2244 2314 8287 9512 8580 4669 8691 3662 1703 6620 8264 11349 5375 9032 7411 5118 9483 10047 8238 2673 9428 7419 4520 1662 9682 3430 4522 7671 11065 12141 8391 8888 8583 5737 9913 9770 11649 7396 2201 1823 8406 4094 6910 1028 1179 1909 951 10612 9720 11741 3302 8635 5947 2909 1034 5832 9041 4627 7451 7062 9631 3480 10612 10356 3173 3107 7878 2992 8019 11964 10687 10411 8359 6283 4495 12085 4025 6450 6751 6615 1464 4665 8712 8753 997 6780 10413 7376 1747 7870 2703 2119
999 3069 3908 3916 4870 6451 3845 6289 5526 4470 2612 2233 5834 4506 144 4675 1778 5093 6014 1603 3823 5978 4516 3477 2554 6036 4470 871 4599 2983 3227 5487 6116 6068 4749 6029 3706 4123 3821 6961 6159 2832 485 3405 2916 3425 1499 3021 2427 6677 2031 1806 4451 4908 5983 3698 3663 3663 5490 6066 3872 3540 4672 4993 5161 1134 4828 2946 2318 3476 4116 6196 5540 3914 455 4935 5602 921 4336 1725 5979 1830 5687 4311 0 2955 5182 6092 6519 6367 2527 2432 1112 2809 4001 6880 5917 3851 1151 5177 3607 1283 5582 6319 2923 5896 1014 6269 3171 3694 2583 5350 6103 4625 2122 4433 2462 2877 5008 6770 7123 3172 4929 3861 2663 5463 6351 4397 2031 5461 3838 623 3021 7056 2791 940 5190 6808 7851 4298 4688 4436 1956 5994 5474 7391 4114 2901 3623 4412 736 3411 3741 3991 2947 4729 6342 6395 7438 1414 4740 2981 1945 3669 1593 4976 1826 3975 3692 5802 3534 6408 6398 1144 1885 4389 1438 3993 7719 6808 6163 5788 1990 2441 7775 1649 3967 2732 4054 2974 2497 5878 4454 3666 2485 6108 3338 3421 3559 2910 2599
3756 6021 3665 6647 5223 8499 5157 6421 7009 7371 4951 4779 8715 4995 3084 3951 4199 8004 8941 3618 5420 7847 6636 1341 5509 7454 3358 3277 1690 1576 2624 4125 9036 3547 2877 3781 4514 6966 6397 4273 8811 4461 2661 5900 2522 4315 3812 4691 5234 6697 3034 4717 6580 4620 8065 5855 6373 5810 6647 3314 1243 687 7627 6109 6821 2621 7714 5419 4358 2178 4909 6690 3175 6788 3410 6924 4462 3858 3981 2601 8163 4306 8623 5545 2955 0 3489 6314 9285 8029 429 895 1908 5636 1275 8257 5846 1001 2229 8019 915 1729 4375 9086 1676 7698 3740 5210 4283 3692 3234 7944 8347 3530 5075 5536 5298 4857 7945 9683 8022 444 6434 2087 5600 7062 8310 3084 4443 4298 6197 3535 3883 4315 5555 3871 7966 7603 8353 3627 4320 3915 1620 4682 5553 8127 1902 3364 3953 6203 2344 1647 4583 4625 3640 5439 6112 4178 7846 4081 3494 525 2727 4550 2620 4116 4775 2062 1655 7656 6259 7456 8003 3388 4529 2451 3829 3192 8497 8497 7064 2987 3034 5392 8013 4575 1048 4832 6881 4126 880 3229 4730 4577 3296 6224 5257 5535 4227 2917 3440
5406 7688 7154 7496 3409 7906 8439 3960 5947 8594 5610 7406 9736 3452 5322 1543 6903 9207 10161 4615 8612 7110 6496 2158 7298 6216 1010 4861 2918 2291 2076 766 10210 1879 625 1287 7902 8041 7002 2845 9201 4527 5196 6485 5992 3649 4969 4679 7566 4062 6246 6365 6466 2331 7588 5973 7229 5929 5284 2552 4299 3760 9218 4855 6028 5533 8844 6101 4928 5645 8314 4555 1339 8925 5536 6537 1223 6015 2049 3622 7821 6976 9922 8865 5182 3489 0 3976 9900 6987 3669 3138 4195 6880 4186 6822 3318 3853 5143 8970 4069 4083 1095 9718 5166 6899 6192 1885 3889 7169 6574 8320 8069 989 6872 4475 7580 7853 9305 10778 6070 3829 5550 1455 7210 6134 7619 863 7164 1090 6505 5487 7225 3075 7942 5774 8737 5608 5934 1601 2113 1818 3267 1260 3285 5982 1620 6759 7402 5744 4976 1955 7966 8050 7005 8874 3349 1485 5403 6592 761 2998 5957 7923 3752 1392 6582 1436 1842 6934 8688 5777 6893 6128 7066 1041 6531 1521 6343 7414 5299 2629 3666 7299 5383 6694 3027 5247 7923 7404 4317 2147 3074 7945 3412 3794 5281 8483 3366 6360 6751
5616 7083 9514 6003 1224 4770 9935 248 2776 7261 4631 8037 7968 1587 6180 2577 7755 7733 8553 4623 9902 3980 4195 5186 6942 2780 3283 5305 6569 4743 3693 3315 8543 5829 4372 5146 9719 6663 5381 6724 6837 3576 6410 5025 8311 2689 4907 3514 7787 666 7952 6154 4206 1765 4623 4187 5822 4163 1999 6528 7481 6874 8193 1940 3139 7025 7354 4912 4257 8349 10142 635 5315 8618 6182 3939 2874 6500 2356 4502 4947 7766 8440 10402 6092 6314 3976 0 7667 3586 6231 5518 5708 6028 7440 3112 684 7095 6772 7253 7172 5725 3005 7531 7740 3753 6945 2657 2987 9404 8452 6101 5214 3171 6652 2115 7736 8917 7993 8948 2124 6755 2745 4541 6670 3054 4437 3620 7973 2950 4718 5973 9008 6972 8148 6080 6865 1667 2055 2785 2061 2475 5051 3169 767 2006 5062 8736 9474 3373 6383 4788 9764 9970 8874 10756 953 5167 1535 7288 3349 5811 7754 9697 4607 2607 6470 4676 4964 3859 8801 2018 3445 7234 7666 4569 7476 3198 2370 3910 1556 6589 4128 7079 1730 6901 6409 4194 6535 9026 6835 6123 1679 9701 3633 226 3747 9369 2532 8531 8541
5574 3807 9895 2638 7101 3381 8479 7905 4956 2278 4445 6164 1186 6833 6431 8539 6503 1878 1721 5735 8071 3928 3546 9248 4302 5156 8893 6011 10730 8568 7999 9704 1592 11504 9813 11135 8975 2424 2962 12517 850 5388 6964 3489 9226 6270 5489 5223 5368 8274 8030 4741 3555 8061 3256 3930 2912 3974 5695 11818 10350 9941 2906 5750 4535 7453 1906 3942 5125 9929 9220 7203 10889 4491 6107 3730 9493 5817 7978 6866 2905 6397 1951 8804 6519 9285 9900 7667 0 4562 8888 8520 7401 3710 10460 5451 8099 10262 7628 1429 10062 7574 9567 199 9420 4121 6244 9767 6011 9599 8509 1608 2675 8946 4601 5788 5242 7217 2251 1547 6696 9592 4926 9207 4021 4667 3669 9066 6473 9446 3396 5896 8571 12689 5394 5596 1329 6807 7906 8341 8098 8209 7795 9945 7696 7174 9700 8803 9328 4386 7252 8973 8961 9303 8668 9678 8548 11382 7894 6170 9165 9125 8122 8884 6795 8831 4827 9379 9308 3972 5374 6114 4725 6856 6042 9649 6619 8382 7235 4575 6370 11643 6562 4538 8410 5318 10166 4718 2475 8286 8994 11509 7150 8852 6613 7861 4619 7062 6565 9059 8387
5470 5634 10271 3975 3598 1257 9850 3781 1062 5050 3846 7509 5222 3539 6378 5445 7488 5294 5873 4818 9636 676 2080 7339 5775 813 6047 5511 8917 6696 5730 6507 5813 8846 7171 8267 9954 4554 3455 9831 3718 3664 6832 3464 9212 3761 4869 3439 6942 4064 8389 5391 2141 4701 1310 2777 3954 2799 1721 9408 9270 8703 6094 2138 1229 7499 4971 3723 4054 9583 10330 2993 8255 7112 6196 1580 6147 6259 4955 5499 1658 7443 5884 10291 6367 8029 6987 3586 4562 0 7768 7134 6618 4674 9300 906 4190 8996 7429 4670 8942 6728 6259 4477 8960 575 6803 6140 3748 10062 8943 3254 1890 6016 5707 2602 6843 8604 5662 6040 2146 8453 1598 6941 5408 967 927 6336 7620 6167 2938 5925 9319 10057 7207 5829 4207 2322 3353 5434 4881 5177 6431 6536 3934 2622 7510 9264 9974 1957 6973 6954 9975 10265 9284 10920 4539 8388 3395 7001 6240 7643 8311 9897 5524 5638 5689 7113 7242 733 7647 1668 165 7322 7195 7198 7360 5689 2673 468 2055 9364 5039 6004 3907 6280 8541 3640 4452 9192 8192 9024 3917 9884 4733 3809 3030 8819 3925 9264 8938
3343 5595 3517 6250 5102 8191 4851 6352 6762 6954 4585 4366 8302 4849 2655 3965 3788 7585 8521 3256 5088 7559 6309 1518 5081 7220 3421 2877 2112 1563 2548 4258 8616 3896 3076 4078 4251 6556 6017 4660 8428 4159 2233 5526 2330 4097 3431 4390 4808 6649 2693 4296 6252 4581 7752 5517 5978 5473 6439 3710 1531 1053 7199 5899 6551 2216 7300 5044 4012 2138 4656 6573 3488 6361 2983 6614 4562 3429 3933 2290 7837 3893 8201 5254 2527 429 3669 6231 8888 7768 0 713 1494 5226 1602 8035 5799 1374 1818 7611 1212 1317 4485 8689 1564 7417 3313 5311 4037 3508 2941 7567 8014 3596 4648 5320 4871 4483 7522 9265 7862 719 6179 2226 5177 6801 8013 3175 4035 4398 5840 3112 3595 4712 5132 3447 7566 7454 8251 3620 4285 3893 1338 4817 5478 7990 2143 3101 3733 5910 1916 1744 4317 4386 3361 5207 6093 4473 7753 3658 3587 693 2388 4279 2293 4158 4349 2234 1831 7368 5839 7271 7749 2974 4109 2649 3415 3189 8358 8236 6895 3391 2739 4964 7946 4146 1470 4489 6473 3814 660 3603 4608 4303 3046 6155 4939 5158 4036 2691 3136
3083 5423 4165 5888 4391 7615 5302 5640 6114 6692 4131 4499 8012 4143 2573 3282 3946 7328 8280 2802 5488 6956 5766 1098 4933 6562 2773 2561 2237 901 1839 3664 8366 3671 2584 3728 4776 6251 5598 4535 8011 3577 2265 5090 2958 3425 3031 3807 4834 5939 3110 4081 5711 3876 7185 4995 5611 4949 5762 3634 2137 1573 7035 5222 5927 2452 7021 4612 3512 2843 5193 5861 3184 6344 2873 6041 3935 3352 3227 1732 7290 4037 7975 5727 2432 895 3138 5518 8520 7134 713 0 1320 4930 2168 7367 5091 1877 2049 7296 1809 1152 3868 8322 2253 6805 3351 4680 3389 4128 3443 7134 7479 2949 4491 4647 4880 4782 7303 9003 7161 1325 5539 1685 4978 6167 7422 2553 4203 3773 5359 2942 4091 4625 5184 3278 7212 6749 7538 2928 3582 3194 748 4221 4766 7283 1761 3642 4315 5313 1984 1184 4838 4941 3877 5766 5391 4114 7040 3730 2963 606 2819 4793 1767 3490 4185 1737 1371 6765 5916 6581 7108 3134 4201 2169 3566 2502 7651 7602 6198 3360 2152 4849 7234 4080 1647 3981 6159 4266 1339 3453 3897 4813 2401 5443 4382 5437 3347 3282 3615
1849 4134 3842 4765 4495 6900 4407 5876 5673 5463 3167 3240 6808 4170 1253 3913 2715 6096 7036 1874 4500 6328 4979 2376 3633 6163 3590 1394 3507 1931 2393 4583 7129 4967 3718 4961 4053 5062 4558 5851 6961 2954 1004 4082 2675 3202 1987 3179 3524 6233 2280 2814 4918 4297 6446 4166 4495 4124 5482 4954 2960 2543 5745 4952 5389 1408 5807 3600 2661 2965 4480 5921 4452 5025 1555 5332 4757 2032 3673 1231 6498 2794 6720 4861 1112 1908 4195 5708 7401 6618 1494 1320 0 3731 3061 7002 5419 2863 1084 6117 2663 179 4719 7202 2344 6210 2056 5465 3039 3707 2753 6110 6657 3757 3193 4366 3566 3673 6044 7776 7036 2191 5073 2814 3703 5666 6753 3464 2975 4606 4433 1644 3338 5944 3879 1981 6077 6671 7612 3531 4039 3724 929 5116 5017 7240 3022 3029 3766 4690 792 2342 4104 4284 3182 5088 5800 5335 7156 2446 3838 1877 2056 4044 1155 4187 2889 2912 2605 6141 4617 6372 6621 1933 2922 3337 2339 3169 7591 7078 6057 4677 1672 3538 7433 2760 2884 3135 4979 3415 1655 4768 4029 4053 2125 5684 3654 4290 3244 2839 2860
1884 1064 6351 1152 5005 4285 5364 6271 4214 1774 1429 2946 3084 4634 2722 5803 3084 2410 3371 2298 5077 4093 2594 5783 1101 4691 5937 2370 7166 5138 4821 6897 3447 8234 6642 7997 5651 1331 1310 9215 3394 2603 3256 1217 5570 3655 1972 2579 2291 6693 4431 1052 2534 5616 3831 2031 945 2032 4577 8420 6656 6273 2355 4270 3713 3770 2092 1129 2011 6236 5971 5838 7640 2618 2400 3095 6823 2148 5285 3417 3702 3004 3089 5774 2809 5636 6880 6028 3710 4674 5226 4930 3731 0 6773 5439 6170 6592 3922 2386 6375 3908 6858 3511 5714 4108 2629 7306 3321 6076 4947 2653 3740 6039 1108 3924 2185 4072 2442 4076 6172 5916 3750 5895 737 4019 4304 6017 3143 6729 1736 2186 5128 9356 2536 1888 2382 6020 7209 5504 5531 5481 4245 7277 5695 6571 6318 5258 5865 3017 3542 5571 5655 5980 5175 6515 6654 8304 6948 2655 6228 5532 4482 5575 3317 6126 1219 6053 5900 3965 2997 5416 4767 3243 2692 6391 3092 5397 6812 5021 5381 8200 3239 1335 7406 1806 6570 1874 1251 4905 5292 8156 4809 5552 3473 6144 2287 4189 3942 5447 4860
4891 7052 3379 7825 6401 9773 5332 7526 8275 8469 6187 5508 9830 6198 4112 4968 4924 9094 10013 4858 5689 9122 7903 2268 6526 8715 4311 4455 1489 2727 3790 4908 10116 3636 3565 4091 4555 8101 7611 4092 10019 5734 3623 7124 2510 5572 5027 5965 6077 7772 3469 5804 7847 5703 9337 7116 7556 7071 7895 3135 191 598 8634 7358 8094 3381 8825 6642 5612 1779 4891 7855 3466 7646 4447 8197 5305 4850 5085 3871 9431 5041 9682 5650 4001 1275 4186 7440 10460 9300 1602 2168 3061 6773 0 9511 6926 348 3050 9157 398 2891 5200 10260 1645 8973 4627 6034 5553 3515 3465 9162 9611 4470 6108 6791 6158 5339 9003 10770 9228 883 7704 2980 6661 8333 9585 3999 5141 5145 7442 4613 4051 4056 6359 4940 9134 8799 9492 4683 5400 4987 2894 5441 6673 9309 2589 3477 3877 7478 3306 2656 4628 4575 3787 5328 7146 4471 8975 4915 4385 1681 3181 4616 3885 5080 5819 2891 2528 8931 7014 8685 9272 4163 5319 3179 4585 4255 9681 9768 8281 2765 4308 6380 9107 5535 1160 6089 8024 4370 1517 3209 5912 4652 4568 7332 6527 6018 5470 2955 3696
6040 6434 10751 4822 3423 2095 10489 3268 1353 5931 4473 8196 6128 3463 6907 5289 8129 6192 6779 5290 10304 1579 2861 7440 6536 845 5942 6010 8990 6833 5813 6267 6718 8700 7080 8075 10534 5420 4275 9656 4611 4079 7327 4222 9648 3943 5393 3871 7672 3484 8910 6075 2916 4492 2211 3462 4779 3475 1628 9317 9499 8913 6974 2157 1771 7997 5864 4424 4568 9950 10923 2481 8131 7938 6756 2366 5868 6871 4854 5824 2555 8093 6789 10938 6880 8257 6822 3112 5451 906 8035 7367 7002 5439 9511 0 3771 9193 7888 5572 9171 7094 5990 5372 9322 1447 7408 5755 4007 10560 9462 4159 2776 5885 6431 2721 7580 9268 6556 6940 1325 8692 1951 6965 6177 1456 1786 6253 8278 5911 3711 6490 9878 9892 7956 6431 5110 1607 2506 5341 4714 5059 6702 6219 3607 1788 7532 9779 10503 2532 7435 7042 10560 10837 9823 11523 4050 8155 2619 7637 6100 7834 8806 10484 5868 5437 6384 7130 7306 1611 8432 1094 754 7894 7867 7160 7971 5650 1791 938 1570 9309 5362 6755 3116 6961 8669 4202 5314 9777 8509 8922 3823 10474 4993 3338 3576 9526 4046 9737 9475
5546 7205 9168 6268 1167 5337 9738 642 3310 7521 4747 7959 8318 1547 6017 1986 7633 8027 8882 4543 9740 4534 4575 4660 7015 3378 2687 5179 5984 4271 3252 2640 8882 5159 3743 4469 9465 6921 5655 6045 7283 3618 6195 5256 7957 2628 4855 3599 7776 851 7691 6180 4577 1228 5154 4453 6066 4424 2532 5869 6979 6374 8412 2354 3616 6780 7645 5083 4289 7934 9891 1312 4655 8715 6055 4376 2194 6411 1868 4255 5465 7656 8745 10203 5917 5846 3318 684 8099 4190 5799 5091 5419 6170 6926 3771 0 6579 6499 7584 6679 5416 2325 7953 7336 4306 6822 1985 2955 9077 8172 6510 5732 2560 6694 2373 7735 8780 8261 9320 2808 6281 3184 3983 6771 3575 5009 3023 7864 2276 5005 5867 8751 6293 8146 6010 7220 2351 2637 2244 1529 1941 4691 2485 478 2672 4482 8443 9175 3734 6134 4271 9514 9703 8601 10502 485 4485 2106 7183 2723 5332 7475 9451 4371 1973 6487 4107 4419 4399 8826 2677 4057 7058 7586 3966 7333 2672 3028 4538 2204 5941 3928 7131 2181 6873 5863 4302 6792 8797 6424 5463 1477 9458 3432 480 3934 9269 2409 8204 8276
4708 6917 3593 7624 6062 9492 5451 7180 7966 8308 5949 5474 9662 5864 3970 4620 4887 8936 9864 4617 5786 8831 7636 1920 6395 8401 3964 4250 1252 2391 3453 4570 9963 3389 3230 3807 4702 7922 7389 3910 9801 5454 3501 6895 2643 5258 4803 5684 6008 7424 3503 5644 7580 5356 9061 6856 7352 6811 7573 2942 448 321 8510 7037 7796 3321 8658 6413 5359 1987 5055 7514 3181 7576 4303 7918 4963 4724 4740 3599 9162 5002 9538 5788 3851 1001 3853 7095 10262 8996 1374 1877 2863 6592 348 9193 6579 0 2967 8978 342 2688 4859 10062 1749 8678 4537 5694 5248 3705 3553 8938 9347 4123 5970 6474 6084 5376 8859 10615 8893 679 7399 2633 6513 8030 9299 3652 5114 4803 7197 4454 4163 3894 6303 4785 8939 8462 9148 4336 5054 4640 2616 5105 6328 8969 2249 3596 4047 7190 3181 2310 4774 4744 3901 5516 6798 4193 8630 4844 4039 1359 3206 4757 3621 4732 5676 2546 2181 8640 6976 8357 8965 4106 5264 2839 4537 3908 9342 9464 7949 2577 4028 6261 8760 5423 835 5834 7841 4465 1427 2980 5574 4792 4268 6986 6255 6058 5149 3085 3781
2150 4043 2866 5048 5554 7575 3345 6946 6541 5517 3742 2551 6888 5219 1210 4981 1971 6126 7018 2612 3474 7074 5638 3143 3510 7043 4621 1934 3917 2852 3455 5592 7129 5672 4618 5774 2970 5214 4971 6471 7296 3809 673 4555 1790 4210 2589 4018 3042 7308 1196 2888 5574 5381 7110 4817 4800 4780 6425 5526 2898 2683 5600 5906 6209 406 5886 4094 3381 2327 3396 6962 5217 4609 1523 6041 5796 1845 4755 2272 7117 2077 6678 3793 1151 2229 5143 6772 7628 7429 1818 2049 1084 3922 3050 7888 6499 2967 0 6261 2677 1120 5750 7429 1792 6979 1577 6515 4012 2693 1680 6496 7246 4792 3112 5327 3117 2733 6001 7788 8018 2314 5939 3710 3686 6502 7463 4467 2217 5641 4982 1754 2255 6528 3344 2034 6302 7671 8647 4601 5122 4802 1945 6136 6091 8246 3805 1969 2710 5475 456 3213 3020 3204 2104 4005 6883 6162 8201 1878 4856 2441 981 2960 2174 5248 2841 3778 3421 6894 4036 7331 7449 1160 2310 4211 1601 4226 8590 7879 7043 5208 2678 3348 8493 2496 3276 3823 5154 2339 1542 5405 5095 2970 3157 6756 4406 3390 4280 1850 1778
4270 2379 8469 1477 6494 3708 7066 7499 4751 855 3372 4737 767 6178 5081 7713 5075 661 1301 4570 6668 3994 3073 8100 2878 5077 7981 4746 9527 7435 6980 8864 1299 10466 8814 10159 7548 1057 1995 11467 1523 4455 5607 2492 7822 5437 4285 4331 3942 7898 6614 3377 3055 7344 3413 3161 1750 3197 5396 10715 9039 8659 1668 5316 4259 6067 503 2872 4063 8543 7798 6879 9859 3165 4751 3425 8709 4432 7161 5711 3107 4969 1227 7401 5177 8019 8970 7253 1429 4670 7611 7296 6117 2386 9157 5572 7584 8978 6261 0 8760 6294 8767 1246 8050 4133 4838 9072 5141 8172 7087 1439 2967 8055 3194 5213 3815 5796 1072 1810 6677 8302 4549 8137 2611 4474 3910 8115 5044 8641 2598 4556 7142 11623 3979 4242 469 6691 7861 7471 7333 7382 6594 9167 7143 7142 8598 7379 7900 3880 5904 7857 7535 7877 7241 8264 8057 10436 7753 4749 8264 7901 6715 7458 5625 8023 3434 8303 8191 3970 4010 6001 4818 5447 4614 8608 5198 7451 7275 4823 6157 10515 5460 3111 8260 3903 8941 3723 1139 6857 7670 10429 6451 7426 5588 7422 3788 5665 5740 7644 6961
4493 6663 3276 7427 6107 9395 5110 7268 7923 8075 5793 5162 9434 5891 3720 4742 4576 8700 9620 4466 5445 8752 7519 2045 6138 8369 4106 4057 1580 2435 3497 4766 9723 3705 3444 4097 4364 7704 7215 4247 9622 5359 3236 6729 2304 5229 4631 5590 5712 7527 3168 5409 7462 5451 8958 6729 7158 6685 7560 3277 328 313 8248 7021 7732 3019 8429 6246 5223 1674 4719 7569 3470 7281 4055 7819 5145 4463 4823 3492 9047 4692 9291 5448 3607 915 4069 7172 10062 8942 1212 1809 2663 6375 398 9171 6679 342 2677 8760 0 2493 5045 9862 1409 8606 4252 5883 5197 3378 3212 8766 9226 4270 5718 6450 5791 5042 8612 10377 8920 495 7347 2783 6269 7974 9212 3805 4799 4982 7050 4218 3821 4234 6001 4545 8736 8497 9219 4440 5149 4738 2521 5310 6407 9014 2450 3255 3713 7106 2918 2415 4436 4410 3559 5187 6917 4486 8707 4549 4203 1369 2873 4418 3501 4874 5427 2714 2329 8562 6666 8363 8917 3804 4962 3039 4230 4008 9386 9410 7967 2914 3934 5995 8855 5152 1102 5700 7626 4123 1136 3305 5615 4453 4209 7072 6146 5724 5138 2745 3440
2027 4313 3801 4937 4519 7034 4463 5887 5773 5642 3322 3379 6986 4202 1423 3861 2844 6275 7215 2017 4575 6451 5118 2221 3811 6258 3510 1564 3329 1805 2335 4493 7309 4811 3592 4820 4077 5239 4723 5687 7129 3065 1137 4243 2617 3261 2146 3292 3684 6237 2310 2993 5058 4276 6582 4308 4667 4266 5561 4785 2793 2368 5924 5027 5499 1475 5985 3761 2800 2859 4503 5956 4303 5193 1729 5462 4683 2203 3645 1289 6640 2928 6900 4913 1283 1729 4083 5725 7574 6728 1317 1152 179 3908 2891 7094 5416 2688 1120 6294 2493 0 4640 7375 2233 6329 2208 5398 3113 3679 2762 6275 6802 3679 3372 4440 3729 3773 6223 7955 7098 2018 5174 2685 3882 5773 6881 3370 3104 4529 4586 1822 3363 5777 4036 2160 6251 6726 7649 3481 4012 3685 833 5031 5023 7291 2872 3027 3759 4809 893 2205 4130 4297 3195 5107 5787 5197 7186 2593 3752 1701 2070 4072 1229 4128 3068 2777 2459 6264 4772 6444 6728 2051 3068 3204 2466 3106 7646 7190 6119 4505 1743 3714 7453 2931 2705 3275 5156 3459 1507 4604 4046 4083 2176 5694 3782 4400 3287 2807 2882
5614 7760 8002 7318 2673 7275 9092 2954 5258 8490 5492 7809 9533 2821 5714 1059 7353 9076 10010 4710 9215 6465 6062 3039 7427 5461 1130 5105 3996 2969 2356 335 10043 2846 1665 2144 8627 7911 6773 3720 8819 4332 5685 6280 6810 3330 5070 4438 7861 3012 6909 6501 6042 1577 7001 5654 7066 5613 4539 3584 5298 4732 9212 4174 5418 6115 8702 5952 4850 6553 9048 3614 2380 9109 5877 6024 134 6332 1606 3894 7265 7411 9802 9534 5582 4375 1095 3005 9567 6259 4485 3868 4719 6858 5200 5990 2325 4859 5750 8767 5045 4640 0 9396 6032 6245 6591 838 3629 7987 7291 7963 7524 963 7024 3894 7858 8383 9222 10573 5126 4754 4940 2289 7286 5476 6969 1314 7609 129 6211 5780 7930 3968 8243 6029 8486 4666 4892 1364 1476 1389 3807 424 2386 4995 2611 7505 8183 5257 5511 2744 8688 8804 7728 9628 2291 2172 4364 6989 905 3859 6637 8638 4030 744 6754 2335 2733 6301 8981 4914 6149 6624 7451 2023 6995 1591 5347 6660 4432 3697 3805 7466 4314 6959 4050 5085 7786 8071 5145 3180 2461 8655 3434 2805 4989 8978 3028 7148 7449
5374 3621 9705 2439 6945 3318 8306 7770 4835 2099 4251 5982 1081 6672 6233 8365 6315 1727 1661 5538 7902 3834 3391 9053 4112 5051 8713 5812 10533 8373 7811 9530 1543 11316 9627 10951 8794 2228 2769 12328 762 5203 6766 3296 9031 6093 5291 5040 5188 8143 7837 4543 3397 7896 3168 3753 2713 3796 5567 11626 10150 9742 2765 5608 4404 7256 1731 3747 4933 9732 9042 7076 10702 4340 5909 3592 9324 5620 7805 6670 2819 6210 1860 8635 6319 9086 9718 7531 199 4477 8689 8322 7202 3511 10260 5372 7953 10062 7429 1246 9862 7375 9396 0 9222 4022 6049 9605 5832 9410 8318 1449 2598 8767 4407 5632 5061 7040 2111 1582 6603 9392 4787 9016 3827 4547 3596 8883 6288 9275 3214 5697 8385 12500 5220 5397 1130 6703 7813 8164 7929 8035 7598 9777 7546 7080 9508 8613 9142 4232 7054 8779 8781 9122 8480 9504 8405 11201 7789 5978 8986 8927 7927 8704 6599 8658 4631 9188 9115 3870 5215 6008 4639 6662 5856 9460 6428 8200 7150 4510 6253 11449 6369 4349 8304 5125 9968 4528 2278 8102 8795 11318 6986 8672 6423 7722 4439 6895 6389 8866 8197
3913 5800 1989 6837 6579 9228 3702 7873 8005 7296 5439 3992 8667 6300 2996 5527 3420 7897 8773 4199 4047 8670 7298 3013 5266 8488 4982 3611 2978 3126 4086 5792 8888 5067 4553 5393 2960 7006 6736 5652 9081 5297 2460 6300 901 5444 4257 5522 4635 8183 1861 4680 7236 6126 8770 6479 6585 6439 7771 4681 1456 1612 7319 7234 7731 2006 7667 5828 4988 629 3325 8046 4773 6189 3315 7666 6113 3623 5477 3499 8805 3542 8427 4040 2923 1676 5166 7740 9420 8960 1564 2253 2344 5714 1645 9322 7336 1749 1792 8050 1409 2233 6032 9222 0 8554 3282 6862 5326 2032 1819 8272 8951 5156 4884 6647 4730 3714 7754 9549 9270 1387 7407 3752 5463 8006 9090 4727 3613 5949 6699 3539 2415 5642 4878 3826 8095 8880 9735 5179 5833 5447 2709 6350 6997 9432 3573 1847 2331 7034 2189 3288 3032 3022 2152 3816 7644 5789 9248 3502 5140 2177 1595 3012 3454 5721 4622 3736 3328 8484 5489 8640 8961 2734 3853 4127 3117 4750 9794 9422 8294 4319 3961 5085 9464 4231 2435 5455 6946 2726 914 4688 6089 3046 4359 7676 5993 4389 5431 1338 2051
4976 5061 9804 3400 3573 1037 9318 3968 1001 4487 3337 6963 4712 3454 5899 5368 6958 4748 5359 4377 9094 228 1520 7085 5209 1044 5930 5050 8670 6425 5500 6472 5305 8732 7034 8185 9444 3983 2881 9731 3272 3270 6368 2903 8768 3506 4401 3041 6383 4290 7907 4849 1582 4670 892 2251 3379 2277 1775 9257 8933 8378 5530 2071 902 7030 4418 3182 3599 9172 9814 3204 8131 6537 5703 1023 6140 5744 4851 5132 1237 6909 5354 9756 5896 7698 6899 3753 4121 575 7417 6805 6210 4108 8973 1447 4306 8678 6979 4133 8606 6329 6245 4022 8554 0 6289 6202 3446 9587 8461 2737 1495 5915 5151 2434 6283 8063 5109 5564 2586 8113 1362 6735 4841 769 724 6201 7083 6145 2375 5431 8819 9949 6643 5319 3675 2688 3793 5316 4819 5081 6086 6549 3997 3062 7301 8783 9485 1520 6523 6709 9463 9758 8792 10400 4695 8332 3775 6473 6142 7334 7841 9385 5145 5587 5142 6911 7010 164 7075 1998 699 6821 6654 7028 6842 5535 3156 932 2302 9192 4678 5441 4291 5737 8264 3164 3881 8681 7811 8882 3830 9371 4412 3969 2575 8265 3704 8802 8448
1391 2526 3723 3781 5735 6704 3096 7153 6064 4048 2957 1219 5414 5360 878 5671 812 4632 5493 2331 2981 6337 4817 4428 1993 6577 5483 1644 5424 3973 4239 6500 5611 7018 5750 7014 3156 3822 3849 7883 6011 3506 1093 3538 2984 4256 2095 3658 1497 7553 1803 1590 4752 5863 6235 4038 3567 4012 6138 6966 4474 4246 4041 5674 5646 1279 4425 3147 2888 3726 3527 6992 6508 3050 767 5282 6609 545 5311 2715 6174 839 5145 3555 1014 3740 6192 6945 6244 6803 3313 3351 2056 2629 4627 7408 6822 4537 1577 4838 4252 2208 6591 6049 3282 6289 0 7269 3969 3453 2319 5282 6258 5637 1644 5147 1558 1975 4474 6271 7795 3875 5486 4855 2227 5959 6654 5411 1046 6470 4037 978 2556 7963 1834 978 4941 7517 8609 5296 5656 5422 2949 7005 6366 8100 5078 2633 3267 4883 1400 4393 3174 3473 2570 4119 7262 7385 8225 400 5754 3855 1878 3096 2580 5976 1427 4961 4661 6175 2565 7057 6856 616 874 5382 565 5001 8411 7219 6861 6669 2927 1803 8591 953 4782 3208 3782 2393 3116 6802 5347 3082 3408 6979 3835 2452 4427 2825 2243
6212 8257 8827 7657 2688 7239 9860 2544 5201 8866 5901 8480 9831 2934 6397 1601 8047 9430 10342 5264 9964 6429 6225 3876 7960 5328 1911 5727 4803 3779 3075 1130 10363 3460 2484 2721 9421 8275 7082 4230 8986 4721 6409 6614 7631 3675 5620 4792 8480 2495 7688 7047 6213 1728 7013 5918 7419 5880 4440 4241 6135 5571 9647 4159 5436 6870 9051 6331 5299 7389 9843 3291 3074 9660 6535 6119 749 6974 2041 4554 7302 8099 10158 10307 6269 5210 1885 2657 9767 6140 5311 4680 5465 7306 6034 5755 1985 5694 6515 9072 5883 5398 838 9605 6862 6202 7269 0 4000 8806 8085 8159 7567 1736 7574 3992 8468 9107 9606 10862 4755 5592 4971 3126 7789 5446 6919 2136 8300 913 6481 6416 8718 4486 8862 6644 8759 4308 4350 1973 1776 1878 4570 661 2209 4556 3446 8306 8993 5392 6253 3574 9480 9605 8523 10429 1788 2641 3838 7663 1723 4692 7422 9428 4690 1293 7317 3173 3570 6278 9591 4662 6014 7342 8116 2856 7698 2297 4887 6506 4187 4397 4406 8019 3710 7569 4882 5473 8148 8847 5971 3845 2627 9444 3988 2436 5288 9685 3378 7961 8236
2629 4312 6863 3690 1807 4328 7005 3205 2727 4874 1903 5050 5908 1422 3243 2573 4776 5452 6382 1640 6942 3614 2661 3651 4080 3185 2882 2343 5237 2982 2119 3725 6414 5560 3844 5137 6866 4289 3150 6577 5315 721 3545 2651 5712 337 1921 810 4824 3616 5134 3227 2623 2296 3934 2084 3440 2039 2448 5975 5525 4955 5650 1914 2553 4197 5076 2335 1349 5955 7280 3030 4943 5787 3213 2803 3575 3514 2023 1828 4103 4784 6179 7471 3171 4283 3889 2987 6011 3748 4037 3389 3039 3321 5553 4007 2955 5248 4012 5141 5197 3113 3629 5832 5326 3446 3969 4000 0 6704 5665 4432 4328 2937 3744 1328 4782 5944 5612 6949 4007 4711 2151 3374 3859 2781 4100 3065 4991 3502 2619 2994 6167 6769 5193 3093 4874 3662 4680 2339 2227 2241 2700 4034 2480 4239 3925 5969 6709 2018 3580 3287 6904 7139 6065 7895 3428 5373 4270 4305 3154 3896 4978 6833 1886 2884 3532 3552 3600 3423 5871 3334 3720 4300 4679 3742 4510 2376 4580 4216 3031 5863 1370 4184 4623 3927 4818 1474 4164 6143 4503 5628 1513 6832 991 3041 1393 6383 623 5850 5721
4624 5795 321 7224 8198 10098 2046 9563 9208 7339 6273 3505 8661 7877 3687 7389 3098 7862 8614 5270 2518 9663 8177 5011 5298 9715 6902 4556 4956 5028 5886 7765 8749 7078 6564 7424 1167 7206 7298 7605 9434 6486 3235 6964 1178 6895 5193 6689 4296 9907 1688 5043 8112 7906 9629 7369 7018 7336 9117 6642 3328 3620 7072 8599 8854 2565 7719 6544 6011 1738 1412 9628 6802 5651 3901 8613 8059 3970 7260 4936 9593 3208 8251 2244 3694 3692 7169 9404 9599 10062 3508 4128 3707 6076 3515 10560 9077 3705 2693 8172 3378 3679 7987 9410 2032 9587 3453 8806 6704 0 1140 8729 9690 7077 5035 8021 4418 2694 7623 9396 10711 3418 8608 5733 5599 9154 10020 6673 3156 7896 7444 4172 1087 7571 4390 4340 8330 10361 11319 7023 7627 7266 4390 8325 8696 10934 5594 821 433 8106 3135 5252 1237 1087 935 1813 9428 7819 10862 3445 7085 4171 1754 1258 4849 7613 4861 5733 5327 9490 4785 10024 10092 2849 3565 6137 2997 6609 11280 10502 9736 6274 5360 5061 11132 4307 4450 6425 7181 1447 2853 6683 7725 1303 5828 9370 7032 3236 6950 874 1218
3491 4718 1404 6097 7234 8960 1926 8625 8109 6265 5140 2521 7605 6897 2565 6594 2044 6808 7595 4176 2233 8533 7042 4450 4209 8617 6175 3452 4749 4328 5069 7102 7726 6769 6000 7009 1336 6102 6160 7423 8318 5401 2141 5824 1019 5877 4078 5597 3283 8985 554 3909 6976 7038 8491 6236 5887 6204 8049 6451 3275 3376 6068 7539 7742 1474 6645 5404 4900 1903 1759 8637 6408 4733 2766 7482 7350 2831 6404 3952 8453 2161 7235 2314 2583 3234 6574 8452 8509 8943 2941 3443 2753 4947 3465 9462 8172 3553 1680 7087 3212 2762 7291 8318 1819 8461 2319 8085 5665 1140 0 7600 8550 6349 3923 6967 3399 1961 6591 8380 9662 3084 7511 5119 4495 8045 8885 5983 2148 7190 6304 3037 653 7428 3431 3200 7226 9327 10320 6218 6772 6436 3546 7657 7769 9904 5084 322 1046 6990 2088 4620 1397 1536 438 2352 8549 7406 9878 2340 6387 3634 699 1350 3852 6844 3736 5151 4757 8362 3926 8962 8977 1711 2517 5575 1890 5824 10244 9380 8692 6097 4351 3979 10173 3197 4163 5304 6072 912 2354 6422 6775 1370 4835 8434 5916 2613 5957 637 233
4360 3169 9004 1507 5496 2271 7907 6342 3453 2013 3004 5494 1976 5225 5286 6939 5708 2091 2622 4333 7566 2581 1942 7784 3548 3723 7312 4721 9306 7097 6463 8105 2569 9962 8259 9567 8268 1723 1552 10977 893 3838 5823 2045 8198 4679 4136 3659 4748 6722 7081 3696 1948 6453 1977 2348 1716 2394 4158 10310 9068 8617 3018 4170 2996 6385 1820 2525 3654 8823 8567 5666 9345 4343 4985 2168 7888 4789 6379 5433 1667 5620 2635 8287 5350 7944 8320 6101 1608 3254 7567 7134 6110 2653 9162 4159 6510 8938 6496 1439 8766 6275 7963 1449 8272 2737 5282 8159 4432 8729 7600 0 1535 7358 3718 4184 4626 6610 2487 2871 5312 8282 3356 7690 3195 3167 2471 7495 5739 7843 1841 4743 7770 11158 4884 4484 970 5365 6511 6751 6492 6611 6394 8339 6099 5784 8201 7912 8513 2784 6083 7487 8267 8598 7825 9086 6964 9805 6443 5299 7579 7735 7123 8187 5377 7228 3869 7864 7821 2575 5087 4669 3406 5895 5287 8114 5740 6808 5892 3387 4875 10152 5091 3804 6957 4441 8767 3214 1685 7533 7748 9988 5542 8161 5091 6288 3043 6605 4971 8093 7513
5112 4489 9941 2730 4889 746 9105 5437 2438 3522 3513 6685 3419 4704 6071 6578 6806 3623 4074 4785 8808 1282 1715 7940 4777 2538 7070 5341 9517 7256 6447 7721 3997 9841 8123 9352 9368 3147 2436 10855 1836 3925 6588 2727 9017 4483 4694 3702 5997 5772 8007 4689 1768 5952 604 2498 2832 2542 3216 10296 9545 9033 4544 3410 2131 7212 3352 3161 4008 9542 9701 4686 9228 5799 5812 1538 7430 5726 6033 5749 267 6734 4132 9512 6103 8347 8069 5214 2675 1890 8014 7479 6657 3740 9611 2776 5732 9347 7246 2967 9226 6802 7524 2598 8951 1495 6258 7567 4328 9690 8550 1535 0 7081 4848 3631 5881 7811 4022 4173 4032 8731 2597 7702 4404 2162 999 7309 6880 7415 2265 5547 8809 11059 6187 5352 2500 4173 5241 6468 6061 6268 6734 7858 5387 4510 8252 8870 9525 2336 6802 7595 9376 9694 8827 10252 6142 9537 5257 6354 7309 8052 7998 9296 5728 6828 4928 7880 7916 1366 6481 3488 2054 6847 6430 8057 6771 6621 4561 1918 3795 10190 5334 5031 5772 5530 9044 3530 3078 8613 8309 9941 5066 9275 5189 5424 3101 7891 4736 8978 8496
4699 6901 7107 6587 2462 6919 8135 3197 4970 7718 4719 6856 8822 2476 4759 606 6394 8321 9269 3829 8253 6124 5517 2226 6544 5253 176 4177 3429 2049 1398 880 9311 2831 1213 2275 7685 7153 6074 3819 8234 3600 4723 5564 5905 2680 4189 3738 6928 3373 5957 5613 5488 1433 6599 5016 6326 4972 4322 3435 4547 3958 8391 3879 5041 5154 7953 5200 4052 5701 8108 3707 2249 8210 4931 5549 1004 5391 1064 2953 6832 6453 9042 8580 4625 3530 989 3171 8946 6016 3596 2949 3757 6039 4470 5885 2560 4123 4792 8055 4270 3679 963 8767 5156 5915 5637 1736 2937 7077 6349 7358 7081 0 6132 3488 6929 7420 8441 9865 5208 3933 4564 1491 6423 5151 6633 475 6650 850 5555 4843 6984 4042 7310 5102 7805 4748 5197 614 1176 838 2847 1369 2434 5164 1939 6570 7258 4758 4548 1883 7744 7869 6787 8693 2703 2462 4665 6036 228 3006 5688 7693 3088 613 5854 1585 1944 5948 8050 4861 5925 5661 6500 1406 6034 657 5533 6447 4390 3451 2900 6570 4717 6032 3357 4336 7032 7118 4255 3038 2099 7710 2572 3015 4328 8017 2391 6229 6502
1478 947 5320 2213 5533 5383 4257 6886 5153 2414 2079 1842 3784 5150 2001 6001 1990 3014 3909 2316 3976 5154 3632 5465 444 5649 6006 2034 6701 4882 4799 7010 4018 8019 6543 7880 4555 2183 2415 8958 4400 3084 2488 2252 4628 4077 1956 3140 1242 7306 3431 528 3569 5965 4926 2971 2040 2961 5418 8101 5971 5661 2553 5045 4672 2885 2788 2009 2406 5357 4868 6550 7454 2087 1668 4129 7011 1268 5534 3258 4806 1905 3575 4669 2122 5075 6872 6652 4601 5707 4648 4491 3193 1108 6108 6431 6694 5970 3112 3194 5718 3372 7024 4407 4884 5151 1644 7574 3744 5035 3923 3718 4848 6132 0 4618 1154 2966 2896 4676 7057 5292 4639 5716 584 4985 5390 6024 2037 6896 2781 1550 4054 9073 1548 1213 3305 6860 8027 5663 5828 5701 3896 7449 6217 7428 6063 4225 4801 3936 2803 5324 4557 4885 4118 5408 7169 8219 7720 1591 6296 5068 3522 4477 3133 6325 306 5855 5636 5016 2150 6299 5789 2255 1585 6236 2038 5475 7695 6075 6206 7844 3232 446 8149 728 6075 2485 2150 3815 4594 7879 5254 4453 3595 6739 3040 3115 4330 4459 3816
3762 4984 8185 3906 1313 3431 8227 2362 1540 5163 2555 6140 5950 1076 4490 2958 5935 5657 6510 2843 8126 2639 2242 4753 4875 1933 3498 3575 6325 4127 3135 4092 6511 6299 4601 5762 8139 4563 3289 7300 4997 1642 4833 2913 7039 1223 3052 1512 5800 2781 6429 4143 2236 2327 3121 2087 3715 2061 1125 6828 6778 6193 6081 587 1553 5495 5276 2802 2293 7276 8548 1933 5697 6529 4415 2136 3802 4651 2426 3153 3374 5928 6373 8691 4433 5536 4475 2115 5788 2602 5320 4647 4366 3924 6791 2721 2373 6474 5327 5213 6450 4440 3894 5632 6647 2434 5147 3992 1328 8021 6967 4184 3631 3488 4618 0 5737 7108 5900 6959 2695 5972 1076 4339 4586 1681 3148 3768 6130 3785 2634 4173 7450 7517 6146 4211 4854 2378 3468 2885 2430 2659 3991 4236 1932 2961 4908 7275 8013 1403 4889 4363 8174 8421 7359 9161 2849 5925 3116 5449 3716 5115 6285 8102 3213 3199 4465 4512 4645 2460 6766 2007 2541 5535 5777 4605 5704 3104 3286 3059 1730 6772 2698 5031 3532 4949 5970 2134 4435 7404 5812 6450 1435 8099 2291 2252 1638 7491 1337 7171 7013
2257 1470 4728 3168 6587 6458 3288 7966 6306 2964 3220 925 4252 6202 2319 6873 1362 3452 4200 3233 2942 6275 4764 5939 1105 6801 6789 2754 6982 5436 5549 7807 4333 8530 7183 8482 3733 2947 3482 9416 5197 4161 2645 3380 4273 5107 2895 4240 127 8382 3009 1594 4702 6927 6010 4123 3050 4113 6566 8509 5999 5797 2669 6182 5824 2778 3339 3161 3480 5097 3988 7665 8002 1493 2057 5264 7859 1570 6445 3981 5864 1241 3838 3662 2462 5298 7580 7736 5242 6843 4871 4880 3566 2185 6158 7580 7735 6084 3117 3815 5791 3729 7858 5061 4730 6283 1558 8468 4782 4418 3399 4626 5881 6929 1154 5737 0 1996 3204 4984 8209 5427 5792 6308 1479 6137 6487 6761 1263 7732 3908 2094 3357 9503 411 1829 4041 8005 9166 6515 6762 6591 4412 8281 7261 8576 6577 3661 4114 5090 2957 5868 3720 4061 3483 4476 8203 8843 8848 1243 7072 5403 3191 3642 3846 7191 1272 6428 6154 6144 1123 7450 6930 2005 893 6837 1615 6276 8846 7201 7350 8218 4064 854 9269 900 6340 3611 2956 3053 4659 8333 6273 3611 4487 7811 4183 2011 5340 4007 3239
3346 3467 3015 5132 7705 8347 1298 9124 7942 4942 4797 1126 6182 7331 2768 7525 1172 5389 6050 4305 1035 8084 6553 5875 3064 8452 7256 3613 6496 5566 6036 8255 6193 8377 7344 8505 1795 4942 5381 9129 7193 5466 2699 5193 2978 6229 4059 5607 1871 9522 1873 3214 6488 7785 7888 5829 4988 5809 8072 8167 5154 5153 4502 7624 7497 2332 5310 4882 4829 3862 2004 8965 7941 2996 2736 7041 8415 2457 7208 4596 7772 1185 5687 1703 2877 4857 7853 8917 7217 8604 4483 4782 3673 4072 5339 9268 8780 5376 2733 5796 5042 3773 8383 7040 3714 8063 1975 9107 5944 2694 1961 6610 7811 7420 2966 7108 1996 0 5099 6822 9733 4819 7382 6434 3426 7812 8345 7137 991 8268 5719 2951 1617 9164 1829 2899 6035 9469 10574 7145 7563 7299 4600 8785 8329 10052 6537 2101 2315 6737 2883 5941 1770 2113 1830 2480 9213 8894 10196 1660 7510 5146 2171 1697 4466 7817 2927 6508 6154 7936 2103 8987 8672 1765 1409 6941 1448 6812 10355 8994 8811 7830 4862 2807 10565 2327 5873 5104 4950 1247 4028 8083 7309 1660 5353 8949 5725 683 6396 2587 1735
4220 1958 7932 1995 7130 4758 6322 8242 5639 743 3730 4121 1105 6788 4892 8163 4547 415 1019 4740 5890 4987 3907 8202 2491 6005 8348 4751 9535 7569 7257 9284 1140 10674 9082 10436 6887 1342 2613 11652 2560 4896 5384 3015 7414 5932 4411 4815 3326 8652 6165 3230 3876 7886 4438 3813 2202 3840 6229 10846 8867 8547 655 6084 5132 5748 691 3277 4389 8193 7096 7673 10081 2251 4557 4315 9177 4161 7626 5854 4146 4431 679 6620 5008 7945 9305 7993 2251 5662 7522 7303 6044 2442 9003 6556 8261 8859 6001 1072 8612 6223 9222 2111 7754 5109 4474 9606 5612 7623 6591 2487 4022 8441 2896 5900 3204 5099 0 1799 7604 8180 5367 8336 2346 5374 4943 8443 4467 9094 3276 4411 6558 11790 3274 4076 1528 7581 8767 7885 7838 7835 6648 9635 7803 8060 8752 6861 7312 4656 5699 8004 6866 7210 6688 7519 8743 10740 8621 4303 8637 7896 6309 6791 5750 8481 3184 8493 8332 4945 3154 6902 5803 5051 4073 8833 4737 7809 8216 5846 7014 10615 5680 2671 9120 3522 8923 4141 1471 6242 7489 10590 7023 6756 5893 8146 4352 4873 6231 7184 6439
5932 3749 9708 3282 8256 4898 8002 9191 6324 2313 5174 5891 1042 7952 6659 9521 6337 1680 785 6334 7544 5386 4754 9852 4283 6578 9790 6442 11239 9197 8779 10673 660 12255 10614 11961 8617 2778 3800 13250 2341 6265 7162 4302 9212 7243 6031 6139 5104 9579 7962 4971 4747 9136 4730 4945 3551 4983 7026 12481 10639 10300 2327 7009 5865 7543 1986 4678 5863 9992 8800 8531 11651 3863 6324 5033 10513 5944 8967 7471 4385 6219 1146 8264 6770 9683 10778 8948 1547 6040 9265 9003 7776 4076 10770 6940 9320 10615 7788 1810 10377 7955 10573 1582 9549 5564 6271 10862 6949 9396 8380 2871 4173 9865 4676 6959 4984 6822 1799 0 8150 9936 6209 9921 4111 6037 5171 9922 6246 10447 4381 6161 8323 13402 5018 5832 2107 8227 9357 9281 9133 9189 8321 10971 8890 8626 10369 8645 9074 5589 7473 9624 8592 8934 8463 9187 9786 12242 9308 6102 10074 9603 8108 8519 7378 9829 4956 10084 9957 5408 4788 7530 6200 6851 5863 10399 6535 9260 8710 6088 7746 12269 7243 4469 9823 5319 10638 5532 2885 7998 9262 12205 8237 8482 7389 9128 5588 6530 7545 8978 8223
6404 7217 10869 5746 2848 3391 10888 2212 1991 6934 4996 8718 7287 3030 7175 4603 8566 7266 7928 5525 10761 2770 3737 7038 7234 1601 5299 6260 8517 6502 5441 5433 7880 7938 6421 7264 10829 6383 5151 8845 5849 4303 7528 4983 9710 3837 5707 4138 8287 2326 9124 6638 3779 3775 3441 4141 5653 4141 1661 8617 9242 8639 7960 2131 2508 8190 6917 5075 4908 9897 11235 1517 7407 8761 7082 3293 4996 7281 4267 5809 3792 8548 7904 11349 7123 8022 6070 2124 6696 2146 7862 7161 7036 6172 9228 1325 2808 8893 8018 6677 8920 7098 5126 6603 9270 2586 7795 4755 4007 10711 9662 5312 4032 5208 7057 2695 8209 9733 7604 8150 0 8466 2426 6467 6897 2238 3068 5629 8745 5068 4520 6832 10142 9091 8605 6837 6229 462 1210 4741 4044 4435 6571 5291 2786 477 7017 9969 10707 3155 7582 6634 10863 11113 10053 11847 2979 7292 1298 8074 5404 7553 8979 10789 5881 4683 6959 6619 6857 2743 9153 759 1981 8213 8366 6573 8357 5111 640 2262 979 8656 5364 7428 1791 7495 8280 4641 6267 10089 8404 8214 3325 10785 4923 2333 4036 10068 3840 9857 9707
4032 6239 3361 6955 5666 8900 5008 6859 7437 7629 5304 4845 8984 5439 3292 4372 4260 8257 9185 3975 5305 8259 7024 1717 5718 7886 3764 3582 1680 2013 3066 4492 9284 3699 3208 4007 4315 7246 6732 4343 9142 4864 2828 6243 2275 4750 4147 5095 5355 7131 2959 4965 6967 5054 8463 6235 6684 6190 7085 3372 820 371 7834 6546 7241 2683 7980 5761 4730 1816 4694 7133 3387 6920 3625 7324 4846 4049 4417 2997 8552 4372 8859 5375 3172 444 3829 6755 9592 8453 719 1325 2191 5916 883 8692 6281 679 2314 8302 495 2018 4754 9392 1387 8113 3875 5592 4711 3418 3084 8282 8731 3933 5292 5972 5427 4819 8180 9936 8466 0 6860 2467 5834 7486 8718 3479 4493 4682 6559 3775 3720 4359 5658 4106 8268 8047 8795 4055 4753 4346 2028 5045 5992 8571 2216 3175 3712 6612 2508 2053 4386 4398 3467 5199 6539 4402 8287 4192 3886 949 2654 4359 3006 4526 4998 2424 2022 8068 6342 7898 8429 3466 4622 2788 3901 3620 8941 8921 7507 3024 3440 5586 8450 4752 1079 5207 7166 3992 798 3340 5173 4390 3721 6662 5651 5502 4667 2696 3303
4107 4800 8801 3420 2291 2356 8578 2987 602 4657 2597 6336 5244 2124 4959 4028 6228 5070 5846 3338 8416 1564 1476 5752 4808 1107 4574 4059 7334 5103 4153 5151 5826 7374 5673 6837 8595 4077 2803 8376 4102 2132 5375 2575 7705 2169 3447 1921 5874 3370 6960 4234 1498 3364 2061 1721 3291 1718 865 7895 7676 7106 5650 830 480 6046 4700 2649 2623 8033 8988 2331 6771 6350 4816 1196 4842 4955 3501 3924 2334 6199 5758 9032 4929 6434 5550 2745 4926 1598 6179 5539 5073 3750 7704 1951 3184 7399 5939 4549 7347 5174 4940 4787 7407 1362 5486 4971 2151 8608 7511 3356 2597 4564 4639 1076 5792 7382 5367 6209 2426 6860 0 5381 4472 634 2072 4841 6390 4835 2146 4553 7933 8592 6185 4512 4143 2281 3477 3961 3490 3733 4841 5265 2808 2823 5948 7828 8552 742 5486 5370 8623 8895 7874 9591 3624 6995 3270 5734 4791 6045 6855 8547 3956 4260 4552 5555 5665 1384 6727 1668 1570 5956 5994 5666 6051 4173 3065 2065 1666 7831 3461 5004 3760 5105 6947 2282 3954 7841 6618 7521 2495 8538 3138 2935 1657 7681 2351 7787 7526
4238 6590 5732 6667 3624 7674 6987 4601 5879 7659 4780 6052 8891 3509 4005 2002 5528 8290 9253 3599 7169 6924 6025 750 6155 6244 1331 3682 2049 883 1256 2040 9318 2338 909 2176 6447 7146 6249 3330 8583 3862 3817 5721 4555 3243 3926 4060 6282 4819 4795 5237 5983 2778 7297 5373 6390 5326 5344 2620 3057 2470 8172 4839 5834 4105 7946 5285 4090 4265 6860 5016 1748 7712 4252 6175 2379 4739 2207 2489 7476 5608 8983 7411 3861 2087 1455 4541 9207 6941 2226 1685 2814 5895 2980 6965 3983 2633 3710 8137 2783 2685 2289 9016 3752 6735 4855 3126 3374 5733 5119 7690 7702 1491 5716 4339 6308 6434 8336 9921 6467 2467 5381 0 6118 6008 7424 1022 5788 2215 5849 4243 5769 3488 6650 4554 7966 6018 6593 1756 2480 2067 1906 2599 3777 6485 569 5305 5955 5383 3575 501 6511 6599 5550 7423 4174 2535 6067 5250 1421 1575 4504 6468 2602 2100 5415 177 454 6736 7395 6019 6877 4735 5727 528 5150 1358 6858 7397 5574 2489 2678 6122 6161 5446 1881 4490 7036 5951 2881 2302 3167 6489 2599 4411 4686 7076 3031 4914 5296
1907 478 5889 1706 5604 4981 4724 6911 4947 1833 2039 2303 3205 5226 2548 6244 2528 2441 3352 2598 4407 4821 3330 5917 375 5426 6308 2456 7203 5309 5134 7296 3455 8441 6917 8265 5076 1608 2007 9398 3842 3160 3051 1954 5211 4197 2242 3174 1593 7333 4010 898 3270 6134 4535 2759 1573 2757 5289 8561 6528 6201 2065 4962 4448 3466 2206 1829 2512 5940 5373 6513 7865 1948 2214 3831 7262 1841 5751 3634 4385 2434 3025 5118 2663 5600 7210 6670 4021 5408 5177 4978 3703 737 6661 6177 6771 6513 3686 2611 6269 3882 7286 3827 5463 4841 2227 7789 3859 5599 4495 3195 4404 6423 584 4586 1479 3426 2346 4111 6897 5834 4472 6118 0 4755 5015 6353 2545 7157 2472 2065 4602 9522 1810 1730 2732 6734 7919 5922 6022 5932 4350 7709 6294 7290 6495 4794 5353 3744 3362 5750 5074 5407 4677 5895 7253 8592 7645 2156 6599 5565 4105 4994 3517 6569 846 6265 6070 4697 2262 6140 5503 2837 2095 6632 2606 5770 7537 5750 6091 8315 3545 626 8094 1299 6585 2479 1583 4348 5151 8324 5369 4968 3856 6775 2959 3490 4469 5038 4382
4598 5038 9355 3512 2805 1800 9035 3280 288 4698 3017 6741 5121 2686 5482 4601 6674 5045 5748 3891 8848 989 1502 6385 5108 673 5170 4598 7967 5737 4784 5703 5712 7972 6280 7420 9094 4146 2925 8969 3823 2713 5920 2806 8278 2803 3967 2492 6227 3627 7492 4621 1547 3901 1579 2014 3430 2025 1055 8508 8303 7736 5723 1303 315 6589 4690 2977 3144 8630 9478 2545 7374 6566 5319 1059 5372 5419 4087 4536 1894 6637 5700 9483 5463 7062 6134 3054 4667 967 6801 6167 5666 4019 8333 1456 3575 8030 6502 4474 7974 5773 5476 4547 8006 769 5959 5446 2781 9154 8045 3167 2162 5151 4985 1681 6137 7812 5374 6037 2238 7486 634 6008 4755 0 1493 5446 6822 5376 2314 5051 8444 9189 6518 4981 4038 2217 3394 4556 4050 4316 5464 5783 3246 2687 6576 8364 9082 1077 6047 6003 9118 9399 8397 10076 3981 7564 3283 6182 5378 6677 7401 9041 4563 4818 4932 6182 6297 832 7016 1529 955 6454 6411 6284 6521 4784 2863 1435 1709 8451 4075 5321 3794 5506 7581 2759 4030 8335 7229 8130 3063 9030 3766 3263 2135 8073 2981 8344 8050
5396 5174 10251 3438 4297 336 9621 4645 1719 4388 3747 7227 4403 4177 6341 6090 7277 4555 5058 4892 9364 509 1843 7750 5390 1670 6646 5530 9337 7082 6182 7196 4986 9446 7744 8906 9805 3948 3010 10448 2834 3854 6831 3153 9253 4184 4874 3623 6595 4949 8333 5147 1909 5394 511 2654 3476 2688 2483 9962 9537 8994 5428 2795 1600 7483 4260 3508 4103 9700 10161 3867 8843 6577 6119 1425 6864 6110 5570 5723 807 7218 5100 10047 6351 8310 7619 4437 3669 927 8013 7422 6753 4304 9585 1786 5009 9299 7463 3910 9212 6881 6969 3596 9090 724 6654 6919 4100 10020 8885 2471 999 6633 5390 3148 6487 8345 4943 5171 3068 8718 2072 7424 5015 1493 0 6913 7381 6869 2631 5848 9205 10664 6824 5702 3441 3247 4273 6033 5542 5800 6692 7272 4712 3544 7988 9207 9893 2109 7009 7381 9820 10125 9196 10734 5385 9055 4322 6803 6861 7965 8288 9740 5726 6311 5420 7600 7686 690 7192 2583 1091 7212 6940 7729 7195 6242 3576 923 2942 9890 5278 5634 4834 6024 8913 3644 3862 9043 8377 9590 4553 9724 5045 4657 3099 8493 4396 9260 8855
4565 6831 6691 6640 2838 7188 7800 3656 5280 7732 4751 6629 8881 2806 4535 1043 6145 8346 9302 3756 7940 6405 5701 1766 6448 5591 337 4026 2961 1656 1225 1125 9351 2537 835 2072 7319 7181 6154 3547 8380 3683 4451 5635 5497 2846 4111 3843 6752 3842 5612 5514 5668 1864 6849 5147 6372 5102 4665 3074 4078 3492 8357 4199 5314 4842 7985 5245 4068 5261 7739 4139 1930 8086 4731 5771 1387 5204 1399 2787 7066 6212 9061 8238 4397 3084 863 3620 9066 6336 3175 2553 3464 6017 3999 6253 3023 3652 4467 8115 3805 3370 1314 8883 4727 6201 5411 2136 3065 6673 5983 7495 7309 475 6024 3768 6761 7137 8443 9922 5629 3479 4841 1022 6353 5446 6913 0 6404 1224 5670 4667 6624 3756 7131 4945 7890 5171 5656 912 1586 1201 2538 1675 2872 5603 1466 6193 6869 4974 4255 1441 7380 7492 6419 8317 3177 2323 5125 5811 413 2563 5335 7331 2919 1088 5737 1111 1476 6224 7875 5250 6254 5390 6281 950 5778 691 5973 6777 4785 3057 2808 6455 5187 5870 2882 4394 7063 6774 3835 2689 2435 7349 2550 3471 4453 7750 2577 5834 6144
2373 2669 3464 4241 6769 7395 2240 8185 6951 4201 3806 383 5509 6391 1904 6705 260 4709 5462 3351 2026 7109 5577 5300 2206 7461 6493 2684 6128 4906 5253 7506 5596 7866 6693 7919 2532 4121 4444 8684 6374 4490 1971 4228 3063 5285 3088 4626 1143 8588 1803 2238 5512 6909 6932 4843 4076 4823 7085 7742 4969 4852 3927 6640 6507 1822 4579 3902 3845 3916 2832 8001 7387 2606 1811 6062 7631 1482 6354 3751 6829 208 5100 2673 2031 4443 7164 7973 6473 7620 4035 4203 2975 3143 5141 8278 7864 5114 2217 5044 4799 3104 7609 6288 3613 7083 1046 8300 4991 3156 2148 5739 6880 6650 2037 6130 1263 991 4467 6246 8745 4493 6390 5788 2545 6822 7381 6404 0 7489 4751 2001 2101 8744 1292 1919 5237 8486 9598 6328 6700 6461 3898 8020 7406 9068 5960 2401 2859 5747 2223 5310 2528 2862 2221 3373 8306 8299 9227 686 6758 4647 2026 2449 3617 7007 1962 5881 5555 6958 1878 7998 7686 1071 453 6309 639 6022 9369 8015 7828 7425 3973 1955 9605 1358 5488 4113 4113 1815 3698 7614 6388 2423 4454 8013 4734 1407 5465 2768 1979
5488 7631 7915 7191 2576 7173 8984 2910 5161 8362 5364 7687 9407 2713 5593 932 7233 8949 9884 4582 9104 6364 5945 2965 7299 5371 1020 4979 3965 2873 2237 365 9916 2885 1632 2196 8526 7783 6647 3777 8700 4205 5569 6153 6721 3205 4942 4312 7736 2985 6804 6372 5924 1475 6896 5532 6939 5490 4447 3610 5240 4669 9083 4074 5313 6004 8575 5825 4721 6476 8948 3554 2400 8981 5754 5912 164 6208 1480 3770 7157 7291 9675 9428 5461 4298 1090 2950 9446 6167 4398 3773 4606 6729 5145 5911 2276 4803 5641 8641 4982 4529 129 9275 5949 6145 6470 913 3502 7896 7190 7843 7415 850 6896 3785 7732 8268 9094 10447 5068 4682 4835 2215 7157 5376 6869 1224 7489 0 6087 5655 7827 4023 8118 5903 8362 4607 4863 1235 1361 1261 3697 553 2313 4947 2559 7406 8088 5142 5398 2661 8586 8706 7627 9530 2267 2244 4333 6868 812 3779 6533 8536 3906 619 6626 2268 2662 6199 8855 4839 6059 6507 7329 1973 6876 1469 5302 6571 4357 3710 3678 7338 4298 6833 3999 4957 7659 7965 5059 3204 2350 8553 3306 2755 4864 8861 2903 7054 7346
2848 2727 7689 1290 3899 2667 6991 4966 2534 2546 1266 4607 3351 3580 3806 5168 4646 3023 3886 2584 6743 2373 858 5958 2837 2987 5499 3088 7496 5270 4622 6330 3895 8123 6423 7740 7180 1952 667 9138 2734 1999 4323 529 6753 2888 2451 1828 4009 5376 5757 2516 799 4755 2199 564 1145 602 3008 8469 7362 6879 3512 2814 2020 4949 2642 900 1849 7284 7532 4409 7507 4252 3553 1359 6145 3497 4610 3636 2151 4587 3740 7419 3838 6197 6505 4718 3396 2938 5840 5359 4433 1736 7442 3711 5005 7197 4982 2598 7050 4586 6211 3214 6699 2375 4037 6481 2619 7444 6304 1841 2265 5555 2781 2634 3908 5719 3276 4381 4520 6559 2146 5849 2472 2314 2631 5670 4751 6087 0 3286 6593 9317 4269 3104 2280 4420 5617 4955 4758 4837 4613 6602 4556 4944 6362 6625 7294 1409 4540 5653 7193 7502 6596 8103 5483 7987 5414 4173 5773 5952 5739 7114 3593 5469 2793 6024 5986 2236 4722 3776 3031 4610 4312 6274 4570 4987 5156 3295 3811 8315 3271 3066 5899 3395 6975 1389 1826 6419 6088 8147 3857 7096 3251 4873 1228 5895 3188 6718 6260
456 2491 4408 3298 4768 5928 4057 6184 5140 3856 2103 2099 5217 4390 544 4816 1783 4483 5411 1354 3958 5498 4005 3938 1992 5652 4699 698 5151 3385 3457 5719 5510 6512 5103 6418 4044 3501 3224 7434 5543 2534 1081 2830 3480 3284 1125 2694 2087 6587 2485 1191 3940 4946 5460 3199 3047 3167 5179 6563 4488 4140 4102 4707 4742 1667 4212 2386 1935 4081 4435 6014 5962 3469 272 4445 5786 559 4420 1890 5435 1794 5089 4520 623 3535 5487 5973 5896 5925 3112 2942 1644 2186 4613 6490 5867 4454 1754 4556 4218 1822 5780 5697 3539 5431 978 6416 2994 4172 3037 4743 5547 4843 1550 4173 2094 2951 4411 6161 6832 3775 4553 4243 2065 5051 5848 4667 2001 5655 3286 0 3395 7542 2467 337 4567 6546 7632 4450 4755 4548 2375 6200 5407 7130 4552 3360 4054 3982 1357 3824 4070 4348 3361 5038 6314 6772 7247 1317 4981 3517 2453 3994 1755 5130 1246 4372 4125 5328 3210 6098 5967 1404 1727 4770 1531 4192 7444 6354 5891 6299 2020 1911 7614 1208 4527 2293 3431 3288 3116 6352 4391 3985 2482 6012 2916 3403 3465 3432 3016
3850 4764 1407 6264 7785 9259 1290 9187 8525 6301 5483 2436 7608 7440 2978 7214 2076 6808 7542 4623 1646 8878 7365 5103 4284 9037 6810 3890 5375 4972 5687 7745 7679 7412 6652 7661 715 6200 6388 8051 8444 5852 2623 6093 1548 6396 4486 6037 3233 9555 1060 4123 7299 7635 8791 6575 6073 6546 8511 7079 3861 4001 5997 8012 8136 1984 6680 5700 5311 2393 1141 9167 7058 4564 3126 7822 7986 3096 7007 4508 8729 2176 7179 1662 3021 3883 7225 9008 8571 9319 3595 4091 3338 5128 4051 9878 8751 4163 2255 7142 3821 3363 7930 8385 2415 8819 2556 8718 6167 1087 653 7770 8809 6984 4054 7450 3357 1617 6558 8323 10142 3720 7933 5769 4602 8444 9205 6624 2101 7827 6593 3395 0 8050 3310 3505 7321 9821 10841 6836 7374 7047 4165 8299 8338 10402 5737 577 758 7377 2625 5270 767 972 265 1751 9138 8058 10410 2473 7027 4288 1299 710 4401 7470 3909 5803 5410 8711 3699 9429 9363 1999 2529 6228 2041 6448 10735 9746 9179 6722 4886 4039 10720 3330 4798 5687 6183 377 3003 7060 7335 726 5377 8998 6310 2196 6494 1106 483
7617 9984 7427 10155 6483 10943 9340 6920 9011 11127 8268 9068 12375 6518 7197 4617 8495 11760 12723 7070 9658 10156 9428 3608 9517 9289 4019 7066 2680 4221 4695 3659 12792 1219 2935 1828 8595 10624 9735 258 12049 7320 6871 9207 6537 6581 7384 7505 9454 6948 7315 8627 9391 5400 10605 8823 9877 8776 8358 1002 4244 4052 11587 7921 9067 6927 11423 8773 7578 5834 8943 7576 1831 10969 7492 9521 4100 7975 5104 5939 10818 8597 12445 9682 7056 4315 3075 6972 12689 10057 4712 4625 5944 9356 4056 9892 6293 3894 6528 11623 4234 5777 3968 12500 5642 9949 7963 4486 6769 7571 7428 11158 11059 4042 9073 7517 9503 9164 11790 13402 9091 4359 8592 3488 9522 9189 10664 3756 8744 4023 9317 7542 8050 0 9797 7872 11454 8630 8822 4633 5188 4880 5178 3860 6325 8961 3038 7487 7930 8723 6571 3786 8668 8629 7790 9384 6226 1845 8302 8331 3817 4111 7009 8651 6040 4456 8768 3321 3458 9976 10521 8839 9965 7679 8795 3043 8120 4439 9310 10486 8359 1335 6163 9452 8196 8702 3292 7971 10517 8340 5138 1200 6140 8686 6077 6773 8129 9844 6323 6978 7652
2655 1716 4706 3460 6998 6783 3087 8377 6693 3124 3623 912 4353 6613 2647 7265 1459 3560 4240 3638 2700 6628 5127 6255 1437 7185 7166 3139 7244 5773 5924 8186 4380 8846 7532 8820 3613 3178 3815 9717 5407 4572 2926 3744 4355 5518 3302 4650 382 8794 3093 2003 5066 7331 6341 4505 3364 4497 6965 8799 6193 6025 2692 6587 6207 2982 3488 3546 3891 5204 3832 8074 8328 1316 2407 5628 8246 1927 6844 4358 6182 1336 3876 3430 2791 5555 7942 8148 5394 7207 5132 5184 3879 2536 6359 7956 8146 6303 3344 3979 6001 4036 8243 5220 4878 6643 1834 8862 5193 4390 3431 4884 6187 7310 1548 6146 411 1829 3274 5018 8605 5658 6185 6650 1810 6518 6824 7131 1292 8118 4269 2467 3310 9797 0 2218 4241 8406 9570 6905 7163 6986 4747 8665 7672 8976 6900 3670 4057 5478 3229 6201 3593 3936 3463 4285 8613 9185 9256 1474 7448 5688 3305 3518 4222 7582 1682 6765 6480 6501 746 7846 7297 2197 1040 7178 1775 6658 9243 7557 7752 8501 4456 1203 9678 1295 6601 4018 3201 2980 4877 8636 6683 3483 4886 8222 4585 1721 5749 4056 3251
464 2153 4590 3018 4889 5765 4067 6297 5087 3530 1983 1958 4894 4507 839 5047 1730 4154 5079 1467 3925 5373 3861 4266 1655 5600 4963 925 5488 3703 3727 5980 5179 6834 5405 6728 4126 3190 2987 7762 5267 2570 1369 2625 3716 3399 1175 2708 1836 6705 2656 867 3795 5133 5296 3071 2776 3043 5177 6895 4812 4472 3764 4724 4668 1902 3889 2206 1930 4352 4502 6087 6280 3161 512 4317 6030 445 4630 2159 5253 1717 4755 4522 940 3871 5774 6080 5596 5829 3447 3278 1981 1888 4940 6431 6010 4785 2034 4242 4545 2160 6029 5397 3826 5319 978 6644 3093 4340 3200 4484 5352 5102 1213 4211 1829 2899 4076 5832 6837 4106 4512 4554 1730 4981 5702 4945 1919 5903 3104 337 3505 7872 2218 0 4269 6570 7679 4687 4955 4769 2700 6451 5543 7152 4875 3521 4193 3905 1662 4142 4146 4439 3495 5096 6465 7077 7310 1239 5247 3854 2657 4069 2026 5364 909 4686 4448 5208 2952 6094 5880 1510 1586 5079 1541 4447 7457 6248 5912 6634 2238 1581 7692 930 4864 2231 3125 3364 3437 6681 4534 4056 2676 6130 2858 3295 3601 3636 3157
4246 2575 8620 1324 6150 3240 7319 7111 4318 1165 3186 4950 1102 5845 5104 7439 5246 1124 1711 4443 6941 3531 2672 7969 3038 4630 7740 4690 9431 7295 6782 8598 1683 10282 8610 9947 7760 1124 1735 11289 1170 4210 5637 2257 7917 5158 4182 4068 4167 7505 6736 3418 2659 7033 2945 2842 1602 2881 4981 10563 9023 8619 2094 4926 3834 6135 891 2680 3876 8609 8028 6474 9671 3527 4781 2997 8423 4500 6882 5581 2638 5146 1680 7671 5190 7966 8737 6865 1329 4207 7566 7212 6077 2382 9134 5110 7220 8939 6302 469 8736 6251 8486 1130 8095 3675 4941 8759 4874 8330 7226 970 2500 7805 3305 4854 4041 6035 1528 2107 6229 8268 4143 7966 2732 4038 3441 7890 5237 8362 2280 4567 7321 11454 4241 4269 0 6253 7418 7213 7037 7107 6494 8880 6787 6696 8444 7526 8076 3496 5924 7708 7752 8090 7405 8513 7688 10212 7321 4888 8019 7818 6817 7673 5504 7743 3517 8135 8044 3511 4338 5561 4356 5556 4796 8423 5338 7216 6822 4355 5731 10376 5300 3284 7830 4029 8859 3500 1159 7052 7666 10265 6132 7643 5389 7040 3497 5949 5459 7763 7113
6128 7076 10511 5677 2406 3579 10602 1765 1943 6892 4785 8476 7330 2608 6867 4143 8298 7258 7962 5221 10493 2892 3680 6598 7060 1652 4840 5953 8067 6072 5010 4971 7922 7475 5961 6803 10514 6326 5068 8384 5958 4012 7201 4856 9343 3469 5422 3862 8079 1912 8794 6421 3716 3315 3571 3999 5563 3994 1445 8155 8817 8213 7904 1846 2450 7857 6900 4905 4641 9505 10924 1054 6945 8628 6791 3271 4536 7013 3814 5441 3921 8286 7916 11065 6808 7603 5608 1667 6807 2322 7454 6749 6671 6020 8799 1607 2351 8462 7671 6691 8497 6726 4666 6703 8880 2688 7517 4308 3662 10361 9327 5365 4173 4748 6860 2378 8005 9469 7581 8227 462 8047 2281 6018 6734 2217 3247 5171 8486 4607 4420 6546 9821 8630 8406 6570 6253 0 1197 4286 3585 3979 6175 4836 2324 584 6565 9630 10370 3023 7241 6194 10550 10793 9724 11537 2540 6833 1087 7809 4943 7129 8639 10478 5518 4221 6744 6168 6412 2835 8978 696 2160 7913 8119 6116 8076 4661 920 2517 659 8195 5004 7244 1603 7263 7839 4408 6206 9781 8006 7751 2889 10475 4550 1879 3822 9828 3450 9502 9379
7228 8267 11450 6873 3156 4592 11676 2000 3128 8083 5948 9606 8484 3449 7920 4614 9402 8439 9122 6289 11590 3979 4872 7240 8240 2789 5319 7012 8613 6786 5729 5221 9077 7736 6379 7020 11542 7520 6265 8568 7058 5108 8219 6051 10261 4445 6516 4977 9236 1880 9798 7577 4909 3815 4651 5193 6760 5186 2632 8473 9530 8923 9099 2985 3640 8862 8084 6090 5759 10352 11959 1694 7262 9820 7868 4453 4758 8118 4410 6384 5002 9395 9088 12141 7851 8353 5934 2055 7906 3353 8251 7538 7612 7209 9492 2506 2637 9148 8647 7861 9219 7649 4892 7813 9735 3793 8609 4350 4680 11319 10320 6511 5241 5197 8027 3468 9166 10574 8767 9357 1210 8795 3477 6593 7919 3394 4273 5656 9598 4863 5617 7632 10841 8822 9570 7679 7418 1197 0 4838 4113 4528 7029 4962 2822 732 7108 10615 11356 4219 8232 6842 11582 11812 10728 12573 2603 6983 532 8916 5361 7854 9625 11512 6474 4610 7900 6725 7018 3948 10155 1865 3189 8974 9244 6602 9162 5252 775 3441 1828 8563 5970 8419 749 8405 8463 5558 7401 10823 8839 8067 3647 11511 5492 2185 4988 10957 4370 10451 10387
4264 6398 7080 6009 1929 6315 7938 2851 4382 7158 4156 6508 8239 1898 4425 382 6076 7754 8696 3348 8020 5524 4903 2417 6064 4682 615 3766 3792 2063 1149 1399 8734 3417 1743 2885 7546 6586 5485 4415 7625 3017 4451 4979 5868 2072 3708 3145 6523 3089 5789 5139 4875 1024 5990 4411 5751 4368 3756 3983 4737 4134 7859 3296 4437 4939 7383 4628 3502 5756 7972 3268 2822 7749 4564 4936 1348 5006 487 2582 6220 6127 8477 8391 4298 3627 1601 2785 8341 5434 3620 2928 3531 5504 4683 5341 2244 4336 4601 7471 4440 3481 1364 8164 5179 5316 5296 1973 2339 7023 6218 6751 6468 614 5663 2885 6515 7145 7885 9281 4741 4055 3961 1756 5922 4556 6033 912 6328 1235 4955 4450 6836 4633 6905 4687 7213 4286 4838 0 725 311 2672 1787 2022 4737 2286 6460 7170 4144 4311 2028 7602 7751 6655 8569 2485 3076 4313 5690 841 3107 5537 7546 2717 680 5395 1894 2181 5345 7638 4342 5348 5380 6144 1836 5729 434 5109 5871 3880 3969 2453 6105 4424 5616 3627 3762 6463 6939 4265 3594 1525 7559 2071 2659 3727 7716 1781 6159 6353
4509 6488 7700 5901 1296 5840 8429 2128 3850 7100 4127 6847 8096 1367 4804 575 6456 7671 8592 3534 8477 5035 4587 3137 6204 4103 1255 4057 4512 2746 1750 1661 8618 3987 2386 3386 8088 6512 5339 4957 7345 2947 4899 4859 6487 1908 3884 3026 6783 2379 6318 5301 4567 302 5549 4198 5658 4158 3172 4610 5451 4845 7872 2757 3970 5436 7293 4562 3526 6423 8515 2556 3418 7909 4901 4552 1396 5313 368 2967 5804 6495 8399 8888 4688 4320 2113 2061 8098 4881 4285 3582 4039 5531 5400 4714 1529 5054 5122 7333 5149 4012 1476 7929 5833 4819 5656 1776 2227 7627 6772 6492 6061 1176 5828 2430 6762 7563 7838 9133 4044 4753 3490 2480 6022 4050 5542 1586 6700 1361 4758 4755 7374 5188 7163 4955 7037 3585 4113 725 0 415 3241 1848 1299 4022 3004 7029 7750 3782 4795 2744 8141 8308 7207 9119 1811 3515 3589 6040 1386 3804 6082 8082 3097 770 5580 2616 2905 4865 7881 3685 4783 5806 6477 2532 6125 1146 4394 5303 3214 4624 2736 6274 3707 5869 4351 3701 6385 7452 4919 4212 996 8092 2279 1935 3546 8103 1607 6756 6894
4334 6404 7331 5930 1639 6089 8127 2543 4132 7102 4106 6625 8148 1638 4558 332 6212 7688 8622 3388 8193 5292 4737 2722 6092 4416 883 3856 4103 2344 1379 1495 8655 3668 2021 3105 7760 6522 5389 4656 7477 2944 4616 4893 6118 1949 3746 3052 6604 2789 5995 5174 4712 717 5776 4285 5678 4243 3486 4259 5038 4433 7834 3041 4212 5129 7314 4564 3471 6031 8186 2959 3083 7788 4678 4743 1344 5107 236 2711 6017 6257 8414 8583 4436 3915 1818 2475 8209 5177 3893 3194 3724 5481 4987 5059 1941 4640 4802 7382 4738 3685 1389 8035 5447 5081 5422 1878 2241 7266 6436 6611 6268 838 5701 2659 6591 7299 7835 9189 4435 4346 3733 2067 5932 4316 5800 1201 6461 1261 4837 4548 7047 4880 6986 4769 7107 3979 4528 311 415 0 2893 1800 1711 4427 2596 6686 7401 3957 4493 2330 7814 7971 6873 8787 2201 3269 4004 5812 1063 3397 5751 7756 2844 647 5441 2204 2490 5116 7714 4049 5088 5536 6258 2138 5872 732 4799 5610 3584 4256 2532 6146 4120 5693 3936 3696 6398 7138 4533 3866 1261 7768 2111 2350 3611 7856 1649 6398 6565
2443 4808 4477 5170 3875 6879 5290 5197 5424 6016 3390 4151 7320 3591 2100 3050 3638 6653 7610 2065 5408 6231 5021 1569 4340 5884 2678 1899 2937 1026 1523 3660 7691 4137 2801 4073 4874 5557 4863 5063 7273 2841 1929 4351 3267 2771 2313 3071 4381 5527 3122 3453 4966 3517 6446 4248 4892 4202 5114 4211 2848 2306 6415 4574 5215 2308 6336 3875 2765 3332 5300 5338 3593 5836 2358 5304 3851 2847 2873 985 6547 3713 7315 5737 1956 1620 3267 5051 7795 6431 1338 748 929 4245 2894 6702 4691 2616 1945 6594 2521 833 3807 7598 2709 6086 2949 4570 2700 4390 3546 6394 6734 2847 3896 3991 4412 4600 6648 8321 6571 2028 4841 1906 4350 5464 6692 2538 3898 3697 4613 2375 4165 5178 4747 2700 6494 6175 7029 2672 3241 2893 0 4198 4323 6724 2177 3793 4510 4585 1717 1457 4930 5080 3983 5897 5038 4439 6547 3346 2919 1341 2866 4875 1020 3308 3591 2018 1751 6041 5491 5960 6411 2862 3822 2434 3264 2285 7087 6898 5598 3968 1414 4281 6781 3564 2375 3234 5460 4278 1833 3983 3387 4889 1709 5001 3639 5220 2732 3518 3682
6038 8183 8330 7723 2980 7583 9473 3088 5555 8901 5906 8224 9932 3160 6128 1474 7763 9485 10415 5135 9606 6772 6428 3341 7851 5730 1529 5527 4171 3328 2767 559 10446 2807 1877 2072 8992 8320 7172 3606 9189 4742 6089 6683 7147 3730 5495 4842 8283 3089 7286 6925 6410 1908 7325 6043 7473 6003 4818 3583 5550 5000 9631 4481 5740 6506 9109 6362 5268 6855 9411 3795 2413 9534 6295 6371 458 6751 2011 4313 7597 7823 10211 9913 5994 4682 1260 3169 9945 6536 4817 4221 5116 7277 5441 6219 2485 5105 6136 9167 5310 5031 424 9777 6350 6549 7005 661 4034 8325 7657 8339 7858 1369 7449 4236 8281 8785 9635 10971 5291 5045 5265 2599 7709 5783 7272 1675 8020 553 6602 6200 8299 3860 8665 6451 8880 4836 4962 1787 1848 1800 4198 0 2618 5124 2861 7863 8532 5614 5908 3073 9053 9162 8093 9987 2369 2023 4443 7404 1280 4173 7010 9005 4449 1153 7178 2623 3028 6612 9403 5133 6419 7028 7867 2271 7403 2009 5466 6924 4652 3736 4229 7890 4343 7382 4283 5495 8195 8449 5475 3186 2812 9024 3858 2957 5384 9384 3427 7494 7819
5079 6728 8796 5810 690 5034 9305 875 2996 7061 4270 7496 7882 1069 5570 1832 7178 7574 8438 4076 9296 4224 4158 4419 6537 3124 2537 4723 5811 3979 2934 2673 8441 5158 3643 4498 9052 6461 5201 6083 6889 3140 5765 4793 7589 2155 4385 3122 7302 1217 7279 5704 4157 1009 4821 4000 5604 3969 2232 5831 6715 6108 7944 1981 3258 6361 7192 4611 3811 7603 9477 1275 4621 8237 5600 3987 2263 5948 1589 3833 5120 7198 8294 9770 5474 5553 3285 767 7696 3934 5478 4766 5017 5695 6673 3607 478 6328 6091 7143 6407 5023 2386 7546 6997 3997 6366 2209 2480 8696 7769 6099 5387 2434 6217 1932 7261 8329 7803 8890 2786 5992 2808 3777 6294 3246 4712 2872 7406 2313 4556 5407 8338 6325 7672 5543 6787 2324 2822 2022 1299 1711 4323 2618 0 2731 4303 8045 8780 3316 5716 4021 9099 9295 8195 10089 960 4556 2302 6724 2623 5047 7070 9034 3945 1897 6011 3914 4198 4078 8350 2528 3812 6617 7122 3821 6882 2431 3101 4311 2046 5873 3488 6654 2468 6401 5643 3825 6332 8374 6089 5427 1021 9040 2991 679 3466 8810 1944 7822 7866
6711 7623 11081 6185 2908 3865 11186 2041 2430 7384 5356 9055 7758 3141 7450 4563 8881 7726 8398 5804 11076 3247 4178 7088 7620 2066 5268 6536 8529 6583 5519 5312 8351 7831 6371 7139 11095 6827 5584 8711 6326 4596 7781 5395 9908 4040 6006 4445 8651 2073 9373 6995 4218 3739 3919 4544 6083 4541 2010 8534 9332 8727 8405 2428 2945 8436 7374 5463 5223 10056 11506 1469 7321 9172 7374 3745 4862 7595 4278 6009 4270 8868 8369 11649 7391 8127 5982 2006 7174 2622 7990 7283 7240 6571 9309 1788 2672 8969 8246 7142 9014 7291 4995 7080 9432 3062 8100 4556 4239 10934 9904 5784 4510 5164 7428 2961 8576 10052 8060 8626 477 8571 2823 6485 7290 2687 3544 5603 9068 4947 4944 7130 10402 8961 8976 7152 6696 584 732 4737 4022 4427 6724 5124 2731 0 7022 10207 10947 3561 7818 6685 11132 11374 10303 12120 2769 7141 881 8391 5349 7645 9216 11060 6088 4611 7317 6629 6890 3218 9540 1169 2458 8496 8699 6552 8659 5128 373 2726 1240 8594 5575 7808 1344 7840 8326 4984 6710 10363 8553 8129 3399 11057 5116 2192 4393 10408 4009 10073 9959
4595 6961 5562 7135 4180 8235 6988 5110 6448 8089 5260 6248 9346 4074 4258 2496 5702 8724 9686 4036 7208 7488 6567 663 6505 6813 1798 4041 1508 1186 1810 2321 9757 1960 996 1968 6391 7591 6739 2904 9094 4388 4007 6212 4424 3805 4346 4591 6540 5307 4814 5603 6524 3297 7854 5899 6857 5852 5912 2119 2691 2141 8558 5408 6400 4210 8388 5766 4575 4032 6794 5553 1430 8012 4530 6728 2718 5019 2751 2902 8028 5791 9407 7396 4114 1902 1620 5062 9700 7510 2143 1761 3022 6318 2589 7532 4482 2249 3805 8598 2450 2872 2611 9508 3573 7301 5078 3446 3925 5594 5084 8201 8252 1939 6063 4908 6577 6537 8752 10369 7017 2216 5948 569 6495 6576 7988 1466 5960 2559 6362 4552 5737 3038 6900 4875 8444 6565 7108 2286 3004 2596 2177 2861 4303 7022 0 5240 5851 5939 3737 748 6458 6517 5504 7334 4642 2357 6579 5465 1822 1451 4513 6421 3002 2550 5758 402 427 7300 7639 6581 7447 4893 5940 591 5322 1907 7395 7967 6132 1953 3144 6454 6651 5739 1441 4991 7485 5950 2762 1838 3728 6446 3114 4923 5216 7195 3597 4812 5277
3813 5005 1095 6408 7520 9282 1856 8905 8426 6552 5462 2766 7885 7187 2886 6834 2317 7087 7861 4492 2223 8856 7364 4618 4501 8935 6395 3769 4817 4536 5312 7306 7994 6873 6174 7144 1151 6402 6478 7493 8623 5715 2455 6144 971 6176 4398 5913 3543 9261 876 4223 7299 7298 8813 6558 6199 6526 8360 6521 3286 3444 6328 7848 8062 1786 6932 5726 5220 1820 1556 8930 6536 4959 3088 7804 7567 3149 6661 4240 8774 2431 7500 2201 2901 3364 6759 8736 8803 9264 3101 3642 3029 5258 3477 9779 8443 3596 1969 7379 3255 3027 7505 8613 1847 8783 2633 8306 5969 821 322 7912 8870 6570 4225 7275 3661 2101 6861 8645 9969 3175 7828 5305 4794 8364 9207 6193 2401 7406 6625 3360 577 7487 3670 3521 7526 9630 10615 6460 7029 6686 3793 7863 8045 10207 5240 0 741 7310 2389 4810 1219 1299 312 2124 8813 7541 10170 2638 6600 3791 992 1187 4143 7077 4045 5328 4929 8684 4129 9272 9298 2028 2789 5748 2188 6060 10549 9701 8998 6162 4646 4268 10458 3498 4250 5625 6374 927 2485 6512 7057 1216 5126 8713 6237 2723 6249 529 422
4510 5521 734 7006 8259 9958 1613 9641 9149 7059 6155 3192 8365 7927 3599 7541 2830 7565 8294 5220 2086 9552 8050 5248 5038 9659 7083 4494 5293 5215 6025 7974 8432 7397 6806 7715 736 6954 7113 7955 9195 6446 3187 6803 1437 6916 5114 6641 3990 9995 1593 4849 7985 8023 9489 7251 6810 7220 9094 6988 3687 3939 6748 8585 8777 2519 7438 6397 5938 2112 1016 9671 7098 5296 3783 8498 8250 3800 7383 4980 9438 2932 7930 1823 3623 3953 7402 9474 9328 9974 3733 4315 3766 5865 3877 10503 9175 4047 2710 7900 3713 3759 8183 9142 2331 9485 3267 8993 6709 433 1046 8513 9525 7258 4801 8013 4114 2315 7312 9074 10707 3712 8552 5955 5353 9082 9893 6869 2859 8088 7294 4054 758 7930 4057 4193 8076 10370 11356 7170 7750 7401 4510 8532 8780 10947 5851 741 0 8023 3129 5465 806 698 699 1488 9540 8111 10910 3214 7278 4411 1732 825 4884 7777 4646 5966 5563 9382 4415 10008 10011 2684 3286 6378 2774 6764 11288 10407 9737 6623 5387 4795 11197 4074 4765 6334 6936 1081 3090 7013 7795 870 5867 9450 6950 2828 6990 1042 1038
3528 4063 8315 2691 2716 2316 7958 3619 1217 3938 1941 5671 4597 2463 4425 4274 5597 4374 5181 2866 7773 1649 843 5664 4086 1720 4741 3554 7250 4990 4130 5431 5170 7506 5788 7024 8022 3351 2071 8520 3595 1754 4876 1834 7260 2150 2913 1524 5176 4019 6436 3555 843 3709 1916 986 2553 987 1600 7965 7432 6886 4919 1437 763 5543 3999 1932 2097 7652 8404 3018 6893 5610 4251 798 5171 4343 3722 3621 2098 5561 5074 8406 4412 6203 5744 3373 4386 1957 5910 5313 4690 3017 7478 2532 3734 7190 5475 3880 7106 4809 5257 4232 7034 1520 4883 5392 2018 8106 6990 2784 2336 4758 3936 1403 5090 6737 4656 5589 3155 6612 742 5383 3744 1077 2109 4974 5747 5142 1409 3982 7377 8723 5478 3905 3496 3023 4219 4144 3782 3957 4585 5614 3316 3561 5939 7310 8023 0 5019 5304 8045 8329 7335 9001 4197 7218 4006 5105 4985 5857 6355 7968 3630 4541 3868 5561 5618 1459 6004 2400 1988 5383 5338 5726 5444 4286 3795 2404 2405 7868 3172 4288 4490 4436 6812 1690 3227 7262 6293 7607 2801 7957 2940 3544 1074 7008 2400 7308 6988
1725 3747 3316 4653 5161 7123 3635 6562 6087 5183 3294 2515 6551 4817 823 4693 1965 5801 6711 2156 3712 6618 5186 3078 3220 6591 4382 1479 4025 2697 3179 5374 6816 5654 4483 5696 3337 4851 4549 6497 6895 3357 321 4122 2245 3789 2135 3565 2897 6932 1570 2528 5122 5043 6659 4365 4399 4328 5982 5572 3168 2879 5331 5466 5753 646 5546 3657 2925 2751 3761 6552 5165 4445 1155 5586 5548 1545 4430 1884 6670 2054 6378 4094 736 2344 4976 6383 7252 6973 1916 1984 792 3542 3306 7435 6134 3181 456 5904 2918 893 5511 7054 2189 6523 1400 6253 3580 3135 2088 6083 6802 4548 2803 4889 2957 2883 5699 7473 7582 2508 5486 3575 3362 6047 7009 4255 2223 5398 4540 1357 2625 6571 3229 1662 5924 7241 8232 4311 4795 4493 1717 5908 5716 7818 3737 2389 3129 5019 0 3091 3383 3589 2497 4374 6531 6076 7794 1760 4630 2461 1398 3318 1776 4972 2517 3662 3332 6438 3950 6890 6993 1161 2225 4092 1585 3956 8160 7423 6610 5272 2266 3080 8096 2244 3384 3368 4785 2664 1791 5420 4711 3324 2754 6374 3950 3507 3874 2301 2160
3853 6217 5259 6397 3788 7615 6486 4870 5897 7342 4529 5581 8603 3625 3555 2327 5050 7977 8939 3291 6669 6888 5896 404 5766 6290 1713 3297 1964 441 1230 2514 9010 2695 1405 2621 5950 6846 6011 3651 8379 3698 3342 5485 4074 3204 3599 3908 5837 5117 4294 4860 5851 3046 7220 5204 6118 5157 5414 2859 2710 2107 7812 4893 5808 3610 7642 5034 3848 3821 6364 5222 2138 7290 3815 6084 2825 4304 2432 2155 7378 5133 8659 6910 3411 1647 1955 4788 8973 6954 1744 1184 2342 5571 2656 7042 4271 2310 3213 7857 2415 2205 2744 8779 3288 6709 4393 3574 3287 5252 4620 7487 7595 1883 5324 4363 5868 5941 8004 9624 6634 2053 5370 501 5750 6003 7381 1441 5310 2661 5653 3824 5270 3786 6201 4142 7708 6194 6842 2028 2744 2330 1457 3073 4021 6685 748 4810 5465 5304 3091 0 6014 6105 5052 6929 4502 2993 6323 4786 1852 1123 4003 5969 2254 2474 5020 572 335 6697 6944 6141 6901 4252 5262 1002 4671 1599 7058 7416 5712 2670 2411 5720 6450 5019 1646 4273 6741 5450 2403 2586 3309 5991 2420 4676 4530 6586 3029 4425 4797
4521 5177 1518 6767 8540 9858 818 9945 9210 6684 6129 2802 7945 8192 3687 7980 2572 7149 7820 5338 1313 9511 7988 5832 4732 9723 7570 4603 6010 5725 6453 8498 7963 8084 7387 8363 73 6642 6942 8683 8896 6563 3364 6683 2132 7140 5180 6742 3594 10315 1824 4691 7922 8401 9391 7213 6595 7186 9223 7712 4437 4641 6272 8732 8807 2739 7057 6312 6001 2887 378 9913 7753 4755 3806 8456 8745 3719 7773 5267 9311 2651 7457 1028 3741 4583 7966 9764 8961 9975 4317 4838 4104 5655 4628 10560 9514 4774 3020 7535 4436 4130 8688 8781 3032 9463 3174 9480 6904 1237 1397 8267 9376 7744 4557 8174 3720 1770 6866 8592 10863 4386 8623 6511 5074 9118 9820 7380 2528 8586 7193 4070 767 8668 3593 4146 7752 10550 11582 7602 8141 7814 4930 9053 9099 11132 6458 1219 806 8045 3383 6014 0 343 962 993 9903 8760 11157 3024 7783 5008 2064 80 5158 8234 4449 6539 6142 9350 3845 10142 10025 2667 2979 6961 2626 7213 11461 10393 9904 7350 5638 4479 11472 3850 5456 6360 6638 783 3704 7716 8094 110 6131 9757 6985 2163 7245 1695 1249
4801 5516 1324 7097 8749 10168 1084 10147 9485 7025 6422 3142 8288 8406 3945 8126 2897 7492 8163 5593 1596 9810 8290 5904 5068 9998 7694 4859 5990 5835 6602 8604 8306 8089 7462 8396 331 6980 7263 8654 9233 6821 3595 6994 2124 7367 5449 7005 3935 10511 2019 5006 8225 8573 9701 7509 6922 7482 9481 7686 4386 4633 6615 8984 9090 2951 7398 6617 6273 2808 326 10137 7781 5094 4081 8754 8866 4018 7940 5469 9626 2980 7799 1179 3991 4625 8050 9970 9303 10265 4386 4941 4284 5980 4575 10837 9703 4744 3204 7877 4410 4297 8804 9122 3022 9758 3473 9605 7139 1087 1536 8598 9694 7869 4885 8421 4061 2113 7210 8934 11113 4398 8895 6599 5407 9399 10125 7492 2862 8706 7502 4348 972 8629 3936 4439 8090 10793 11812 7751 8308 7971 5080 9162 9295 11374 6517 1299 698 8329 3589 6105 343 0 1102 825 10083 8793 11379 3340 7899 5071 2229 419 5364 8373 4770 6618 6216 9647 4183 10399 10312 2945 3312 7034 2932 7354 11707 10687 10151 7321 5853 4815 11685 4174 5457 6641 6974 1083 3754 7708 8296 453 6343 9958 7265 2489 7462 1708 1430
3817 4862 1245 6318 7654 9260 1550 9049 8469 6406 5460 2572 7726 7314 2916 7032 2166 6926 7680 4549 1911 8857 7353 4874 4370 8980 6612 3818 5117 4764 5506 7537 7815 7162 6427 7420 900 6282 6417 7793 8517 5777 2525 6104 1282 6284 4431 5968 3362 9411 931 4154 7288 7472 8790 6555 6119 6525 8431 6820 3596 3743 6140 7927 8091 1868 6785 5699 5256 2130 1321 9049 6814 4737 3090 7803 7787 3101 6839 4372 8739 2274 7317 1909 2947 3640 7005 8874 8668 9284 3361 3877 3182 5175 3787 9823 8601 3901 2104 7241 3559 3195 7728 8480 2152 8792 2570 8523 6065 935 438 7825 8827 6787 4118 7359 3483 1830 6688 8463 10053 3467 7874 5550 4677 8397 9196 6419 2221 7627 6596 3361 265 7790 3463 3495 7405 9724 10728 6655 7207 6873 3983 8093 8195 10303 5504 312 699 7335 2497 5052 962 1102 0 1914 8981 7817 10291 2528 6824 4054 1127 918 4269 7282 3956 5579 5183 8688 3888 9347 9323 1986 2631 6002 2084 6262 10640 9715 9086 6463 4763 4131 10591 3390 4544 5646 6260 622 2759 6806 7198 942 5250 8859 6264 2433 6371 841 348
5485 5947 1976 7600 9533 10759 1199 10937 10175 7409 7074 3593 8615 9185 4672 8946 3458 7830 8432 6321 1644 10440 8912 6725 5538 10688 8518 5587 6766 6660 7420 9429 8579 8880 8283 9203 1037 7423 7817 9418 9673 7545 4357 7585 2925 8133 6155 7720 4351 11305 2811 5589 8847 9382 10294 8149 7445 8124 10204 8455 5141 5421 6897 9716 9764 3731 7773 7233 6973 3550 615 10906 8586 5323 4778 9387 9690 4661 8752 6258 10199 3522 8071 951 4729 5439 8874 10756 9678 10920 5207 5766 5088 6515 5328 11523 10502 5516 4005 8264 5187 5107 9628 9504 3816 10400 4119 10429 7895 1813 2352 9086 10252 8693 5408 9161 4476 2480 7519 9187 11847 5199 9591 7423 5895 10076 10734 8317 3373 9530 8103 5038 1751 9384 4285 5096 8513 11537 12573 8569 9119 8787 5897 9987 10089 12120 7334 2124 1488 9001 4374 6929 993 825 1914 0 10888 9600 12149 3932 8723 5891 3038 1062 6149 9194 5329 7440 7038 10283 4398 11123 10974 3639 3823 7856 3560 8175 12447 11331 10890 8087 6631 5282 12465 4725 6249 7320 7430 1757 4572 8491 9085 1063 7124 10749 7947 2657 8238 2523 2227
6003 7688 9507 6749 1650 5717 10149 783 3708 8003 5230 8410 8788 2027 6446 2178 8073 8505 9356 5000 10163 4923 5035 4880 7494 3732 2849 5623 6126 4544 3561 2622 9354 5133 3832 4418 9853 7403 6135 5973 7726 4097 6604 5739 8294 3097 5318 4082 8242 723 8078 6654 5039 1523 5557 4933 6548 4904 2928 5875 7209 6609 8896 2798 4043 7176 8124 5568 4766 8231 10279 1570 4667 9195 6496 4819 2157 6862 2172 4660 5875 8098 9222 10612 6342 6112 3349 953 8548 4539 6093 5391 5800 6654 7146 4050 485 6798 6883 8057 6917 5787 2291 8405 7644 4695 7262 1788 3428 9428 8549 6964 6142 2703 7169 2849 8203 9213 8743 9786 2979 6539 3624 4174 7253 3981 5385 3177 8306 2267 5483 6314 9138 6226 8613 6465 7688 2540 2603 2485 1811 2201 5038 2369 960 2769 4642 8813 9540 4197 6531 4502 9903 10083 8981 10888 0 4391 2078 7628 2836 5591 7854 9841 4781 2093 6960 4283 4621 4796 9297 2961 4399 7481 8037 4098 7766 2919 3102 4862 2506 5977 4353 7608 2036 7336 6053 4785 7274 9195 6730 5470 1933 9849 3860 730 4418 9712 2868 8556 8660
6742 9069 7747 8960 4790 9350 9323 5101 7364 10037 7069 8575 11201 4879 6539 2968 8039 10656 11614 6017 9557 8547 7978 3019 8654 7600 2494 6188 2996 3414 3484 1889 11666 977 1677 397 8691 9493 8477 1589 10685 6005 6334 7958 6675 5133 6363 6161 8817 5112 7161 7727 7949 3688 9045 7457 8691 7413 6671 1779 4628 4213 10625 6271 7475 6565 10298 7565 6382 6157 9082 5783 1017 10238 6786 8008 2299 7274 3504 4964 9286 8124 11367 9720 6395 4178 1485 5167 11382 8388 4473 4114 5335 8304 4471 8155 4485 4193 6162 10436 4486 5197 2172 11201 5789 8332 7385 2641 5373 7819 7406 9805 9537 2462 8219 5925 8843 8894 10740 12242 7292 4402 6995 2535 8592 7564 9055 2323 8299 2244 7987 6772 8058 1845 9185 7077 10212 6833 6983 3076 3515 3269 4439 2023 4556 7141 2357 7541 8111 7218 6076 2993 8760 8793 7817 9600 4391 0 6465 7779 2235 3783 6858 8727 5087 2750 7922 2424 2746 8375 9929 7083 8285 7236 8255 2007 7660 3001 7486 8801 6601 2048 5068 8635 6351 7977 3386 6717 9377 8287 5057 1450 4503 8755 4858 4962 6765 9551 4849 7085 7607
6854 8011 10986 6690 2674 4652 11275 1470 3003 7921 5644 9251 8403 2986 7513 4084 9024 8308 9031 5897 11204 3977 4715 6720 7954 2738 4789 6611 8084 6276 5222 4693 8995 7209 5846 6496 11116 7345 6073 8049 7044 4742 7792 5821 9791 4017 6140 4626 8913 1355 9363 7255 4746 3290 4657 4958 6559 4947 2406 7943 9016 8409 8920 2683 3496 8428 7945 5822 5406 9862 11534 1243 6732 9565 7476 4328 4230 7746 3891 5932 5007 9023 8976 11741 7438 7846 5403 1535 7894 3395 7753 7040 7156 6948 8975 2619 2106 8630 8201 7753 8707 7186 4364 7789 9248 3775 8225 3838 4270 10862 9878 6443 5257 4665 7720 3116 8848 10196 8621 9308 1298 8287 3270 6067 7645 3283 4322 5125 9227 4333 5414 7247 10410 8302 9256 7310 7321 1087 532 4313 3589 4004 6547 4443 2302 881 6579 10170 10910 4006 7794 6323 11157 11379 10291 12149 2078 6465 0 8543 4829 7344 9181 11088 6027 4078 7577 6198 6494 3922 9860 1781 3231 8569 8885 6071 8773 4730 1112 3552 1608 8032 5528 8123 516 8065 7940 5238 7223 10404 8348 7538 3160 11089 5044 1657 4691 10600 3921 9992 9952
1689 2389 3732 3792 6085 6835 2853 7500 6302 3933 3165 820 5285 5707 1277 6064 494 4493 5319 2665 2688 6510 4981 4813 1872 6813 5882 2005 5770 4368 4637 6900 5443 7400 6147 7406 3014 3764 3924 8256 5990 3808 1465 3660 3111 4599 2403 3947 1164 7904 1872 1667 4915 6243 6369 4224 3600 4202 6414 7332 4756 4561 3830 5964 5868 1535 4313 3301 3168 3900 3359 7316 6896 2732 1139 5457 7006 798 5697 3108 6287 480 4965 3302 1414 4081 6592 7288 6170 7001 3658 3730 2446 2655 4915 7637 7183 4844 1878 4749 4549 2593 6989 5978 3502 6473 400 7663 4305 3445 2340 5299 6354 6036 1591 5449 1243 1660 4303 6102 8074 4192 5734 5250 2156 6182 6803 5811 686 6868 4173 1317 2473 8331 1474 1239 4888 7809 8916 5690 6040 5812 3346 7404 6724 8391 5465 2638 3214 5105 1760 4786 3024 3340 2528 3932 7628 7779 8543 0 6153 4221 2006 2944 2973 6370 1437 5355 5051 6353 2190 7329 7061 768 476 5776 450 5399 8696 7405 7151 7030 3306 1650 8919 863 5128 3453 3737 2259 3418 7177 5707 2925 3783 7329 4077 2086 4782 2899 2226
4852 7077 7104 6794 2678 7147 8195 3363 5195 7917 4921 6973 9031 2701 4876 812 6500 8523 9472 4002 8326 6352 5742 2170 6712 5474 292 4324 3291 2064 1524 748 9516 2608 1023 2047 7723 7355 6286 3593 8457 3811 4817 5774 5909 2902 4361 3953 7067 3520 6009 5779 5713 1632 6827 5235 6531 5191 4543 3225 4470 3889 8578 4104 5269 5226 8156 5404 4249 5672 8144 3898 2032 8369 5059 5777 975 5525 1291 3091 7060 6563 9243 8635 4740 3494 761 3349 9165 6240 3587 2963 3838 6228 4385 6100 2723 4039 4856 8264 4203 3752 905 8986 5140 6142 5754 1723 3154 7085 6387 7579 7309 228 6296 3716 7072 7510 8637 10074 5404 3886 4791 1421 6599 5378 6861 413 6758 812 5773 4981 7027 3817 7448 5247 8019 4943 5361 841 1386 1063 2919 1280 2623 5349 1822 6600 7278 4985 4630 1852 7783 7899 6824 8723 2836 2235 4829 6153 0 2974 5735 7734 3226 751 6014 1494 1874 6175 8190 5070 6149 5756 6621 1263 6137 832 5716 6670 4597 3252 3065 6731 4862 6176 3256 4543 7235 7171 4248 2826 2323 7752 2757 3185 4546 8115 2615 6244 6546
3678 6005 4160 6493 4738 8167 5543 5912 6609 7291 4730 4962 8615 4523 3119 3428 4394 7928 8877 3404 5775 7492 6337 840 5508 7042 2834 3162 1639 1069 2129 3615 8964 3234 2396 3388 4941 6855 6201 4040 8613 4137 2763 5691 2994 3900 3636 4365 5350 6183 3379 4670 6284 4105 7743 5576 6216 5530 6215 3111 1689 1087 7617 5679 6447 2846 7622 5214 4103 2698 5345 6200 2804 6880 3430 6598 3943 3901 3469 2317 7858 4493 8570 5947 2981 525 2998 5811 9125 7643 693 606 1877 5532 1681 7834 5332 1359 2441 7901 1369 1701 3859 8927 2177 7334 3855 4692 3896 4171 3634 7735 8052 3006 5068 5115 5403 5146 7896 9603 7553 949 6045 1575 5565 6677 7965 2563 4647 3779 5952 3517 4288 4111 5688 3854 7818 7129 7854 3107 3804 3397 1341 4173 5047 7645 1451 3791 4411 5857 2461 1123 5008 5071 4054 5891 5591 3783 7344 4221 2974 0 3075 4970 2361 3591 4763 1563 1156 7300 6411 7005 7609 3577 4684 1968 4016 2672 8016 8110 6603 2815 2719 5415 7503 4628 1041 4570 6763 4505 1321 2968 4246 4995 2923 5716 4952 5815 3790 3370 3829
2897 4383 1964 5633 6535 8378 2484 7926 7455 5918 4542 2407 7279 6199 1947 5916 1848 6491 7325 3517 2701 7922 6449 3864 3856 7962 5515 2803 4334 3688 4388 6458 7449 6272 5398 6463 2009 5700 5644 6984 7875 4735 1481 5276 1108 5184 3443 4937 3087 8287 307 3431 6383 6345 7909 5635 5407 5601 7374 6016 3000 2983 5831 6860 7101 812 6297 4839 4259 1907 2435 7941 5875 4620 2186 6875 6691 2335 5714 3254 7889 1971 6971 2909 1945 2727 5957 7754 8122 8311 2388 2819 2056 4482 3181 8806 7475 3206 981 6715 2873 2070 6637 7927 1595 7841 1878 7422 4978 1754 699 7123 7998 5688 3522 6285 3191 2171 6309 8108 8979 2654 6855 4504 4105 7401 8288 5335 2026 6533 5739 2453 1299 7009 3305 2657 6817 8639 9625 5537 6082 5751 2866 7010 7070 9216 4513 992 1732 6355 1398 4003 2064 2229 1127 3038 7854 6858 9181 2006 5735 3075 0 2009 3155 6171 3300 4548 4164 7747 3897 8284 8340 1269 2300 4978 1582 5149 9557 8753 8007 5674 3655 3648 9474 2817 3718 4677 5658 1447 1872 5953 6076 2024 4137 7736 5281 2854 5260 980 816
4444 5098 1547 6687 8474 9778 788 9880 9134 6606 6051 2724 7869 8125 3614 7924 2492 7073 7747 5264 1273 9432 7909 5792 4653 9646 7519 4530 5990 5677 6397 8451 7889 8058 7346 8330 105 6563 6862 8664 8817 6489 3295 6603 2114 7071 5105 6668 3516 10250 1764 4611 7843 8341 9311 7134 6515 7108 9149 7693 4425 4620 6198 8658 8730 2674 6979 6233 5926 2884 447 9844 7722 4684 3730 8377 8695 3641 7714 5202 9231 2571 7383 1034 3669 4550 7923 9697 8884 9897 4279 4793 4044 5575 4616 10484 9451 4757 2960 7458 4418 4072 8638 8704 3012 9385 3096 9428 6833 1258 1350 8187 9296 7693 4477 8102 3642 1697 6791 8519 10789 4359 8547 6468 4994 9041 9740 7331 2449 8536 7114 3994 710 8651 3518 4069 7673 10478 11512 7546 8082 7756 4875 9005 9034 11060 6421 1187 825 7968 3318 5969 80 419 918 1062 9841 8727 11088 2944 7734 4970 2009 0 5092 8180 4369 6497 6102 9271 3776 10069 9947 2591 2900 6920 2547 7158 11388 10315 9831 7331 5571 4400 11405 3770 5432 6283 6559 706 3670 7693 8028 46 6065 9692 6909 2102 7178 1674 1193
1658 3991 4993 4182 3385 5899 5369 4788 4553 5089 2373 3790 6363 3045 1713 3091 3368 5725 6687 1061 5390 5279 4018 2475 3567 5034 2944 1110 3937 1821 1703 3964 6760 4932 3410 4752 5112 4602 3851 5903 6258 1876 1824 3336 3830 2049 1347 2106 3842 5160 3345 2642 3962 3323 5458 3235 3903 3190 4332 5105 3823 3306 5571 3800 4297 2419 5394 2863 1745 4082 5536 4788 4349 5174 1849 4322 4040 2303 2743 136 5546 3414 6405 5832 1593 2620 3752 4607 6795 5524 2293 1767 1155 3317 3885 5868 4371 3621 2174 5625 3501 1229 4030 6599 3454 5145 2580 4690 1886 4849 3852 5377 5728 3088 3133 3213 3846 4466 5750 7378 5881 3006 3956 2602 3517 4563 5726 2919 3617 3906 3593 1755 4401 6040 4222 2026 5504 5518 6474 2717 3097 2844 1020 4449 3945 6088 3002 4143 4884 3630 1776 2254 5158 5364 4269 6149 4781 5087 6027 2973 3226 2361 3155 5092 0 3397 2838 2751 2584 5089 4964 5218 5517 2712 3428 3114 3031 2440 6438 5988 4903 4892 517 3553 6322 2952 3390 2216 4500 4428 2669 4840 2936 5097 983 4600 2645 5013 2106 3985 3934
4938 7042 7655 6574 2042 6609 8591 2614 4614 7748 4753 7188 8789 2137 5103 325 6754 8333 9266 4010 8683 5804 5337 2829 6721 4854 769 4444 4034 2598 1795 893 9298 3271 1770 2640 8177 7168 6029 4220 8088 3589 5120 5535 6447 2586 4369 3694 7200 2770 6430 5800 5315 946 6318 4914 6323 4872 3923 3934 5154 4562 8479 3522 4740 5595 7959 5210 4116 6279 8602 3170 2725 8412 5244 5316 697 5686 862 3262 6572 6805 9060 9041 4976 4116 1392 2607 8831 5638 4158 3490 4187 6126 5080 5437 1973 4732 5248 8023 4874 4128 744 8658 5721 5587 5976 1293 2884 7613 6844 7228 6828 613 6325 3199 7191 7817 8481 9829 4683 4526 4260 2100 6569 4818 6311 1088 7007 619 5469 5130 7470 4456 7582 5364 7743 4221 4610 680 770 647 3308 1153 1897 4611 2550 7077 7777 4541 4972 2474 8234 8373 7282 9194 2093 2750 4078 6370 751 3591 6171 8180 3397 0 6061 2198 2552 5634 8315 4386 5537 6052 6825 2007 6405 1022 4976 6055 3908 3983 3128 6769 4113 6292 3970 4343 7044 7585 4814 3531 1766 8195 2730 2438 4246 8392 2284 6756 6987
1180 1246 5139 2364 5332 5433 4201 6701 5085 2676 1962 1821 4047 4948 1707 5738 1878 3287 4194 2053 3953 5158 3628 5160 750 5587 5725 1735 6397 4579 4512 6733 4299 7715 6246 7581 4442 2403 2494 8653 4585 2895 2206 2267 4400 3863 1697 2969 1337 7119 3229 323 3564 5726 4970 2925 2164 2910 5309 7795 5685 5366 2856 4915 4617 2632 3045 1967 2213 5109 4773 6393 7152 2357 1373 4119 6743 999 5280 2964 4871 1807 3863 4627 1826 4775 6582 6470 4827 5689 4349 4185 2889 1219 5819 6384 6487 5676 2841 3434 5427 3068 6754 4631 4622 5142 1427 7317 3532 4861 3736 3869 4928 5854 306 4465 1272 2927 3184 4956 6959 4998 4552 5415 846 4932 5420 5737 1962 6626 2793 1246 3909 8768 1682 909 3517 6744 7900 5395 5580 5441 3591 7178 6011 7317 5758 4045 4646 3868 2517 5020 4449 4770 3956 5329 6960 7922 7577 1437 6014 4763 3300 4369 2838 6061 0 5553 5331 5012 2338 6201 5763 2043 1520 5936 1873 5196 7593 6072 6087 7538 2954 718 7997 605 5772 2342 2358 3692 4307 7574 5036 4347 3331 6549 2924 3142 4107 4252 3644
4379 6736 5722 6834 3779 7850 7032 4730 6051 7819 4948 6152 9056 3672 4118 2121 5621 8450 9413 3759 7225 7099 6202 723 6296 6413 1434 3823 1900 992 1433 2069 9479 2182 850 2055 6474 7308 6420 3166 8757 4038 3913 5892 4556 3420 4082 4236 6399 4937 4842 5381 6160 2910 7474 5549 6557 5502 5511 2446 2977 2401 8322 5008 6009 4177 8108 5454 4260 4232 6884 5160 1600 7840 4373 6352 2431 4861 2354 2641 7653 5704 9142 7451 3975 2062 1436 4676 9379 7113 2234 1737 2912 6053 2891 7130 4107 2546 3778 8303 2714 2777 2335 9188 3736 6911 4961 3173 3552 5733 5151 7864 7880 1585 5855 4512 6428 6508 8493 10084 6619 2424 5555 177 6265 6182 7600 1111 5881 2268 6024 4372 5803 3321 6765 4686 8135 6168 6725 1894 2616 2204 2018 2623 3914 6629 402 5328 5966 5561 3662 572 6539 6618 5579 7440 4283 2424 6198 5355 1494 1563 4548 6497 2751 2198 5553 0 408 6911 7509 6179 7049 4823 5831 433 5243 1507 7001 7569 5731 2311 2843 6259 6281 5572 1771 4662 7199 5994 2881 2131 3326 6520 2773 4541 4862 7155 3206 4925 5333
4169 6535 5314 6731 4009 7924 6646 5032 6183 7673 4864 5838 8936 3869 3836 2445 5296 8308 9270 3624 6849 7191 6220 316 6079 6566 1783 3615 1684 763 1512 2473 9342 2387 1245 2364 6077 7179 6346 3328 8713 4026 3596 5820 4150 3504 3930 4235 6119 5258 4461 5177 6175 3205 7534 5534 6453 5487 5680 2525 2603 2016 8133 5165 6108 3823 7974 5369 4183 3827 6485 5422 1849 7586 4106 6400 2826 4594 2616 2486 7697 5383 8989 7062 3692 1655 1842 4964 9308 7242 1831 1371 2605 5900 2528 7306 4419 2181 3421 8191 2329 2459 2733 9115 3328 7010 4661 3570 3600 5327 4757 7821 7916 1944 5636 4645 6154 6154 8332 9957 6857 2022 5665 454 6070 6297 7686 1476 5555 2662 5986 4125 5410 3458 6480 4448 8044 6412 7018 2181 2905 2490 1751 3028 4198 6890 427 4929 5563 5618 3332 335 6142 6216 5183 7038 4621 2746 6494 5051 1874 1156 4164 6102 2584 2552 5331 408 0 7001 7220 6385 7185 4491 5526 819 4917 1767 7263 7703 5948 2335 2746 6027 6599 5313 1446 4607 7074 5608 2476 2258 3540 6125 2748 4840 4857 6807 3317 4521 4943
4873 4911 9710 3242 3633 975 9195 4078 1089 4323 3229 6832 4551 3498 5803 5408 6837 4584 5197 4299 8965 191 1385 7069 5066 1185 5958 4962 8656 6405 5495 6521 5144 8758 7054 8221 9331 3822 2729 9760 3123 3213 6277 2765 8683 3498 4310 2983 6245 4408 7808 4722 1449 4724 766 2138 3226 2165 1869 9272 8888 8338 5367 2131 910 6937 4254 3057 3516 9100 9699 3321 8154 6381 5600 896 6198 5630 4885 5080 1104 6786 5191 9631 5802 7656 6934 3859 3972 733 7368 6765 6141 3965 8931 1611 4399 8640 6894 3970 8562 6264 6301 3870 8484 164 6175 6278 3423 9490 8362 2575 1366 5948 5016 2460 6144 7936 4945 5408 2743 8068 1384 6736 4697 832 690 6224 6958 6199 2236 5328 8711 9976 6501 5208 3511 2835 3948 5345 4865 5116 6041 6612 4078 3218 7300 8684 9382 1459 6438 6697 9350 9647 8688 10283 4796 8375 3922 6353 6175 7300 7747 9271 5089 5634 5012 6911 7001 0 6927 2142 862 6713 6527 7038 6727 5552 3317 1060 2430 9200 4629 5299 4438 5609 8239 3073 3720 8569 7751 8900 3872 9256 4378 4073 2495 8130 3707 8711 8344
3379 2020 5106 3764 7671 7120 3215 9034 7208 3177 4217 1506 4259 7286 3390 7996 2091 3498 4036 4349 2756 7040 5577 6992 1920 7688 7908 3876 7949 6517 6667 8927 4184 9582 8278 9564 3878 3365 4202 10445 5504 5228 3653 4212 4898 6200 4005 5289 1123 9453 3657 2649 5519 8042 6695 5020 3719 5017 7533 9522 6844 6706 2515 7181 6709 3660 3508 4079 4547 5767 4026 8698 9068 925 3153 6077 8982 2673 7566 5099 6504 1974 3677 3480 3534 6259 8688 8801 5374 7647 5839 5916 4617 2997 7014 8432 8826 6976 4036 4010 6666 4772 8981 5215 5489 7075 2565 9591 5871 4785 3926 5087 6481 8050 2150 6766 1123 2103 3154 4788 9153 6342 6727 7395 2262 7016 7192 7875 1878 8855 4722 3210 3699 10521 746 2952 4338 8978 10155 7638 7881 7714 5491 9403 8350 9540 7639 4129 4415 6004 3950 6944 3845 4183 3888 4398 9297 9929 9860 2190 8190 6411 3897 3776 4964 8315 2338 7509 7220 6927 0 8395 7748 2877 1730 7923 2441 7397 9792 7970 8329 9219 5187 1738 10295 2023 7307 4632 3416 3340 5553 9366 7372 3736 5608 8884 5171 1741 6440 4562 3725
5666 6463 10191 5016 2413 2918 10152 2181 1264 6220 4240 7965 6636 2517 6455 4258 7822 6574 7269 4806 10017 2206 3011 6543 6475 958 4930 5541 8063 5972 4924 5198 7228 7656 6067 7016 10110 5660 4415 8600 5264 3579 6823 4232 9046 3195 4974 3405 7530 2422 8420 5881 3050 3446 2885 3386 4914 3384 920 8295 8688 8091 7238 1425 1778 7488 6218 4316 4169 9268 10514 1390 7099 8009 6352 2588 4790 6539 3857 5155 3234 7802 7227 10612 6408 7456 5777 2018 6114 1668 7271 6581 6372 5416 8685 1094 2677 8357 7331 6001 8363 6444 4914 6008 8640 1998 7057 4662 3334 10024 8962 4669 3488 4861 6299 2007 7450 8987 6902 7530 759 7898 1668 6019 6140 1529 2583 5250 7998 4839 3776 6098 9429 8839 7846 6094 5561 696 1865 4342 3685 4049 5960 5133 2528 1169 6581 9272 10008 2400 6890 6141 10142 10399 9347 11123 2961 7083 1781 7329 5070 7005 8284 10069 5218 4386 6201 6179 6385 2142 8395 0 1510 7486 7615 6176 7620 4679 1398 1922 482 8304 4702 6670 2297 6740 7783 3889 5542 9366 7790 7896 2853 10063 4281 2245 3281 9315 3235 9177 9000
5513 5739 10297 4095 3495 1421 9913 3637 1005 5185 3900 7583 5377 3451 6413 5350 7550 5438 6027 4837 9706 826 2173 7289 5868 689 5961 5537 8864 6652 5675 6402 5968 8756 7088 8170 10003 4682 3565 9738 3880 3667 6859 3554 9228 3718 4900 3446 7027 3914 8424 5462 2233 4597 1472 2843 4066 2863 1614 9327 9245 8674 6229 2055 1240 7528 5112 3797 4081 9585 10382 2847 8169 7226 6237 1672 6036 6313 4868 5489 1821 7507 6035 10356 6398 8003 6893 3445 4725 165 7749 7108 6621 4767 9272 754 4057 8965 7449 4818 8917 6728 6149 4639 8961 699 6856 6014 3720 10092 8977 3406 2054 5925 5789 2541 6930 8672 5803 6200 1981 8429 1570 6877 5503 955 1091 6254 7686 6059 3031 5967 9363 9965 7297 5880 4356 2160 3189 5348 4783 5088 6411 6419 3812 2458 7447 9298 10011 1988 6993 6901 10025 10312 9323 10974 4399 8285 3231 7061 6149 7609 8340 9947 5517 5537 5763 7049 7185 862 7748 1510 0 7367 7264 7124 7415 5613 2511 523 1906 9290 5027 6094 3743 6351 8497 3677 4579 9242 8183 8942 3828 9935 4708 3670 3061 8899 3872 9288 8976
1856 3116 3113 4395 6013 7274 2706 7432 6543 4649 3484 1391 6012 5648 1057 5760 817 5225 6069 2692 2682 6880 5370 4232 2588 7056 5499 1963 5078 3855 4273 6503 6191 6796 5642 6854 2641 4436 4450 7616 6627 3909 939 4122 2377 4562 2515 4082 1917 7821 1187 2200 5305 6035 6805 4577 4180 4548 6566 6677 4000 3831 4592 6083 6144 785 5028 3714 3335 3143 3033 7329 6318 3485 1139 5824 6654 1121 5449 2840 6756 918 5718 3173 1144 3388 6128 7234 6856 7322 2974 3134 1933 3243 4163 7894 7058 4106 1160 5447 3804 2051 6624 6662 2734 6821 616 7342 4300 2849 1711 5895 6847 5661 2255 5535 2005 1765 5051 6851 8213 3466 5956 4735 2837 6454 7212 5390 1071 6507 4610 1404 1999 7679 2197 1510 5556 7913 8974 5380 5806 5536 2862 7028 6617 8496 4893 2028 2684 5383 1161 4252 2667 2945 1986 3639 7481 7236 8569 768 5756 3577 1269 2591 2712 6052 2043 4823 4491 6713 2877 7486 7367 0 1158 5253 441 5049 8818 7747 7262 6364 3131 2384 8913 1548 4436 3695 4397 1886 2681 6545 5597 2583 3627 7252 4320 2360 4702 2209 1650
2050 2235 3869 3789 6473 6949 2682 7883 6547 3775 3401 373 5098 6092 1747 6516 474 4299 5078 3048 2441 6675 5144 5287 1761 7056 6348 2424 6219 4844 5102 7367 5209 7872 6623 7882 2981 3678 3995 8722 5928 4144 1936 3787 3379 4983 2760 4267 787 8290 2115 1805 5079 6672 6488 4421 3624 4403 6706 7794 5154 4988 3556 6274 6096 1943 4155 3473 3485 4206 3284 7668 7370 2337 1581 5632 7466 1175 6138 3563 6381 358 4718 3107 1885 4529 7066 7666 6042 7195 4109 4201 2922 2692 5319 7867 7586 5264 2310 4614 4962 3068 7451 5856 3853 6654 874 8116 4679 3565 2517 5287 6430 6500 1585 5777 893 1409 4073 5863 8366 4622 5994 5727 2095 6411 6940 6281 453 7329 4312 1727 2529 8795 1040 1586 4796 8119 9244 6144 6477 6258 3822 7867 7122 8699 5940 2789 3286 5338 2225 5262 2979 3312 2631 3823 8037 8255 8885 476 6621 4684 2300 2900 3428 6825 1520 5831 5526 6527 1730 7615 7264 1158 0 6253 738 5860 8994 7585 7460 7489 3741 1512 9274 918 5577 3726 3667 2257 3838 7644 6109 2874 4208 7715 4341 1714 5179 3118 2368
4758 7105 6116 7134 3763 7990 7461 4602 6137 8149 5241 6576 9366 3699 4533 1993 6049 8777 9740 4093 7657 7223 6402 1131 6675 6473 1286 4202 2028 1409 1652 1731 9802 1859 428 1649 6896 7627 6698 2868 9006 4277 4339 6171 4961 3576 4426 4464 6810 4777 5273 5754 6363 2813 7629 5781 6859 5735 5557 2240 3281 2728 8681 5072 6130 4610 8430 5745 4549 4604 7304 5087 1252 8238 4780 6522 2131 5268 2319 2998 7824 6130 9476 7878 4389 2451 1041 4569 9649 7198 2649 2169 3337 6391 3179 7160 3966 2839 4211 8608 3039 3204 2023 9460 4127 7028 5382 2856 3742 6137 5575 8114 8057 1406 6236 4605 6837 6941 8833 10399 6573 2788 5666 528 6632 6284 7729 950 6309 1973 6274 4770 6228 3043 7178 5079 8423 6116 6602 1836 2532 2138 2434 2271 3821 6552 591 5748 6378 5726 4092 1002 6961 7034 6002 7856 4098 2007 6071 5776 1263 1968 4978 6920 3114 2007 5936 433 819 7038 7923 6176 7124 5253 6253 0 5671 1513 6922 7647 5716 2167 3160 6645 6120 5974 2027 4932 7516 6423 3289 1886 3337 6944 3037 4418 5089 7587 3338 5337 5760
1954 2834 3283 4234 6261 7236 2532 7681 6628 4380 3515 950 5729 5889 1323 6107 380 4934 5751 2876 2432 6887 5363 4662 2320 7141 5875 2172 5518 4269 4639 6884 5876 7231 6056 7280 2611 4214 4348 8056 6438 4064 1335 4063 2679 4789 2654 4220 1518 8077 1429 2083 5297 6343 6769 4591 4036 4566 6701 7118 4419 4265 4249 6235 6208 1219 4760 3687 3451 3486 2972 7538 6749 3076 1298 5832 7020 1102 5774 3162 6697 477 5394 2992 1438 3829 6531 7476 6619 7360 3415 3566 2339 3092 4585 7971 7333 4537 1601 5198 4230 2466 6995 6428 3117 6842 565 7698 4510 2997 1890 5740 6771 6034 2038 5704 1615 1448 4737 6535 8357 3901 6051 5150 2606 6521 7195 5778 639 6876 4570 1531 2041 8120 1775 1541 5338 8076 9162 5729 6125 5872 3264 7403 6882 8659 5322 2188 2774 5444 1585 4671 2626 2932 2084 3560 7766 7660 8773 450 6137 4016 1582 2547 3031 6405 1873 5243 4917 6727 2441 7620 7415 441 738 5671 0 5412 8972 7773 7421 6805 3416 2095 9133 1310 4876 3772 4186 1849 3113 6984 5862 2531 3906 7504 4399 1987 4950 2454 1778
4042 6248 6660 5978 2273 6513 7570 3273 4629 7091 4098 6218 8218 2188 4124 781 5767 7699 8651 3174 7668 5735 5009 1991 5888 4960 540 3523 3406 1630 778 1537 8696 3220 1505 2762 7156 6532 5481 4234 7691 3006 4114 4965 5449 2154 3534 3160 6276 3520 5407 4956 4976 1448 6167 4460 5713 4415 4043 3724 4307 3702 7747 3559 4643 4575 7334 4586 3422 5325 7581 3659 2609 7553 4286 5084 1609 4743 850 2304 6380 5823 8418 8019 3993 3192 1521 3198 8382 5689 3189 2502 3169 5397 4255 5650 2672 3908 4226 7451 4008 3106 1591 8200 4750 5535 5001 2297 2376 6609 5824 6808 6621 657 5475 3104 6276 6812 7809 9260 5111 3620 4173 1358 5770 4784 6242 691 6022 1469 4987 4192 6448 4439 6658 4447 7216 4661 5252 434 1146 732 2285 2009 2431 5128 1907 6060 6764 4286 3956 1599 7213 7354 6262 8175 2919 3001 4730 5399 832 2672 5149 7158 2440 1022 5196 1507 1767 5552 7397 4679 5613 5049 5860 1513 5412 0 5501 6136 4227 3677 2243 5912 4852 5378 3211 3728 6412 6563 3837 3348 1830 7173 1925 3080 3766 7398 1887 5748 5965
7021 7856 11431 6375 3280 3885 11502 2393 2624 7554 5631 9347 7868 3508 7776 4933 9187 7872 8514 6127 11382 3325 4365 7462 7873 2212 5638 6860 8901 6955 5891 5666 8461 8187 6739 7491 11426 7008 5783 9060 6391 4912 8116 5622 10262 4389 6319 4753 8924 2395 9710 7272 4409 4110 3983 4781 6286 4780 2288 8895 9704 9098 8584 2738 3140 8774 7527 5714 5528 10419 11835 1842 7682 9399 7692 3913 5214 7901 4651 6361 4332 9171 8500 11964 7719 8497 6343 2370 7235 2673 8358 7651 7591 6812 9681 1791 3028 9342 8590 7275 9386 7646 5347 7150 9794 3156 8411 4887 4580 11280 10244 5892 4561 5533 7695 3286 8846 10355 8216 8710 640 8941 3065 6858 7537 2863 3576 5973 9369 5302 5156 7444 10735 9310 9243 7457 6822 920 775 5109 4394 4799 7087 5466 3101 373 7395 10549 11288 3795 8160 7058 11461 11707 10640 12447 3102 7486 1112 8696 5716 8016 9557 11388 6438 4976 7593 7001 7263 3317 9792 1398 2511 8818 8994 6922 8972 5501 0 2712 1557 8958 5923 8067 1498 8126 8699 5271 6893 10690 8917 8490 3771 11385 5469 2550 4670 10698 4367 10422 10295
5899 5951 10715 4253 4013 1195 10250 4090 1520 5269 4265 7892 5326 3974 6816 5871 7890 5464 5981 5270 10024 930 2445 7803 6121 1201 6484 5956 9380 7162 6191 6916 5909 9278 7612 8689 10373 4802 3769 10259 3748 4125 7276 3824 9664 4227 5310 3899 7303 4344 8826 5780 2508 5113 1411 3182 4258 3207 2132 9851 9738 9171 6312 2578 1692 7942 5159 4113 4500 10043 10745 3297 8691 7400 6626 1953 6545 6674 5391 5965 1729 7841 6020 10687 6808 8497 7414 3910 4575 468 8236 7602 7078 5021 9768 938 4538 9464 7879 4823 9410 7190 6660 4510 9422 932 7219 6506 4216 10502 9380 3387 1918 6447 6075 3059 7201 8994 5846 6088 2262 8921 2065 7397 5750 1435 923 6777 8015 6571 3295 6354 9746 10486 7557 6248 4355 2517 3441 5871 5303 5610 6898 6924 4311 2726 7967 9701 10407 2404 7423 7416 10393 10687 9715 11331 4862 8801 3552 7405 6670 8110 8753 10315 5988 6055 6072 7569 7703 1060 7970 1922 523 7747 7585 7647 7773 6136 2712 0 2356 9813 5505 6356 4053 6667 9007 4077 4708 9611 8657 9465 4350 10301 5201 4135 3475 9190 4387 9710 9370
5471 6440 9892 5083 1955 3278 9948 1735 1422 6313 4130 7817 6821 2088 6219 3786 7641 6705 7442 4571 9835 2522 3108 6116 6413 1273 4463 5304 7621 5559 4504 4716 7410 7178 5598 6535 9869 5738 4468 8119 5523 3358 6561 4231 8732 2859 4767 3204 7423 2010 8156 5764 3138 2970 3192 3370 4956 3362 807 7822 8290 7690 7313 1187 1898 7221 6340 4262 3983 8921 10278 942 6624 7994 6137 2734 4308 6355 3397 4831 3534 7628 7377 10411 6163 7064 5299 1556 6370 2055 6895 6198 6057 5381 8281 1570 2204 7949 7043 6157 7967 6119 4432 6253 8294 2302 6861 4187 3031 9736 8692 4875 3795 4390 6206 1730 7350 8811 7014 7746 979 7507 1666 5574 6091 1709 2942 4785 7828 4357 3811 5891 9179 8359 7752 5912 5731 659 1828 3880 3214 3584 5598 4652 2046 1240 6132 8998 9737 2405 6610 5712 9904 10151 9086 10890 2506 6601 1608 7151 4597 6603 8007 9831 4903 3908 6087 5731 5948 2430 8329 482 1906 7262 7460 5716 7421 4227 1557 2356 0 7837 4386 6594 2106 6605 7357 3750 5616 9133 7431 7423 2409 9828 3945 1783 3167 9169 2866 8880 8740
6409 8768 6145 9061 5895 10147 8012 6583 8304 9973 7199 7755 11255 5856 5928 4057 7178 10610 11570 5945 8325 9386 8514 2418 8287 8636 3374 5867 1347 3081 3744 3362 11647 1072 2239 1770 7277 9494 8681 1333 11045 6340 5577 8155 5217 5721 6238 6542 8165 6691 5980 7417 8471 4882 9778 7851 8782 7805 7715 370 2949 2721 10378 7236 8293 5605 10284 7703 6518 4542 7632 7149 1324 9694 6232 8661 3830 6709 4456 4804 9962 7282 11279 8359 5788 2987 2629 6589 11643 9364 3391 3360 4677 8200 2765 9309 5941 2577 5208 10515 2914 4505 3697 11449 4319 9192 6669 4397 5863 6274 6097 10152 10190 3451 7844 6772 8218 7830 10615 12269 8656 3024 7831 2489 8315 8451 9890 3057 7425 3710 8315 6299 6722 1335 8501 6634 10376 8195 8563 3969 4624 4256 3968 3736 5873 8594 1953 6162 6623 7868 5272 2670 7350 7321 6463 8087 5977 2048 8032 7030 3252 2815 5674 7331 4892 3983 7538 2311 2335 9200 9219 8304 9290 6364 7489 2167 6805 3677 8958 9813 7837 0 5080 8208 8008 7437 1957 6940 9392 7008 3804 598 5488 7365 5068 6414 7168 8511 5495 5657 6319
1811 4023 5508 3993 2904 5465 5817 4316 4054 4990 2118 4111 6213 2554 2094 2809 3732 5618 6580 951 5813 4820 3619 2693 3647 4530 2775 1325 4226 2008 1591 3779 6643 5013 3403 4757 5595 4469 3601 6008 5981 1427 2282 3076 4346 1535 1303 1657 4074 4698 3835 2715 3565 2937 5033 2864 3715 2818 3818 5263 4260 3719 5559 3284 3816 2903 5271 2623 1440 4590 6016 4287 4411 5311 2167 3890 3799 2579 2400 463 5141 3766 6317 6283 1990 3034 3666 4128 6562 5039 2739 2152 1672 3239 4308 5362 3928 4028 2678 5460 3934 1743 3805 6369 3961 4678 2927 4406 1370 5360 4351 5091 5334 2900 3232 2698 4064 4862 5680 7243 5364 3440 3461 2678 3545 4075 5278 2808 3973 3678 3271 2020 4886 6163 4456 2238 5300 5004 5970 2453 2736 2532 1414 4229 3488 5575 3144 4646 5387 3172 2266 2411 5638 5853 4763 6631 4353 5068 5528 3306 3065 2719 3655 5571 517 3128 2954 2843 2746 4629 5187 4702 5027 3131 3741 3160 3416 2243 5923 5505 4386 5080 0 3669 5834 3164 3720 1882 4358 4898 3157 4970 2471 5574 497 4132 2233 5378 1608 4498 4425
1895 739 5358 2327 5969 5604 4105 7315 5501 2285 2480 1690 3635 5586 2309 6445 1966 2844 3690 2759 3782 5428 3924 5847 257 5989 6442 2447 7039 5279 5230 7449 3809 8413 6959 8292 4484 2166 2628 9343 4419 3517 2760 2541 4755 4518 2400 3565 967 7735 3522 973 3863 6411 5156 3310 2199 3304 5800 8473 6236 5957 2254 5443 5010 3080 2666 2356 2843 5524 4769 6963 7855 1644 1987 4425 7453 1537 5980 3680 5011 1863 3342 4495 2441 5392 7299 7079 4538 6004 4964 4849 3538 1335 6380 6755 7131 6261 3348 3111 5995 3714 7466 4349 5085 5441 1803 8019 4184 5061 3979 3804 5031 6570 446 5031 854 2807 2671 4469 7428 5586 5004 6122 626 5321 5634 6455 1955 7338 3066 1911 4039 9452 1203 1581 3284 7244 8419 6105 6274 6146 4281 7890 6654 7808 6454 4268 4795 4288 3080 5720 4479 4815 4131 5282 7608 8635 8123 1650 6731 5415 3648 4400 3553 6769 718 6259 6027 5299 1738 6670 6094 2384 1512 6645 2095 5912 8067 6356 6594 8208 3669 0 8558 854 6408 2898 2159 3769 4863 8262 5695 4372 4038 7169 3433 2865 4773 4549 3850
7233 8469 11244 7179 2939 5162 11619 1594 3512 8416 6079 9642 8915 3280 7856 4160 9395 8811 9541 6260 11565 4493 5214 6841 8396 3254 4853 6964 8146 6438 5400 4648 9506 7141 5866 6414 11429 7837 6561 7940 7560 5135 8112 6295 10041 4351 6518 5033 9330 1345 9666 7675 5243 3405 5172 5431 7042 5418 2895 7896 9157 8552 9409 3136 4001 8736 8446 6277 5807 10071 11850 1608 6694 10023 7835 4835 4180 8124 4034 6221 5523 9399 9482 12085 7775 8013 5383 1730 8410 3907 7946 7234 7433 7406 9107 3116 2181 8760 8493 8260 8855 7453 4314 8304 9464 4291 8591 3710 4623 11132 10173 6957 5772 4717 8149 3532 9269 10565 9120 9823 1791 8450 3760 6161 8094 3794 4834 5187 9605 4298 5899 7614 10720 8196 9678 7692 7830 1603 749 4424 3707 4120 6781 4343 2468 1344 6651 10458 11197 4490 8096 6450 11472 11685 10591 12465 2036 6351 516 8919 4862 7503 9474 11405 6322 4113 7997 6281 6599 4438 10295 2297 3743 8913 9274 6120 9133 4852 1498 4053 2106 8008 5834 8558 0 8469 8042 5664 7714 10728 8557 7493 3407 11407 5343 1791 5135 10987 4227 10259 10256
1361 1573 4593 2934 5734 6037 3597 7126 5649 3102 2507 1235 4465 5349 1510 5974 1279 3681 4542 2348 3357 5757 4226 5112 1042 6155 5892 1855 6238 4582 4655 6910 4658 7698 6311 7622 3846 2906 3095 8604 5128 3338 1924 2871 3925 4247 2019 3439 914 7540 2712 889 4161 6038 5575 3508 2749 3491 5838 7714 5388 5123 3104 5424 5190 2226 3480 2557 2662 4678 4171 6862 7156 2273 1211 4714 6959 728 5549 3086 5475 1204 4195 4025 1649 4575 6694 6901 5318 6280 4146 4080 2760 1806 5535 6961 6873 5423 2496 3903 5152 2931 6959 5125 4231 5737 953 7569 3927 4307 3197 4441 5530 6032 728 4949 900 2327 3522 5319 7495 4752 5105 5446 1299 5506 6024 5870 1358 6833 3395 1208 3330 8702 1295 930 4029 7263 8405 5616 5869 5693 3564 7382 6401 7840 5739 3498 4074 4436 2244 5019 3850 4174 3390 4725 7336 7977 8065 863 6176 4628 2817 3770 2952 6292 605 5572 5313 5609 2023 6740 6351 1548 918 5974 1310 5378 8126 6667 6605 7437 3164 854 8469 0 5602 2856 2876 3100 4018 7521 5404 3748 3592 6966 3460 2577 4469 3741 3089
4708 7017 4365 7535 5433 9128 6086 6478 7493 8325 5763 5827 9654 5270 4100 3884 5246 8961 9908 4440 6382 8431 7330 1242 6513 7903 3205 4200 643 1845 2861 3753 9997 2633 2406 2996 5385 7895 7237 3268 9648 5120 3699 6725 3334 4780 4677 5345 6278 6700 4024 5693 7279 4651 8714 6584 7258 6538 7042 2299 1283 831 8628 6515 7368 3666 8659 6250 5127 2771 5758 6861 2369 7829 4421 7569 4158 4880 4058 3339 8843 5353 9598 6450 3967 1048 3027 6409 10166 8541 1470 1647 2884 6570 1160 8669 5863 835 3276 8941 1102 2705 4050 9968 2435 8264 4782 4882 4818 4450 4163 8767 9044 3357 6075 5970 6340 5873 8923 10638 8280 1079 6947 1881 6585 7581 8913 2882 5488 3999 6975 4527 4798 3292 6601 4864 8859 7839 8463 3627 4351 3936 2375 4283 5643 8326 1441 4250 4765 6812 3384 1646 5456 5457 4544 6249 6053 3386 7940 5128 3256 1041 3718 5432 3390 3970 5772 1771 1446 8239 7307 7783 8497 4436 5577 2027 4876 3211 8699 9007 7357 1957 3720 6408 8042 5602 0 5589 7803 5071 1847 2262 4955 5463 3873 6286 5945 6554 4633 3762 4381
1840 2904 6640 2251 3135 3773 6297 4433 2856 3406 445 4076 4490 2762 2739 4025 3947 3993 4935 1261 6137 3252 1845 4572 2749 3369 4259 1890 6107 3884 3285 5160 4974 6789 5110 6447 6335 2827 1768 7800 4106 755 3204 1243 5613 1800 1237 706 3679 4855 4750 2019 1784 3764 3315 1033 1990 990 2983 7104 6017 5517 4180 2574 2449 3866 3621 868 477 6061 6721 4066 6176 4427 2561 2220 5037 2674 3485 2253 3365 3920 4719 6751 2732 4832 5247 4194 4718 3640 4489 3981 3135 1874 6089 4202 4302 5834 3823 3723 5700 3275 5085 4528 5455 3164 3208 5473 1474 6425 5304 3214 3530 4336 2485 2134 3611 5104 4141 5532 4641 5207 2282 4490 2479 2759 3644 4394 4113 4957 1389 2293 5687 7971 4018 2231 3500 4408 5558 3762 3701 3696 3234 5495 3825 4984 4991 5625 6334 1690 3368 4273 6360 6641 5646 7320 4785 6717 5238 3453 4543 4570 4677 6283 2216 4343 2342 4662 4607 3073 4632 3889 3677 3695 3726 4932 3772 3728 5271 4077 3750 6940 1882 2898 5664 2856 5589 0 2703 5576 4782 6791 2938 6272 1895 4296 627 5427 2096 5638 5299
3134 1490 7469 536 5660 3749 6244 6784 4280 729 2314 3844 1863 5318 3962 6728 4108 1291 2239 3450 5890 3797 2532 6975 1907 4686 6948 3608 8391 6316 5903 7862 2290 9371 7737 9088 6643 129 1159 10365 2262 3454 4493 1545 6759 4478 3155 3360 3080 7196 5579 2267 2492 6425 3353 2349 732 2375 4819 9599 7907 7522 1698 4640 3765 4979 922 1835 2995 7454 6926 6235 8768 2725 3636 2984 7737 3343 6185 4590 3125 4011 2016 6615 4054 6881 7923 6535 2475 4452 6473 6159 4979 1251 8024 5314 6792 7841 5154 1139 7626 5156 7786 2278 6946 3881 3782 8148 4164 7181 6072 1685 3078 7032 2150 4435 2956 4950 1471 2885 6267 7166 3954 7036 1583 4030 3862 7063 4113 7659 1826 3431 6183 10517 3201 3125 1159 6206 7401 6463 6385 6398 5460 8195 6332 6710 7485 6374 6936 3227 4785 6741 6638 6974 6260 7430 7274 9377 7223 3737 7235 6763 5658 6559 4500 7044 2358 7199 7074 3720 3416 5542 4579 4397 3667 7516 4186 6412 6893 4708 5616 9392 4358 2159 7714 2876 7803 2703 0 5924 6542 9320 5556 6531 4519 6684 2882 4923 4779 6605 5963
3738 4484 1768 6029 7802 9085 1038 9213 8427 6011 5347 2128 7303 7449 2914 7320 1825 6504 7219 4564 1321 8731 7210 5306 4018 8940 6946 3830 5661 5131 5793 7899 7358 7668 6844 7891 763 5935 6183 8334 8185 5788 2616 5912 1885 6386 4400 5964 2928 9588 1163 3924 7144 7705 8618 6431 5848 6405 8447 7362 4180 4288 5671 7958 8024 2019 6388 5535 5220 2747 1148 9161 7295 4216 3025 7675 8122 2938 7086 4542 8543 1915 6855 1464 2974 4126 7404 9026 8286 9192 3814 4266 3415 4905 4370 9777 8797 4465 2339 6857 4123 3459 8071 8102 2726 8681 2393 8847 6143 1447 912 7533 8613 7118 3815 7404 3053 1247 6242 7998 10089 3992 7841 5951 4348 8335 9043 6774 1815 7965 6419 3288 377 8340 2980 3364 7052 9781 10823 6939 7452 7138 4278 8449 8374 10363 5950 927 1081 7262 2664 5450 783 1083 622 1757 9195 8287 10404 2259 7171 4505 1447 706 4428 7585 3692 5994 5608 8569 3340 9366 9242 1886 2257 6423 1849 6563 10690 9611 9133 7008 4898 3769 10728 3100 5071 5576 5924 0 3250 7328 7363 697 5394 9027 6202 1820 6501 1452 690
3422 5537 2857 6370 5684 8536 4279 6964 7211 6966 4822 4053 8331 5414 2604 4615 3467 7588 8501 3524 4550 7940 6624 2160 5009 7683 4080 3028 2468 2216 3173 4916 8606 4419 3717 4660 3636 6615 6198 5112 8589 4541 2107 5730 1675 4597 3640 4770 4582 7271 2178 4303 6564 5212 8086 5815 6106 5772 6936 4145 1378 1154 7116 6397 6965 1896 7325 5250 4306 1514 4034 7153 4055 6150 2938 6962 5222 3333 4563 2694 8147 3581 8168 4665 2497 880 4317 6835 8994 8192 660 1339 1655 5292 1517 8509 6424 1427 1542 7670 1136 1507 5145 8795 914 7811 3116 5971 4503 2853 2354 7748 8309 4255 4594 5812 4659 4028 7489 9262 8404 798 6618 2881 5151 7229 8377 3835 3698 5059 6088 3116 3003 5138 4877 3437 7666 8006 8839 4265 4919 4533 1833 5475 6089 8553 2762 2485 3090 6293 1791 2403 3704 3754 2759 4572 6730 5057 8348 3418 4248 1321 1872 3670 2669 4814 4307 2881 2476 7751 5553 7790 8183 2681 3838 3289 3113 3837 8917 8657 7431 3804 3157 4863 8557 4018 1847 4782 6542 3250 0 4086 5192 3698 3521 6768 5281 4710 4565 2050 2563
6420 8787 6573 8962 5500 9858 8347 6103 7969 9927 7079 7929 11180 5492 6021 3638 7362 10561 11524 5872 8635 9083 8289 2415 8323 8277 2985 5868 1729 3021 3530 2847 11594 478 1854 1178 7645 9427 8551 1083 10881 6154 5713 8023 5589 5458 6184 6345 8288 6189 6261 7430 8250 4454 9505 7662 8685 7615 7349 406 3384 3076 10388 6888 7990 5809 10224 7585 6391 4967 8013 6699 808 9791 6310 8404 3314 6794 4078 4740 9706 7460 11245 8712 5878 3229 2147 6123 11509 9024 3603 3453 4768 8156 3209 8922 5463 2980 5405 10429 3305 4604 3180 11318 4688 8882 6802 3845 5628 6683 6422 9988 9941 3038 7879 6450 8333 8083 10590 12205 8214 3340 7521 2302 8324 8130 9590 2689 7614 3204 8147 6352 7060 1200 8636 6681 10265 7751 8067 3594 4212 3866 3983 3186 5427 8129 1838 6512 7013 7607 5420 2586 7716 7708 6806 8491 5470 1450 7538 7177 2826 2968 5953 7693 4840 3531 7574 2131 2258 8900 9366 7896 8942 6545 7644 1886 6984 3348 8490 9465 7423 598 4970 8262 7493 7521 2262 6791 9320 7328 4086 0 5119 7724 4899 5940 6971 8759 5213 6021 6639
4071 5817 7838 5053 494 4847 8288 1852 2873 6280 3381 6483 7208 378 4550 1538 6159 6828 7728 3068 8276 4045 3619 3713 5593 3158 2135 3704 5212 3185 2122 2657 7745 4929 3267 4358 8048 5684 4467 5916 6382 2212 4751 4013 6638 1177 3385 2235 6310 2227 6278 4734 3603 911 4553 3293 4824 3255 2231 5508 5933 5328 7110 1781 2975 5355 6447 3769 2862 6705 8472 1964 4341 7300 4580 3563 2372 4935 1041 2828 4809 6180 7555 8753 4454 4730 3074 1679 7150 3917 4608 3897 4029 4809 5912 3823 1477 5574 5095 6451 5615 4046 2461 6986 6089 3830 5347 2627 1513 7725 6775 5542 5066 2099 5254 1435 6273 7309 7023 8237 3325 5173 2495 3167 5369 3063 4553 2435 6388 2350 3857 4391 7335 6140 6683 4534 6132 2889 3647 1525 996 1261 3387 2812 1021 3399 3728 7057 7795 2801 4711 3309 8094 8296 7198 9085 1933 4503 3160 5707 2323 4246 6076 8028 2936 1766 5036 3326 3540 3872 7372 2853 3828 5597 6109 3337 5862 1830 3771 4350 2409 5488 2471 5695 3407 5404 4955 2938 5556 7363 5192 5119 0 8033 1974 1664 2678 7793 935 6852 6866
4434 5069 1592 6662 8478 9760 743 9884 9124 6574 6038 2694 7835 8127 3610 7938 2470 7039 7710 5260 1227 9417 7893 5816 4625 9637 7536 4525 6023 5696 6410 8470 7853 8088 7369 8358 149 6535 6841 8698 8789 6484 3297 6584 2149 7072 5098 6661 3484 10256 1774 4591 7828 8350 9293 7120 6491 7094 9144 7726 4462 4652 6162 8654 8719 2679 6947 6217 5918 2923 451 9845 7751 4645 3722 8362 8712 3627 7725 5207 9211 2548 7346 997 3666 4577 7945 9701 8852 9884 4303 4813 4053 5552 4652 10474 9458 4792 2970 7426 4453 4083 8655 8672 3046 9371 3082 9444 6832 1303 1370 8161 9275 7710 4453 8099 3611 1660 6756 8482 10785 4390 8538 6489 4968 9030 9724 7349 2423 8553 7096 3985 726 8686 3483 4056 7643 10475 11511 7559 8092 7768 4889 9024 9040 11057 6446 1216 870 7957 3324 5991 110 453 942 1063 9849 8755 11089 2925 7752 4995 2024 46 5097 8195 4347 6520 6125 9256 3736 10063 9935 2583 2874 6944 2531 7173 11385 10301 9828 7365 5574 4372 11407 3748 5463 6272 6531 697 3698 7724 8033 0 6068 9697 6898 2059 7180 1708 1208
2231 4332 5967 4111 2409 5255 6314 3820 3717 5183 2216 4580 6351 2063 2586 2407 4217 5799 6756 1279 6308 4569 3482 2753 3993 4175 2465 1784 4329 2067 1394 3441 6808 4895 3226 4572 6087 4635 3661 5905 5984 1278 2779 3135 4793 1087 1639 1490 4505 4200 4324 3069 3435 2464 4841 2786 3839 2739 3416 5219 4537 3971 5822 2877 3528 3394 5439 2717 1526 4988 6509 3805 4283 5682 2645 3698 3417 3039 1958 893 4980 4247 6512 6780 2485 3296 3412 3633 6613 4733 3046 2401 2125 3473 4568 4993 3432 4268 3157 5588 4209 2176 3434 6423 4359 4412 3408 3988 991 5828 4835 5091 5189 2572 3595 2291 4487 5353 5893 7389 4923 3721 3138 2599 3856 3766 5045 2550 4454 3306 3251 2482 5377 6077 4886 2676 5389 4550 5492 2071 2279 2111 1709 3858 2991 5116 3114 5126 5867 2940 2754 2420 6131 6343 5250 7124 3860 4858 5044 3783 2757 2923 4137 6065 983 2730 3331 2773 2748 4378 5608 4281 4708 3627 4208 3037 3906 1925 5469 5201 3945 5068 497 4038 5343 3592 3873 1895 4519 5394 3521 4899 1974 6068 0 3635 2110 5861 1123 4962 4914
5666 7194 9473 6153 1244 4989 9947 197 2987 7411 4737 8087 8142 1623 6200 2429 7790 7892 8722 4668 9926 4197 4373 5071 7038 3002 3134 5336 6428 4649 3609 3120 8714 5639 4207 4949 9711 6812 5534 6524 7033 3656 6413 5165 8266 2732 4962 3607 7858 575 7940 6235 4382 1635 4835 4335 5966 4310 2208 6346 7377 6771 8332 2120 3339 7018 7513 5035 4337 8281 10135 859 5132 8723 6214 4131 2673 6545 2249 4491 5157 7806 8603 10413 6108 6224 3794 226 7861 3809 6155 5443 5684 6144 7332 3338 480 6986 6756 7422 7072 5694 2805 7722 7676 3969 6979 2436 3041 9370 8434 6288 5424 3015 6739 2252 7811 8949 8146 9128 2333 6662 2935 4411 6775 3263 4657 3471 8013 2755 4873 6012 8998 6773 8222 6130 7040 1879 2185 2659 1935 2350 5001 2957 679 2192 4923 8713 9450 3544 6374 4676 9757 9958 8859 10749 730 4962 1657 7329 3185 5716 7736 9692 4600 2438 6549 4541 4840 4073 8884 2245 3670 7252 7715 4418 7504 3080 2550 4135 1783 6414 4132 7169 1791 6966 6286 4296 6684 9027 6768 5940 1664 9697 3635 0 3872 9413 2554 8496 8528
2465 3348 7241 2375 2785 3257 6923 3992 2229 3609 963 4687 4551 2437 3352 3943 4571 4150 5055 1804 6759 2679 1386 4860 3262 2742 4274 2481 6428 4172 3441 5103 5076 6927 5218 6524 6960 3010 1795 7944 3929 833 3802 1337 6193 1662 1839 626 4258 4413 5363 2603 1334 3560 2813 695 2150 650 2384 7304 6469 5944 4478 2010 1828 4469 3769 1165 1025 6607 7347 3556 6309 4896 3184 1681 4926 3301 3385 2657 2908 4542 4877 7376 3338 5257 5281 3747 4619 3030 4939 4382 3654 2287 6527 3576 3934 6255 4406 3788 6146 3782 4989 4439 5993 2575 3835 5288 1393 7032 5916 3043 3101 4328 3040 1638 4183 5725 4352 5588 4036 5651 1657 4686 2959 2135 3099 4453 4734 4864 1228 2916 6310 8129 4585 2858 3497 3822 4988 3727 3546 3611 3639 5384 3466 4393 5216 6237 6950 1074 3950 4530 6985 7265 6264 7947 4418 6765 4691 4077 4546 4952 5281 6909 2645 4246 2924 4862 4857 2495 5171 3281 3061 4320 4341 5089 4399 3766 4670 3475 3167 7168 2233 3433 5135 3460 5945 627 2882 6202 5281 6971 2678 6898 2110 3872 0 6036 1962 6235 5917
3756 3436 3553 5172 8169 8469 1478 9583 8223 4814 5084 1352 5975 7790 3300 8094 1647 5198 5775 4746 1017 8268 6746 6532 3116 8727 7856 4090 7178 6201 6624 8862 5923 9049 7985 9163 2206 4898 5492 9808 7118 5858 3298 5366 3632 6682 4470 5980 1899 9988 2555 3453 6683 8314 8019 6066 5061 6051 8410 8847 5833 5836 4245 7985 7758 2985 5167 5105 5198 4514 2303 9381 8606 2666 3217 7243 9005 2870 7754 5146 7875 1614 5415 1747 3421 5535 8483 9369 7062 8819 5158 5437 4290 4189 6018 9526 9269 6058 3390 5665 5724 4400 8978 6895 4389 8265 2452 9685 6383 3236 2613 6605 7891 8017 3115 7491 2011 683 4873 6530 10068 5502 7681 7076 3490 8073 8493 7750 1407 8861 5895 3403 2196 9844 1721 3295 5949 9828 10957 7716 8103 7856 5220 9384 8810 10408 7195 2723 2828 7008 3507 6586 2163 2489 2433 2657 9712 9551 10600 2086 8115 5815 2854 2102 5013 8392 3142 7155 6807 8130 1741 9315 8899 2360 1714 7587 1987 7398 10698 9190 9169 8511 5378 2865 10987 2577 6554 5427 4923 1820 4710 8759 7793 2059 5861 9413 6036 0 6868 3227 2383
3137 4926 7084 4298 1311 4653 7403 2731 2868 5492 2526 5552 6505 948 3648 1980 5239 6065 6991 2134 7373 3894 3130 3418 4679 3269 2357 2784 4992 2791 1805 3143 7019 5106 3388 4636 7202 4905 3745 6120 5844 1344 3885 3257 5903 303 2450 1419 5376 3126 5443 3808 3100 1674 4292 2638 4052 2595 2425 5577 5464 4873 6273 1889 2803 4511 5688 2955 1957 6058 7623 2681 4492 6388 3662 3198 2969 4005 1423 2014 4496 5257 6793 7870 3559 4227 3366 2532 6565 3925 4036 3347 3244 3942 5470 4046 2409 5149 4280 5740 5138 3287 3028 6389 5431 3704 4427 3378 623 6950 5957 4971 4736 2391 4330 1337 5340 6396 6231 7545 3840 4667 2351 3031 4469 2981 4396 2577 5465 2903 3188 3465 6494 6323 5749 3601 5459 3450 4370 1781 1607 1649 2732 3427 1944 4009 3597 6249 6990 2400 3874 3029 7245 7462 6371 8238 2868 4849 3921 4782 2615 3790 5260 7178 2106 2284 4107 3206 3317 3707 6440 3235 3872 4702 5179 3338 4950 1887 4367 4387 2866 5495 1608 4773 4227 4469 4633 2096 4779 6501 4565 5213 935 7180 1123 2554 1962 6868 0 6083 6033
3874 5288 1015 6599 7326 9353 2377 8690 8389 6832 5516 3145 8183 7007 2920 6527 2646 7388 8193 4453 2752 8888 7422 4207 4770 8892 6053 3754 4316 4182 5019 6935 8322 6393 5765 6689 1623 6642 6621 6990 8835 5658 2435 6256 445 6033 4402 5866 3894 9033 1029 4398 7357 7034 8885 6607 6377 6572 8273 6018 2764 2947 6675 7752 8048 1777 7212 5818 5210 1296 1999 8759 6074 5363 3166 7844 7217 3304 6390 4069 8867 2766 7835 2703 2910 2917 6360 8531 9059 9264 2691 3282 2839 5447 2955 9737 8204 3085 1850 7644 2745 2807 7148 8866 1338 8802 2825 7961 5850 874 637 8093 8978 6229 4459 7171 4007 2587 7184 8978 9857 2696 7787 4914 5038 8344 9260 5834 2768 7054 6718 3432 1106 6978 4056 3636 7763 9502 10451 6159 6756 6398 3518 7494 7822 10073 4812 529 1042 7308 2301 4425 1695 1708 841 2523 8556 7085 9992 2899 6244 3370 980 1674 3985 6756 4252 4925 4521 8711 4562 9177 9288 2209 3118 5337 2454 5748 10422 9710 8880 5657 4498 4549 10259 3741 3762 5638 6605 1452 2050 6021 6852 1708 4962 8496 6235 3227 6083 0 853
3472 4586 1508 6007 7319 8922 1717 8718 8121 6133 5117 2346 7464 6977 2568 6731 1896 6666 7439 4201 2007 8514 7013 4637 4085 8632 6328 3470 4972 4493 5204 7266 7572 6981 6183 7210 1195 5989 6092 7644 8216 5429 2179 5771 1249 5943 4083 5620 3120 9083 590 3832 6947 7155 8453 6212 5803 6182 8084 6672 3507 3600 5906 7580 7744 1525 6513 5362 4908 2132 1621 8710 6612 4545 2745 7460 7504 2769 6526 4039 8405 2009 7077 2119 2599 3440 6751 8541 8387 8938 3136 3615 2860 4860 3696 9475 8276 3781 1778 6961 3440 2882 7449 8197 2051 8448 2243 8236 5721 1218 233 7513 8496 6502 3816 7013 3239 1735 6439 8223 9707 3303 7526 5296 4382 8050 8855 6144 1979 7346 6260 3016 483 7652 3251 3157 7113 9379 10387 6353 6894 6565 3682 7819 7866 9959 5277 422 1038 6988 2160 4797 1249 1430 348 2227 8660 7607 9952 2226 6546 3829 816 1193 3934 6987 3644 5333 4943 8344 3725 9000 8976 1650 2368 5760 1778 5965 10295 9370 8740 6319 4425 3850 10256 3089 4381 5299 5963 690 2563 6639 6866 1208 4914 8528 5917 2383 6033 853 0
