80 40 10
54 87 44 84 34 79 6 7 24 100 3 2 20 11 9 28 15 22 91 33 45 71 64 11 96 53 80 21 43 95 1 21 86 98 57 25 3 68 47 40
183 200 100 133 50 83 117 167 67 150
0 7454 5796 7685 5442 2347 419 683 2539 352 2587 4316 4501 4053 529 1668 2484 3256 2893 4627 5481 7464 383 2223 3524 2314 2404 5229 7285 2485 5439 1220 5407 6839 5727 2770 2458 2838 4973 7476 5930 7643 4963 7801 409 5496 2263 5081 1227 1805 2535 1326 7435 2526 2841 3333 2119 4945 947 2734 2619 745 3187 3353 2610 7545 4046 4652 4676 4838 5502 2537 6552 408 3364 5638 3544 7350 3553 2624 3739 3373 4060 3044 2522 3528 7479 3107 2931 3320 6640 6923 3176 7615 3062 6956 5815 1035 1904 2845 2223 2898 881 3949 401 5128 3553 3562 5082 2416 3227 2688 2734 3281 3278 2826 4062 3153 1158 2627 6898 2956 5343 7397 4212 2851 5585 456 2901 3825 3247 414 5622 824 7192 2938 3115 5108 458 3171 4717 3220 398 3348 327 998 3424 2686 4874 2593 3408 2810 5433 4304 407 2762 2529 297 2195 2338 3133 4199 5587 6735 1811 2658 2538 5250 6626 6022 4049 1994 2916 2684 7542 2212 6929 1060 1064 2207 3125 4635 515 2159 5998 1938 231 7228 5981 2856 3793 6933 4503 3627 2098 5541 7251 7600 3105 3214 3020 2177 815 6169 1210 3441 5689 6869 2793 3252 267 5106 5215 2515 7484 2305 3745 4507 2651 4788 6797 2626 5491 7454 5779 6654 3362 7731 491 5014 7304 7256 2135 2539 2607 3146 3352 487 5460 161 3433
7454 0 4436 242 4777 6564 7119 7103 8156 7806 7570 4546 2961 3401 7310 6219 7478 4207 6491 3942 4582 472 7212 7163 7416 8041 8167 4403 442 6975 4645 7038 4178 670 4622 6886 5004 7163 3896 489 3981 845 5241 645 7454 4639 6515 5122 6227 7052 7701 7901 544 8212 5552 7564 6164 4550 6517 7266 6145 6746 8326 7100 6807 298 3459 4394 5782 4667 4884 5797 967 7052 4091 4562 5602 1249 4017 7559 3715 4105 3509 7498 7692 4032 26 4525 7863 4425 893 582 4279 211 6886 871 4732 6756 7333 5628 7490 6784 6722 3512 7169 4023 8786 7362 4733 6898 7584 7010 7368 4174 7302 6600 4427 4321 6358 7945 801 4977 4124 604 3328 4605 4170 7040 7426 3807 4360 7801 4945 6718 498 4533 7108 3737 7175 8360 4102 4251 7649 4109 7128 7905 4036 4792 5130 4861 7741 6233 4426 4635 7102 4705 6296 7261 7316 7865 6988 3315 6163 730 6124 7142 5624 4825 1318 4020 3454 6353 7071 8600 487 5685 525 7833 6402 5770 8708 5279 7456 5944 4636 6149 7619 787 4874 4726 8542 813 2951 3841 6895 5586 523 275 8713 7416 7995 7618 6641 4948 6582 4040 5344 747 4743 7832 7606 4519 4682 6366 729 5361 3722 5127 7660 5540 870 4838 3959 148 5419 931 5849 357 7116 4812 200 1189 5661 7380 5984 4318 5060 7167 4607 7611 4088
5796 4436 0 4641 479 3739 5377 5161 5049 6092 4417 1500 3287 3486 5987 4128 4385 3554 3336 1447 339 4076 5424 4250 3789 5043 5133 575 4652 3945 402 4767 496 3862 196 3707 4229 3904 1108 4829 466 5189 1125 5075 5553 352 3768 962 4877 4412 4573 5451 4848 5117 2961 4030 3720 851 5163 4053 3323 5389 4910 3572 3740 4713 3934 1178 1719 963 527 3276 4217 5522 3665 197 2373 5345 4269 4386 3597 3408 2867 4109 4571 3057 4445 3119 4534 2839 4274 3930 3773 4644 3539 4713 297 4773 4577 2969 4539 3551 4919 3363 5741 860 5264 3718 749 3926 4101 3856 4147 3754 3800 3455 1819 4018 4717 4775 4573 2935 588 4870 4040 3976 357 5352 4113 4364 3087 5948 535 5454 4611 3640 3704 1113 5354 4955 1237 3515 6158 3787 5551 5656 3524 3734 1111 4040 4175 3230 365 1499 5392 4128 3463 5778 4396 4845 3588 3017 1759 3919 3985 3985 3258 649 4800 463 3085 3883 3780 5481 4123 3597 4138 6679 4888 3591 5379 1375 5492 3641 284 3871 5835 4892 473 3354 4874 3625 3455 3822 4118 1185 3931 4351 5396 3943 4629 4685 5133 623 4590 3365 917 4466 3485 4344 6048 690 613 3510 5020 3632 3359 1394 4471 1459 4515 3855 605 4321 984 4369 2627 4787 5745 837 4447 5236 3696 4264 3267 3593 2448 5329 367 5903 3208
7685 242 4641 0 4991 6806 7352 7339 8398 8036 7812 4781 3195 3632 7535 6459 7720 4440 6733 4177 4796 596 7445 7405 7655 8283 8409 4623 525 7217 4859 7277 4395 911 4829 7128 5232 7404 4125 470 4183 762 5464 490 7688 4852 6757 5343 6457 7293 7943 8141 540 8454 5794 7804 6405 4776 6746 7507 6387 6974 8568 7340 7049 255 3679 4625 6009 4894 5097 6039 1168 7282 4322 4772 5842 1237 4233 7801 3946 4340 3749 7740 7934 4271 222 4765 8104 4666 1087 824 4509 94 7127 979 4937 6993 7575 5870 7732 7025 6958 3746 7397 4247 9027 7601 4955 7140 7824 7252 7609 4404 7542 6841 4666 4547 6592 8187 940 5218 4343 609 3544 4835 4382 7272 7668 4018 4599 8033 5155 6944 609 4768 7348 3964 7409 8601 4334 4485 7875 4338 7358 8142 4269 5027 5354 5091 7981 6475 4641 4870 7334 4932 6538 7489 7558 8107 7228 3553 6375 970 6364 7384 5866 5043 1437 4219 3692 6594 7312 8842 579 5925 757 8052 6634 6011 8949 5507 7691 6185 4835 6389 7851 830 5074 4965 8781 1030 3182 4067 7137 5798 710 322 8955 7657 8237 7860 6872 5143 6820 4276 5552 908 4981 8073 7834 4741 4901 6608 695 5600 3956 5357 7902 5766 1023 5071 4175 322 5625 1111 6089 160 7343 5034 385 1197 5901 7622 6226 4551 5301 7401 4821 7842 4326
5442 4777 479 4991 0 3319 5024 4794 4587 5727 3958 1238 3333 3471 5662 3775 3930 3427 2894 1379 196 4441 5065 3811 3312 4588 4675 456 4964 3502 133 4376 610 4177 319 3255 4032 3443 1120 5148 902 5502 646 5408 5181 145 3354 484 4581 3993 4115 5032 5162 4656 2601 3555 3342 582 4857 3594 2916 5075 4435 3100 3297 5046 3921 968 1240 636 125 2907 4481 5187 3559 283 1957 5621 4199 3927 3540 3291 2832 3639 4113 2940 4788 2926 4065 2650 4544 4250 3646 4987 3078 4990 375 4411 4146 2599 4093 3097 4571 3331 5411 885 4786 3240 370 3488 3628 3404 3686 3640 3327 3011 1597 3898 4393 4312 4852 2660 681 5179 4046 3816 612 5005 3648 4324 2918 5573 249 5149 4917 3471 3237 1196 4993 4481 1137 3381 5813 3683 5210 5250 3420 3535 645 3850 3698 2805 354 1210 5042 3963 3049 5442 3955 4390 3122 3013 1386 4220 3632 3531 2911 195 5039 925 3058 3496 3319 5016 4492 3269 4446 6357 4573 3251 4906 912 5115 3283 571 3506 5468 5184 547 3142 4395 3965 3502 3756 3693 812 4284 4711 4924 3470 4157 4238 4811 742 4232 3256 615 4749 3279 3869 5698 453 256 3093 5329 3349 3295 963 4010 980 4788 3657 821 4669 716 4635 2199 5132 5421 429 4773 5510 3378 3809 2874 3453 2127 4968 171 5542 3086
2347 6564 3739 6806 3319 0 1969 1665 1592 2559 1035 2414 3775 3479 2726 998 928 2744 547 2915 3403 6429 1971 602 1441 1486 1608 3220 6531 453 3348 1144 3446 5896 3629 565 2506 799 3182 6735 3982 6996 2754 7059 2001 3403 111 2894 2032 675 1149 1714 6714 1648 1017 1383 567 2921 2162 819 447 2288 1859 1159 387 6737 3732 2732 2376 2790 3352 776 5828 2234 2938 3557 1366 6856 3516 1033 3254 2755 3112 1161 1138 2654 6585 2163 1392 2176 5916 5984 2832 6758 815 6322 3691 1370 856 950 931 623 1614 3308 2467 3257 2344 1446 2991 354 1327 591 903 2922 1195 493 2313 2996 1670 1393 6224 1609 3407 6696 3931 2672 3610 1992 1030 3797 2326 2363 3456 2410 6448 2467 965 3350 1894 1881 2904 2673 2745 3011 2217 1944 2895 2263 2694 2465 1539 515 3399 2365 2004 2713 291 2454 758 1304 921 3344 3255 5843 930 679 969 3124 6121 4059 3235 496 791 2037 6503 1096 6072 3386 1872 982 2171 2433 1914 794 3890 758 2302 6587 3825 2064 2265 5873 3865 3296 383 3266 6222 6633 2173 1214 1532 1067 2004 3999 1260 2795 3450 6159 2130 1509 2614 3074 3128 232 6818 1528 3105 2355 1132 2525 6128 2318 3588 6519 3530 5964 1121 6896 2513 2907 6462 6746 1213 847 585 2658 1561 1865 3377 2403 2664
419 7119 5377 7352 5024 1969 0 327 2363 739 2319 3898 4160 3721 771 1250 2207 2913 2515 4213 5062 7113 101 1910 3213 2137 2242 4811 6965 2147 5021 880 4988 6496 5308 2423 2153 2517 4558 7159 5512 7338 4549 7486 365 5078 1878 4666 927 1477 2288 1239 7120 2361 2423 3040 1708 4526 709 2425 2216 598 2988 3019 2255 7221 3746 4233 4272 4419 5085 2120 6231 323 3033 5220 3132 7063 3280 2353 3411 3022 3691 2753 2274 3156 7144 2720 2686 2924 6320 6581 2849 7285 2713 6649 5397 624 1623 2428 1957 2541 464 3608 525 4711 3389 3245 4664 2070 2939 2353 2436 2956 2962 2455 3646 2851 773 2411 6586 2544 4925 7084 3920 2534 5167 99 2606 3560 2865 683 5205 723 6873 2589 2784 4694 121 2978 4301 2872 796 3028 268 995 3083 2332 4458 2271 3130 2415 5014 3885 50 2459 2133 490 1904 2128 2792 3840 5191 6397 1393 2337 2120 4832 6333 5604 3692 1591 2584 2573 7192 1795 6596 1418 721 1788 2986 4221 420 1741 5579 1522 509 6922 5563 2474 3582 6578 4171 3316 1751 5132 6901 7258 2969 2910 2788 1935 515 5752 793 3088 5277 6552 2420 2990 676 4687 4796 2124 7176 1904 3400 4091 2393 4379 6485 2282 5073 7115 5368 6338 2956 7404 594 4596 6974 6966 1722 2248 2197 2802 2934 145 5041 539 3068
683 7103 5161 7339 4794 1665 327 0 2064 934 1995 3698 4144 3721 1096 1047 1882 2903 2212 4048 4841 7075 307 1584 2887 1839 1949 4600 6968 1825 4797 555 4788 6468 5084 2104 2204 2191 4383 7165 5317 7358 4298 7493 397 4854 1580 4420 1037 1152 1967 1009 7129 2066 2200 2714 1455 4311 902 2099 1941 861 2678 2696 1938 7217 3785 4034 3997 4199 4849 1887 6235 642 3040 4998 2876 7104 3351 2029 3418 2999 3634 2426 1953 3098 7127 2638 2365 2818 6324 6554 2864 7274 2394 6668 5168 395 1298 2195 1634 2225 388 3596 852 4525 3089 2920 4437 1749 2613 2030 2110 2971 2637 2147 3467 2894 765 2098 6599 2394 4729 7096 3966 2563 4965 388 2279 3638 2791 794 4966 995 6877 2574 2461 4526 231 2670 4120 2855 1080 3048 594 845 3076 2314 4213 2298 2804 2129 4801 3679 373 2506 1847 813 1578 1818 2471 3800 4906 6376 1187 2011 1912 4600 6369 5407 3655 1319 2261 2300 7153 1622 6582 1726 801 1597 2698 3970 363 1522 5354 1290 674 6941 5328 2404 3268 6533 4169 3344 1430 4867 6862 7231 2682 2584 2470 1616 683 5514 586 3063 5021 6559 2368 2665 949 4472 4572 1832 7193 1798 3383 3849 2070 4115 6498 2280 4884 7091 5110 6347 2687 7397 919 4366 6964 7005 1571 1921 1938 2793 2733 201 4819 755 3024
2539 8156 5049 8398 4587 1592 2363 2064 0 2538 636 3895 5348 5026 3060 2208 696 4253 1765 4443 4711 8017 2296 997 1476 226 155 4592 8121 1197 4647 1625 4841 7489 4906 1364 3845 1145 4673 8326 5363 8582 3958 8650 2135 4698 1646 4116 2964 1228 483 1240 8304 69 2606 1201 2046 4301 2929 998 2017 2923 660 1544 1386 8329 5239 4187 3437 4160 4590 2364 7415 2685 4439 4855 2767 8430 4951 664 4780 4286 4696 997 488 4222 8177 3723 613 3759 7503 7577 4309 8351 1510 7905 4937 2074 932 2534 677 1511 2308 4861 2859 4710 1026 1545 4312 1264 1090 1218 902 4407 1337 1644 3854 4436 2591 280 7810 3195 4817 8285 5437 4095 4988 2444 950 5241 3889 2290 4668 3058 8038 3951 1363 4846 2243 638 4397 4186 2875 4496 2618 1608 4415 3719 3943 3856 1162 1969 4744 3832 2413 4102 1863 2789 850 307 1471 4923 4101 7435 2235 1082 2547 4402 7692 5426 4809 1876 1269 452 8091 2582 7664 3533 2733 2476 660 3676 2031 2284 5145 2134 2361 8172 5029 3591 1271 7461 5429 4792 1282 4308 7811 8224 650 1200 612 573 2713 5177 2121 4332 4554 7747 3634 949 2746 4439 4443 1794 8405 2991 4652 3666 577 3658 7713 3747 5011 8110 4607 7550 2494 8488 2941 4218 8055 8321 2659 809 2173 4158 3129 2218 4682 2490 4217
352 7806 6092 8036 5727 2559 739 934 2538 0 2671 4622 4853 4404 707 1967 2579 3608 3100 4950 5773 7816 674 2361 3643 2320 2394 5529 7635 2645 5729 1416 5712 7191 6017 2938 2808 2975 5292 7826 6239 7991 5231 8151 559 5786 2484 5354 1579 1966 2601 1298 7784 2516 3131 3434 2389 5241 1295 2859 2866 1083 3197 3499 2788 7896 4394 4958 4918 5131 5783 2820 6902 756 3715 5930 3808 7694 3896 2711 4090 3725 4410 3146 2588 3877 7830 3452 2987 3661 6991 7275 3527 7966 3228 7304 6102 1319 2017 3129 2312 3075 1201 4301 692 5442 3528 3687 5370 2586 3323 2842 2846 3632 3405 3023 4378 3503 1502 2662 7248 3282 5652 7746 4559 3202 5890 794 3008 4165 3593 248 5900 1147 7542 3289 3259 5430 741 3176 5033 3572 373 3699 678 934 3776 3037 5147 2945 3492 3043 5731 4605 739 3112 2764 586 2311 2373 3289 4550 5814 7087 2109 2797 2838 5534 6971 6330 4400 2249 3063 2625 7894 2527 7281 997 1415 2513 3082 4903 646 2451 6287 2222 261 7576 6262 3202 3807 7285 4854 3977 2276 5793 7603 7952 3059 3328 3063 2246 1167 6448 1504 3792 5952 7218 3142 3322 288 5402 5504 2743 7833 2642 4097 4783 2726 5042 7146 2977 5803 7806 6040 7003 3613 8082 773 5300 7655 7600 2458 2647 2870 3498 3657 764 5751 201 3783
2587 7570 4417 7812 3958 1035 2319 1995 636 2671 0 3263 4809 4512 3074 1833 126 3768 1132 3817 4079 7418 2276 516 1006 640 717 3957 7550 597 4015 1465 4205 6901 4277 729 3454 516 4040 7755 4727 8021 3333 8077 2181 4067 1110 3490 2735 911 156 1451 7735 703 2021 769 1555 3665 2765 364 1426 2812 839 975 767 7751 4757 3552 2826 3525 3964 1807 6853 2637 3960 4224 2132 7888 4515 42 4284 3785 4142 489 155 3689 7591 3197 401 3207 6940 6989 3845 7767 883 7350 4311 1883 697 1943 365 874 2141 4342 2842 4074 1323 1063 3678 683 655 584 276 3938 803 1012 3232 3995 2350 381 7250 2640 4181 7719 4956 3662 4353 2382 378 4800 3361 2431 4046 2946 7469 3482 763 4214 2209 856 3766 3698 2963 4027 2587 1804 3923 3265 3314 3438 822 1350 4110 3198 2367 3688 1279 2792 438 450 859 4376 3536 6854 1824 448 2004 3772 7155 4792 4269 1413 641 1083 7491 2101 7084 3636 2523 1989 1141 3046 2075 1795 4518 1689 2452 7613 4408 3092 1333 6863 4900 4317 813 3708 7213 7630 1145 691 534 433 2563 4560 1873 3826 3946 7183 3150 670 2828 3803 3810 1209 7842 2527 4138 3032 101 3040 7154 3308 4375 7520 4003 6990 1859 7906 2914 3585 7474 7778 2200 190 1593 3679 2522 2180 4050 2578 3698
4316 4546 1500 4781 1238 2414 3898 3698 3895 4622 3263 0 2409 2426 4491 2654 3202 2237 2131 605 1215 4311 3949 2985 2904 3843 3950 925 4625 2714 1191 3343 1091 3887 1466 2535 2798 2783 777 4826 1620 5145 1088 5125 4093 1245 2418 1094 3378 3061 3413 4088 4823 3960 1513 3084 2286 666 3664 2914 1971 3890 3912 2608 2515 4773 2864 337 1388 605 1336 1833 4017 4030 2388 1366 1137 5149 3056 3241 2430 2112 1789 3072 3408 1770 4562 1696 3475 1424 4094 3971 2453 4754 2454 4540 1580 3305 3270 1538 3301 2399 3436 2264 4246 847 4338 2845 875 2668 3122 2679 3016 2460 2825 2252 373 2707 3221 3642 4415 1438 1032 4823 3017 2597 1269 3868 3031 3218 1702 4490 1470 3955 4559 2250 2661 951 3881 3951 503 2184 4670 2512 4061 4254 2254 2300 939 2617 3255 1944 1134 93 3910 2741 2124 4286 3140 3647 2537 2012 2156 3881 2513 2815 1786 1075 4480 1709 2015 2463 2672 4345 4377 2107 4118 5182 3389 2109 4343 909 4039 2177 1733 2414 4367 4774 1777 1906 4040 3771 2568 2627 2797 1738 4120 4552 4355 2953 3594 3446 3636 1974 3118 2086 1713 4326 2043 3376 4564 822 983 2183 4964 2134 2184 697 3337 1223 4333 2422 1194 4468 1825 4169 1409 4899 4248 848 4490 5035 2201 3086 1875 2251 965 3858 1200 4429 1908
4501 2961 3287 3195 3333 3775 4160 4144 5348 4853 4809 2409 0 470 4388 3292 4703 1247 3829 1977 3197 2967 4251 4353 4870 5207 5338 2878 2833 4216 3222 4104 2808 2339 3386 4189 2070 4472 2218 3033 3035 3256 3455 3362 4493 3253 3708 3415 3276 4180 4923 4968 3002 5397 2819 4959 3307 2821 3572 4548 3402 3805 5617 4536 4076 3075 765 2475 3793 2862 3458 3001 2104 4102 1143 3282 3133 3082 1300 4804 783 1145 694 4833 4912 1127 2985 1628 5146 1605 2194 2423 1335 3130 4258 2569 3528 3802 4472 2905 4671 4119 3762 552 4231 2463 6096 4831 3074 4126 4952 4292 4645 1235 4704 3920 2106 1425 3397 5167 2484 2171 2716 2974 797 1668 2930 4081 4734 1243 1461 4842 3578 3787 2744 1572 4483 2177 4214 5644 2222 1290 4712 1182 4176 4953 1077 1831 3307 1914 5137 3545 3035 2496 4142 1784 3538 4318 4498 5046 4373 446 4533 2237 3209 4414 2807 3256 2346 3131 540 3487 4401 5777 3046 2792 2438 4952 3444 2888 5946 3317 4496 3074 3570 3257 4661 2840 3738 1795 5935 2449 169 963 4066 4047 2756 3100 5948 4795 5285 4787 3686 3907 3633 1082 3933 2434 1795 5185 4662 2898 3112 3608 3083 2431 761 3106 4905 3630 2385 1878 2686 2955 4041 2227 3320 3254 4182 3102 2821 2973 2747 4619 3226 1357 2453 4206 3203 4657 1150
4053 3401 3486 3632 3471 3479 3721 3721 5026 4404 4512 2426 470 0 3926 2914 4401 819 3589 2092 3355 3427 3815 4038 4658 4874 5006 3026 3248 3927 3370 3714 2994 2792 3564 3929 1609 4209 2385 3444 3286 3644 3507 3772 4061 3408 3403 3488 2826 3833 4618 4575 3408 5072 2572 4723 2980 2925 3118 4273 3134 3349 5335 4321 3802 3500 450 2553 3778 2943 3593 2716 2514 3651 689 3457 2991 3427 876 4511 317 748 643 4576 4606 847 3426 1317 4865 1366 2603 2875 878 3564 4025 2953 3705 3391 4130 2660 4349 3873 3336 181 3774 2636 5818 4624 3178 3832 4707 4021 4367 774 4475 3671 2085 955 2966 4859 2880 1906 2901 3376 590 1208 3135 3640 4468 891 1158 4402 3720 3327 3156 1149 4246 2377 3780 5359 2335 873 4255 716 3727 4541 646 1409 3358 1460 4900 3299 3202 2506 3702 1319 3261 3863 4178 4721 4143 471 4582 2684 2842 4136 2513 3370 2686 3386 415 3152 4148 5445 3506 2447 2877 4484 3002 2551 5641 3330 4068 2742 3771 2907 4219 3226 3918 1437 5688 2915 450 497 3745 4133 3216 3551 5640 4556 5005 4458 3239 4097 3228 696 4051 2839 1412 4931 4208 3023 3234 3329 3476 2060 374 3113 4611 3643 2779 1442 2902 3403 4161 2627 3148 3683 3724 3192 3253 3322 2386 4325 2955 929 2283 3774 3357 4210 815
529 7310 5987 7535 5662 2726 771 1096 3060 707 3074 4491 4388 3926 0 1916 2966 3166 3271 4741 5684 7353 800 2679 3983 2835 2928 5414 7113 2918 5648 1651 5572 6717 5934 3193 2317 3287 5099 7299 6083 7444 5223 7621 925 5705 2632 5331 1172 2248 3033 1855 7254 3049 3075 3806 2413 5139 862 3194 2942 619 3704 3790 3023 7382 3862 4822 4985 5042 5732 2791 6385 496 3245 5840 3823 7122 3334 3110 3609 3297 4017 3518 3019 3499 7336 3127 3431 3367 6472 6798 3053 7462 3483 6763 6031 1359 2382 3093 2710 3309 1133 3843 262 5274 4078 4016 5296 2840 3703 3124 3202 3153 3733 3216 4207 2989 1271 3138 6715 3079 5503 7212 4014 2720 5753 735 3371 3589 3250 891 5856 604 7019 2866 3556 5222 870 3689 4856 3140 379 3210 510 1526 3324 2631 5124 2479 3891 3153 5622 4489 730 2609 2872 284 2668 2850 3563 4128 5917 6603 2054 3107 2756 5473 6411 6179 3976 2319 3356 3213 7432 2394 6786 695 1105 2413 3652 4898 1029 2405 6205 2208 743 7033 6207 2867 4307 6836 4370 3470 2521 5827 7142 7472 3633 3679 3525 2676 855 6399 1497 3366 5955 6694 2782 3744 419 5300 5425 2868 7291 2392 3650 4752 3144 5075 6614 2551 5638 7321 6050 6478 3668 7572 243 5235 7152 7032 2291 3012 2902 3059 3542 900 5665 626 3387
1668 6219 4128 6459 3775 998 1250 1047 2208 1967 1833 2654 3292 2914 1916 0 1707 2106 1482 3003 3813 6154 1296 1317 2435 2025 2158 3563 6123 1376 3771 820 3745 5569 4058 1559 1638 1764 3336 6324 4273 6546 3312 6652 1444 3828 887 3424 1044 980 1889 1682 6293 2243 1174 2352 521 3277 1215 1743 1063 1383 2662 2157 1378 6356 3071 2991 3074 3169 3838 877 5396 1426 2277 3970 1907 6340 2747 1848 2639 2166 2713 2103 1875 2188 6242 1696 2232 1834 5485 5656 2130 6400 1812 5858 4148 652 1277 1183 1563 1618 797 2765 1657 3478 3138 2443 3414 1271 2282 1559 1803 2233 2185 1466 2420 2236 708 2106 5776 1363 3685 6266 3266 1894 3923 1231 1958 3038 1860 1841 3958 1488 6034 1786 1960 3480 1227 2672 3073 2045 2038 2319 1440 1720 2276 1538 3217 1649 2494 1296 3766 2638 1267 1894 1032 1676 1415 1903 1919 2906 4014 5490 143 1613 871 3583 5600 4363 2772 503 1777 2589 6231 584 5705 2608 913 550 2861 2985 1398 494 4329 299 1713 6129 4315 1498 3157 5604 3345 2620 1026 3911 5942 6327 2855 2189 2366 1639 1097 4505 464 2222 4043 5726 1503 2429 1923 3438 3547 1051 6375 861 2550 2847 1932 3160 5676 1551 3838 6195 4136 5519 1760 6529 1680 3347 6094 6236 565 1677 995 2002 1689 1204 3792 1776 2143
2484 7478 4385 7720 3930 928 2207 1882 696 2579 126 3202 4703 4401 2966 1707 0 3652 1073 3747 4046 7332 2166 390 1076 659 753 3914 7453 505 3983 1347 4160 6810 4248 680 3330 509 3979 7658 4686 7921 3311 7981 2079 4035 998 3466 2609 786 223 1382 7638 759 1926 855 1437 3621 2643 355 1333 2693 961 1007 690 7657 4642 3496 2818 3481 3940 1703 6753 2523 3844 4193 2077 7784 4394 150 4170 3671 4040 568 214 3581 7499 3088 528 3104 6841 6898 3727 7674 871 7248 4287 1761 585 1851 267 834 2019 4232 2731 4020 1444 1127 3642 582 745 531 293 3821 856 952 3158 3874 2225 467 7150 2536 4134 7621 4840 3541 4311 2268 436 4680 3252 2340 4025 2827 7371 3364 781 4152 2099 977 3703 3583 2863 3910 2475 1727 3808 3145 3286 3316 925 1273 4072 3139 2254 3565 1182 2683 314 460 864 4272 3553 6760 1699 400 1897 3742 7049 4752 4163 1292 633 1147 7405 1983 6990 3536 2399 1871 1243 3018 1974 1678 4493 1567 2355 7513 4389 2978 1460 6776 4792 4200 689 3705 7126 7541 1245 758 660 368 2442 4545 1748 3714 3937 7084 3034 786 2728 3762 3776 1112 7743 2408 4027 2995 225 3025 7054 3187 4326 7430 3998 6890 1804 7813 2801 3550 7380 7674 2080 121 1496 3562 2438 2070 4017 2479 3587
3256 4207 3554 4440 3427 2744 2913 2903 4253 3608 3768 2237 1247 819 3166 2106 3652 0 2924 2108 3352 4207 3005 3279 4013 4092 4225 3022 4065 3196 3350 2899 3061 3584 3588 3231 870 3506 2461 4262 3457 4463 3311 4590 3248 3397 2659 3330 2034 3045 3864 3758 4227 4297 1925 4048 2217 2847 2335 3555 2442 2572 4601 3679 3089 4314 990 2460 3456 2826 3539 2009 3332 2860 200 3479 2491 4238 877 3770 533 156 890 3876 3852 497 4231 670 4135 862 3421 3668 220 4374 3361 3772 3721 2572 3344 2015 3580 3195 2519 695 2997 2700 5086 3988 3087 3097 4020 3309 3644 231 3811 2993 1864 471 2152 4102 3699 1272 2971 4195 1188 488 3226 2835 3758 1114 573 3595 3672 2562 3974 330 3576 2512 2968 4622 2322 73 3479 304 2932 3721 173 590 3165 690 4221 2633 3222 2297 2896 638 2553 3081 3412 3947 3482 964 4344 3484 2042 3416 1801 3289 3498 3560 812 2378 3458 4663 4286 1674 3684 3760 2198 1783 4881 3073 3252 1976 3828 2122 3415 4046 3932 681 4991 3680 1266 555 2980 3971 3995 4346 4879 3877 4276 3682 2441 4124 2409 219 3948 3657 620 4231 3424 2977 3174 2618 4296 1265 489 2858 3868 3373 3598 632 3027 4202 4059 3446 2594 4495 2953 3077 4064 4134 1596 3584 2262 111 1782 2961 3347 3412 345
2893 6491 3336 6733 2894 547 2515 2212 1765 3100 1132 2131 3829 3589 3271 1482 1073 2924 0 2687 2997 6320 2517 919 1092 1724 1826 2850 6495 609 2937 1685 3092 5822 3210 406 2837 673 2908 6700 3621 6980 2297 7018 2543 2991 639 2445 2526 1168 1282 2176 6684 1830 1018 1134 980 2554 2681 789 504 2819 1835 763 404 6684 3893 2422 1869 2416 2914 933 5814 2777 3124 3148 1003 6881 3753 1110 3402 2907 3142 1013 1277 2743 6511 2287 1375 2232 5900 5909 3047 6692 438 6321 3258 1913 1266 929 1203 293 2153 3411 3011 2947 2297 1072 2589 597 1123 548 892 3125 888 121 2110 3240 2180 1511 6215 1683 3063 6672 4090 2939 3246 2537 935 4021 2436 2898 3008 2937 6417 2687 657 3082 2441 1869 2633 2852 3291 3213 2762 2441 3059 2519 2254 2764 1311 291 3013 2067 2550 3004 460 3000 1061 1526 558 3385 2722 5783 1387 684 1139 2702 6158 3690 3295 989 581 2214 6391 1409 6017 3933 2384 1300 2234 1988 2454 1147 3463 1204 2844 6580 3377 2249 2106 5766 3938 3479 849 2765 6117 6539 2243 967 1505 1350 2533 3543 1794 2936 2967 6142 2341 1359 3160 2698 2724 431 6800 1818 3222 1942 1208 2040 6122 2594 3254 6435 3040 5956 731 6833 3056 2499 6405 6770 1549 957 674 2853 1433 2411 2970 2947 2782
4627 3942 1447 4177 1379 2915 4213 4048 4443 4950 3817 605 1977 2092 4741 3003 3747 2108 2687 0 1270 3707 4276 3503 3504 4376 4489 939 4028 3250 1281 3750 954 3284 1493 3093 2813 3351 368 4228 1383 4551 1497 4525 4445 1321 2904 1442 3588 3534 3963 4538 4226 4506 1944 3677 2705 845 3889 3476 2468 4126 4493 3203 3057 4171 2542 515 1920 891 1501 2257 3433 4307 2219 1384 1715 4571 2834 3796 2169 1962 1454 3652 3957 1611 3959 1715 4049 1438 3508 3368 2327 4150 3033 3956 1631 3653 3765 1989 3827 2965 3750 1952 4510 594 4926 3445 1098 3196 3711 3233 3578 2307 3416 2806 606 2572 3490 4197 3829 1671 864 4228 2669 2539 1120 4172 3604 2948 1661 4841 1628 4174 3963 2209 3245 481 4212 4531 246 2071 4958 2341 4349 4672 2078 2325 1353 2620 3849 2476 1126 693 4220 2692 2625 4562 3660 4183 3121 1636 2568 3281 2867 3370 2165 1284 3917 1485 1679 2893 3244 4894 3773 2427 3518 5419 3638 2454 4915 1415 4402 2558 1724 2798 4703 4185 1844 1964 4639 3166 2144 2389 3292 2071 3515 3947 4926 3542 4171 3969 3894 2031 3462 1919 1964 3737 2088 3964 4861 931 1144 2688 4370 2350 1926 1228 3895 1716 3749 2443 937 3864 2073 3586 1981 4296 4501 1126 3889 4457 2492 3635 2348 2150 1373 4192 1270 4752 1762
5481 4582 339 4796 196 3403 5062 4841 4711 5773 4079 1215 3197 3355 5684 3813 4046 3352 2997 1270 0 4245 5107 3911 3463 4705 4795 332 4772 3606 72 4439 426 3984 252 3368 3988 3566 979 4955 719 5310 807 5214 5231 61 3433 647 4587 4076 4235 5116 4969 4779 2642 3700 3395 550 4868 3715 2990 5090 4579 3240 3401 4852 3805 914 1409 644 305 2954 4295 5215 3476 157 2037 5434 4103 4048 3439 3211 2721 3774 4233 2860 4593 2878 4199 2599 4357 4056 3571 4792 3202 4802 372 4455 4240 2646 4200 3212 4606 3220 5436 734 4939 3392 412 3587 3770 3517 3809 3560 3468 3116 1557 3821 4413 4438 4664 2651 505 4987 3924 3755 416 5040 3777 4218 2859 5625 395 5159 4725 3414 3369 1037 5036 4624 1036 3308 5846 3599 5241 5323 3336 3491 779 3802 3847 2893 170 1202 5079 3905 3128 5470 4058 4506 3251 2892 1580 4029 3670 3646 2944 321 4858 751 2945 3555 3442 5144 4296 3291 4254 6378 4588 3280 5047 1040 5169 3323 521 3551 5515 4995 581 3103 4556 3770 3366 3658 3781 1005 4089 4516 5064 3610 4296 4346 4831 774 4273 3173 790 4560 3238 4014 5735 393 275 3174 5137 3346 3195 1055 4134 1145 4601 3612 629 4474 884 4449 2289 4937 5442 498 4580 5323 3395 3925 2937 3383 2143 5011 31 5586 3008
7464 472 4076 596 4441 6429 7113 7075 8017 7816 7418 4311 2967 3427 7353 6154 7332 4207 6320 3707 4245 0 7203 7031 7205 7914 8037 4088 893 6827 4310 6974 3852 651 4266 6720 5036 6992 3622 961 3615 1313 4936 1081 7437 4300 6388 4809 6241 6948 7554 7833 1016 8075 5413 7367 6060 4256 6538 7102 6001 6772 8153 6898 6651 763 3544 4132 5493 4380 4543 5673 1208 7067 4110 4213 5399 1716 4116 7404 3744 4092 3447 7318 7545 3980 465 4460 7694 4333 1157 582 4302 632 6701 1276 4370 6716 7222 5484 7360 6609 6701 3517 7198 3727 8603 7149 4424 6754 7393 6849 7205 4200 7105 6432 4226 4371 6344 7796 1176 4869 3805 1074 3435 4634 3830 7038 7254 3931 4298 7796 4596 6754 928 4527 6920 3456 7162 8188 3846 4244 7679 4143 7140 7859 4041 4782 4832 4881 7542 6072 4094 4397 7099 4745 6154 7285 7186 7733 6798 3276 5821 796 6051 6983 5511 4502 1692 3646 3423 6251 6895 8465 79 5603 712 7902 6403 5681 8549 4997 7433 5848 4262 6061 7618 1241 4501 4677 8338 556 2984 3893 6773 5242 213 280 8556 7225 7824 7492 6649 4564 6537 4026 4991 1093 4708 7644 7629 4212 4364 6224 1201 5304 3719 4857 7506 5245 1219 4838 3631 324 5060 1227 5654 755 7149 4507 621 1650 5591 7230 5845 4317 4897 7152 4270 7618 4052
383 7212 5424 7445 5065 1971 101 307 2296 674 2276 3949 4251 3815 800 1296 2166 3005 2517 4276 5107 7203 0 1881 3185 2070 2172 4859 7060 2129 5064 858 5040 6587 5352 2409 2251 2492 4617 7254 5566 7435 4582 7581 264 5121 1884 4701 1027 1453 2239 1153 7215 2292 2466 3006 1737 4573 810 2395 2236 691 2928 2999 2244 7314 3844 4286 4293 4464 5124 2158 6326 393 3127 5264 3162 7161 3380 2311 3506 3112 3776 2718 2224 3241 7236 2800 2637 3000 6415 6671 2944 7378 2700 6745 5439 655 1582 2467 1912 2532 529 3700 570 4768 3321 3219 4706 2055 2903 2333 2402 3051 2936 2453 3704 2948 859 2354 6682 2609 4979 7180 4018 2630 5218 199 2571 3660 2947 595 5243 813 6968 2680 2763 4756 76 2916 4359 2963 776 3123 322 898 3176 2422 4494 2366 3091 2429 5062 3934 141 2556 2147 517 1867 2069 2775 3928 5206 6488 1439 2312 2167 4873 6431 5657 3780 1611 2563 2494 7281 1852 6688 1420 818 1840 2913 4254 322 1784 5622 1559 431 7018 5603 2556 3525 6666 4265 3412 1736 5158 6990 7349 2895 2879 2735 1883 616 5791 834 3178 5307 6647 2505 2945 648 4734 4840 2134 7272 1978 3491 4127 2347 4405 6580 2374 5129 7206 5397 6433 2980 7497 647 4637 7067 7064 1785 2211 2224 2894 2984 106 5086 480 3155
2223 7163 4250 7405 3811 602 1910 1584 997 2361 516 2985 4353 4038 2679 1317 390 3279 919 3503 3911 7031 1881 0 1304 884 1006 3752 7124 322 3852 1031 3988 6496 4127 613 2940 616 3758 7329 4521 7585 3215 7653 1830 3906 649 3364 2239 438 588 1285 7307 1050 1619 1136 1062 3455 2291 515 1042 2359 1350 1139 518 7334 4267 3294 2769 3319 3833 1367 6418 2217 3468 4063 1892 7435 4009 532 3800 3303 3699 854 575 3228 7184 2730 915 2762 6506 6584 3347 7356 889 6908 4177 1414 369 1552 329 771 1675 3871 2435 3820 1832 1339 3502 324 1042 492 535 3442 1056 805 2904 3490 1855 823 6813 2197 3955 7288 4466 3155 4147 1961 704 4296 2896 2134 3927 2491 7041 2985 898 3928 1809 1364 3480 3210 2614 3531 2177 1587 3437 2763 3173 2928 1244 1042 3922 2930 1955 3177 885 2396 157 703 934 3927 3575 6441 1309 436 1550 3619 6698 4593 3813 907 703 1438 7105 1606 6669 3283 2036 1496 1603 2906 1729 1303 4381 1180 2121 7175 4295 2608 1844 6475 4436 3824 302 3666 6824 7234 1602 1001 1049 467 2097 4461 1382 3347 3878 6750 2659 1139 2479 3603 3637 818 7408 2027 3664 2856 615 2953 6716 2802 4141 7119 3947 6553 1627 7493 2499 3413 7060 7326 1697 369 1187 3186 2159 1780 3884 2239 3227
3524 7416 3789 7655 3312 1441 3213 2887 1476 3643 1006 2904 4870 4658 3983 2435 1076 4013 1092 3504 3463 7205 3185 1304 0 1582 1611 3411 7454 1090 3393 2333 3672 6749 3625 876 3910 701 3647 7658 4160 7955 2666 7970 3127 3438 1552 2828 3452 1736 1124 2455 7647 1542 2094 277 1993 3143 3548 791 1590 3639 1138 336 1057 7626 4976 3131 2090 3001 3291 2023 6796 3517 4213 3592 1814 7888 4844 964 4483 3990 4177 518 1132 3811 7434 3368 866 3293 6879 6835 4138 7621 662 7311 3632 2692 1628 2004 1342 847 2952 4478 3737 3622 1478 74 3093 1186 386 889 798 4216 255 1039 2989 4332 3078 1208 7198 2760 3669 7640 5172 4028 3795 3262 640 5112 3513 3408 3350 3769 7380 3778 476 3823 3114 1186 3392 3940 3913 4303 3479 2803 4144 3608 2685 3847 387 1381 3528 2822 3257 4089 1512 3700 1333 1421 541 4425 2647 6725 2372 879 2230 3143 7175 4208 4345 1936 660 1826 7273 2479 6962 4584 3272 2366 1619 2433 3024 2196 3840 2197 3412 7563 3694 3339 1136 6659 4989 4566 1490 2911 7010 7439 1639 318 911 1436 3368 3822 2628 4017 3178 7120 3432 578 3777 3257 3214 1460 7774 2899 4296 2483 987 2339 7108 3681 3869 7347 3217 6942 1577 7764 3799 2997 7344 7775 2613 997 1764 3943 2425 3084 3432 3533 3859
2314 8041 5043 8283 4588 1486 2137 1839 226 2320 640 3843 5207 4874 2835 2025 659 4092 1724 4376 4705 7914 2070 884 1582 0 133 4571 7996 1129 4642 1409 4815 7375 4907 1337 3656 1154 4619 8200 5342 8451 3967 8525 1910 4694 1527 4124 2750 1050 488 1023 8176 231 2503 1315 1900 4277 2708 1000 1924 2699 877 1605 1329 8209 5075 4143 3466 4138 4597 2245 7285 2459 4275 4851 2726 8287 4771 677 4621 4130 4565 1077 486 4080 8063 3579 747 3630 7374 7463 4140 8234 1521 7771 4944 1858 751 2435 555 1493 2089 4711 2633 4668 1252 1647 4301 1180 1199 1188 916 4239 1414 1603 3780 4259 2379 387 7678 3068 4787 8156 5272 3917 4967 2218 1001 5062 3747 2072 4681 2833 7912 3785 1402 4791 2017 858 4342 4026 2653 4328 2392 1393 4256 3548 3944 3674 1302 1902 4730 3783 2187 3919 1767 2563 728 199 1500 4788 4170 7318 2061 1058 2420 4401 7549 5409 4669 1723 1279 571 7988 2426 7544 3314 2517 2324 871 3676 1805 2135 5151 1971 2138 8038 5045 3437 1488 7357 5283 4626 1147 4348 7706 8115 859 1285 780 423 2491 5198 1913 4179 4586 7617 3473 1097 2524 4419 4434 1700 8274 2827 4501 3653 615 3678 7580 3571 4978 7999 4644 7418 2455 8370 2715 4208 7936 8179 2496 779 2071 3994 3041 1992 4676 2268 4069
2404 8167 5133 8409 4675 1608 2242 1949 155 2394 717 3950 5338 5006 2928 2158 753 4225 1826 4489 4795 8037 2172 1006 1611 133 0 4667 8124 1239 4731 1533 4913 7501 4994 1432 3788 1233 4727 8328 5438 8580 4050 8653 2003 4783 1652 4207 2873 1183 561 1096 8305 123 2625 1338 2031 4374 2825 1081 2043 2810 810 1660 1436 8336 5207 4247 3539 4234 4681 2371 7414 2563 4408 4940 2829 8418 4904 750 4753 4262 4694 1119 562 4211 8189 3710 754 3758 7503 7589 4273 8360 1600 7900 5028 1982 884 2556 677 1585 2209 4843 2732 4772 1151 1678 4392 1295 1225 1284 991 4372 1460 1704 3895 4392 2504 403 7807 3196 4887 8285 5405 4050 5063 2325 1059 5195 3877 2146 4762 2944 8040 3918 1467 4900 2121 785 4451 4159 2734 4460 2494 1462 4389 3681 4031 3806 1307 2013 4823 3889 2292 4051 1887 2658 852 306 1571 4918 4223 7444 2193 1151 2548 4488 7680 5504 4800 1854 1358 439 8111 2559 7672 3390 2639 2456 751 3763 1899 2266 5236 2103 2222 8168 5125 3569 1420 7481 5415 4758 1276 4416 7830 8240 737 1325 763 551 2608 5276 2040 4311 4658 7746 3606 1097 2607 4514 4525 1819 8403 2960 4633 3746 675 3756 7710 3704 5079 8124 4714 7547 2556 8497 2815 4300 8063 8310 2629 872 2193 4127 3160 2097 4766 2351 4201
5229 4403 575 4623 456 3220 4811 4600 4592 5529 3957 925 2878 3026 5414 3563 3914 3022 2850 939 332 4088 4859 3752 3411 4571 4667 0 4569 3456 345 4219 263 3787 568 3235 3669 3450 663 4757 771 5105 853 5027 4994 383 3241 721 4302 3887 4112 4925 4767 4660 2402 3634 3167 298 4588 3594 2793 4814 4505 3165 3252 4664 3476 604 1438 433 582 2719 4062 4951 3145 460 1861 5205 3771 3928 3107 2881 2391 3684 4108 2529 4416 2558 4106 2279 4127 3862 3242 4614 3092 4575 700 4211 4067 2415 4052 3083 4351 2890 5169 432 4887 3343 342 3429 3696 3384 3691 3229 3392 2970 1247 3490 4144 4324 4439 2359 285 4782 3598 3430 396 4784 3674 3887 2535 5390 700 4879 4518 3089 3273 746 4790 4549 705 2979 5588 3268 4980 5117 3004 3172 767 3482 3790 2718 211 927 4825 3580 2937 5207 3902 4372 3152 2565 1793 3821 3420 3516 2692 429 4608 841 2615 3335 3329 5032 4144 3026 4050 6106 4313 3023 4965 988 4935 3079 822 3311 5273 4777 911 2788 4526 3593 3047 3326 3601 1236 3922 4354 4980 3532 4210 4198 4559 1103 4026 2842 1068 4337 2922 3945 5480 155 281 2988 4930 3057 2864 934 4018 1178 4371 3294 476 4302 1171 4216 2125 4760 5172 434 4388 5093 3123 3795 2724 3055 1878 4766 332 5339 2678
7285 442 4652 525 4964 6531 6965 6968 8121 7635 7550 4625 2833 3248 7113 6123 7453 4065 6495 4028 4772 893 7060 7124 7454 7996 8124 4569 0 6953 4832 6937 4357 791 4832 6883 4827 7162 4022 205 4208 538 5391 530 7307 4831 6475 5280 6059 6987 7676 7800 199 8175 5530 7589 6104 4692 6341 7258 6124 6564 8325 7133 6793 291 3251 4503 5910 4801 5076 5757 734 6880 3933 4765 5642 829 3791 7541 3554 3976 3434 7507 7666 3940 459 4440 7858 4366 645 726 4116 431 6901 454 4950 6633 7274 5609 7449 6788 6584 3375 6985 4171 8792 7404 4890 6871 7602 7001 7359 4009 7327 6600 4473 4134 6214 7920 426 4928 4297 219 3104 4435 4367 6882 7427 3562 4273 7643 5146 6528 95 4394 7125 3872 7027 8357 4207 4115 7460 3939 6958 7784 3892 4655 5272 4696 7767 6228 4611 4716 6945 4524 6271 7079 7275 7825 7007 3221 6350 751 6035 7131 5576 4996 912 4256 3352 6289 7076 8560 921 5607 519 7611 6245 5697 8691 5403 7316 5877 4868 6073 7459 349 5103 4625 8570 1069 2799 3658 6848 5777 880 715 8695 7436 7992 7573 6476 5190 6465 3914 5548 422 4629 7847 7424 4675 4850 6342 370 5261 3589 5238 7643 5677 518 4690 4144 580 5628 637 5879 486 6927 4963 274 758 5571 7360 5957 4176 5063 7021 4795 7444 3980
2485 6975 3945 7217 3502 453 2147 1825 1197 2645 597 2714 4216 3927 2918 1376 505 3196 609 3250 3606 6827 2129 322 1090 1129 1239 3456 6953 0 3546 1270 3696 6306 3818 298 2943 394 3490 7158 4227 7424 2900 7480 2103 3600 545 3050 2369 681 727 1606 7139 1258 1424 978 1008 3160 2458 374 830 2551 1408 871 205 7155 4185 3015 2448 3023 3521 1215 6256 2442 3391 3756 1602 7294 3967 589 3706 3206 3547 729 718 3099 6996 2611 939 2613 6343 6394 3285 7172 584 6754 3865 1604 687 1348 595 450 1864 3755 2667 3541 1892 1112 3198 106 906 206 451 3375 836 491 2658 3447 1992 970 6654 2046 3666 7122 4384 3120 3852 2189 589 4249 2773 2424 3613 2680 6872 2920 639 3663 2055 1431 3213 3126 2880 3464 2410 1901 3348 2714 2861 2909 1119 774 3622 2654 2189 3158 682 2637 454 934 648 3782 3255 6258 1335 238 1415 3310 6561 4297 3676 899 439 1648 6900 1546 6488 3544 2184 1432 1738 2594 2005 1241 4070 1176 2399 7017 3981 2517 1818 6271 4309 3749 401 3345 6621 7037 1742 819 1080 742 2278 4144 1538 3245 3558 6587 2583 1068 2745 3306 3333 612 7246 1977 3554 2551 691 2634 6558 2766 3855 6926 3627 6394 1332 7310 2725 3108 6878 7184 1658 406 997 3111 1934 2024 3579 2513 3112
5439 4645 402 4859 133 3348 5021 4797 4647 5729 4015 1191 3222 3370 5648 3771 3983 3350 2937 1281 72 4310 5064 3852 3393 4642 4731 345 4832 3546 0 4390 478 4044 287 3306 3975 3502 1005 5015 791 5369 736 5276 5186 57 3379 575 4555 4022 4171 5061 5029 4715 2599 3631 3349 525 4835 3651 2937 5056 4511 3172 3341 4913 3821 900 1337 606 251 2909 4349 5177 3477 210 1982 5489 4110 3984 3448 3211 2734 3708 4169 2860 4656 2865 4133 2587 4412 4117 3570 4855 3137 4857 390 4412 4182 2601 4139 3149 4565 3233 5398 765 4869 3322 360 3529 3702 3455 3745 3560 3400 3056 1540 3820 4377 4373 4720 2624 551 5046 3943 3748 483 4999 3711 4229 2851 5580 357 5127 4784 3405 3302 1073 4993 4556 1043 3305 5806 3601 5202 5272 3338 3477 710 3790 3778 2837 221 1173 5038 3897 3074 5432 3998 4443 3186 2910 1519 4087 3628 3584 2903 250 4908 823 2959 3507 3378 5079 4362 3254 4314 6342 4554 3241 4979 973 5123 3281 558 3507 5471 5052 589 3087 4485 3833 3391 3666 3725 945 4153 4580 4996 3542 4228 4285 4795 786 4231 3174 742 4616 3223 3945 5694 377 225 3120 5196 3317 3204 996 4069 1074 4656 3599 688 4538 840 4503 2232 5000 5406 441 4641 5378 3360 3863 2887 3379 2107 4968 42 5543 3008
1220 7038 4767 7277 4376 1144 880 555 1625 1416 1465 3343 4104 3714 1651 820 1347 2899 1685 3750 4439 6974 858 1031 2333 1409 1533 4219 6937 1270 4390 0 4423 6388 4676 1552 2327 1636 4066 7137 4958 7354 3849 7465 858 4447 1070 3979 1341 597 1455 864 7106 1640 1830 2165 1057 3924 1316 1546 1472 1348 2198 2141 1390 7173 3843 3677 3509 3804 4423 1510 6208 1186 3061 4596 2430 7137 3472 1496 3430 2970 3532 1880 1440 3006 7061 2515 1849 2650 6298 6475 2902 7218 1843 6665 4751 449 771 1807 1112 1678 690 3571 1404 4185 2635 2365 4030 1197 2067 1475 1561 3007 2082 1611 3152 2979 973 1612 6586 2156 4371 7078 4034 2636 4596 930 1731 3764 2679 1222 4535 1482 6848 2573 1906 4219 785 2195 3794 2841 1617 3091 1146 923 3071 2317 3775 2377 2262 1633 4413 3313 924 2611 1358 1369 1037 1349 1917 3724 4398 6308 927 1457 1585 4181 6397 5043 3588 885 1706 1930 7051 1384 6523 2275 1109 1323 2280 3523 771 1194 4944 956 1159 6937 4901 2313 2768 6423 4151 3392 879 4392 6761 7146 2268 2032 1962 1118 1107 5082 526 3028 4562 6538 2309 2133 1484 4084 4166 1333 7184 1677 3356 3419 1547 3644 6485 2313 4537 7015 4646 6329 2218 7346 1467 3953 6911 7033 1383 1377 1503 2792 2392 754 4415 1263 2957
5407 4178 496 4395 610 3446 4988 4788 4841 5712 4205 1091 2808 2994 5572 3745 4160 3061 3092 954 426 3852 5040 3988 3672 4815 4913 263 4357 3696 478 4423 0 3571 579 3480 3751 3700 612 4542 537 4894 1106 4806 5183 487 3463 965 4445 4109 4359 5145 4555 4908 2597 3894 3367 540 4737 3843 3014 4967 4763 3423 3492 4443 3443 755 1697 682 728 2916 3872 5117 3170 477 2096 5011 3773 4177 3101 2915 2372 3940 4356 2565 4190 2644 4361 2364 3934 3645 3281 4388 3345 4380 721 4396 4298 2616 4291 3330 4526 2869 5331 364 5148 3604 601 3665 3954 3629 3941 3260 3650 3213 1372 3525 4304 4574 4242 2500 93 4571 3552 3489 180 4958 3927 3870 2604 5580 819 5026 4309 3156 3528 632 4972 4807 755 3024 5759 3292 5150 5327 3029 3258 1028 3560 4050 2950 258 1111 5000 3642 3161 5373 4139 4616 3407 2526 1992 3612 3603 3762 2876 650 4432 620 2591 3540 3580 5283 3906 3196 3839 6261 4469 3200 5222 1251 5128 3267 778 3502 5458 4575 930 2884 4789 3366 2977 3326 3829 1422 3690 4120 5236 3790 4466 4438 4718 1104 4209 2871 1216 4139 3013 4204 5653 416 516 3214 4721 3197 2863 1193 4267 1436 4178 3378 222 4073 1309 4025 2364 4533 5330 695 4169 4900 3286 4040 2937 3103 2056 4949 444 5520 2716
6839 670 3862 911 4177 5896 6496 6468 7489 7191 6901 3887 2339 2792 6717 5569 6810 3584 5822 3284 3984 651 6587 6496 6749 7375 7501 3787 791 6306 4044 6388 3571 0 4042 6217 4401 6493 3255 971 3418 1328 4615 1246 6825 4043 5849 4501 5614 6390 7033 7250 986 7545 4884 6896 5502 3918 5909 6596 5477 6141 7657 6433 6138 888 2896 3745 5143 4031 4288 5131 651 6441 3479 3976 4935 1542 3466 6890 3109 3475 2856 6829 7023 3384 690 3873 7193 3765 634 88 3670 872 6217 948 4159 6116 6670 4959 6824 6114 6091 2890 6566 3394 8116 6696 4110 6229 6915 6341 6698 3567 6634 5930 3760 3731 5730 7276 810 4313 3512 1008 2784 4000 3577 6419 6757 3280 3709 7178 4357 6119 754 3907 6439 3100 6548 7690 3451 3624 7047 3507 6515 7262 3416 4164 4498 4251 7073 5564 3824 3976 6480 4108 5628 6655 6649 7199 6319 2671 5563 168 5471 6473 4960 4212 1250 3466 2814 5691 6402 7933 729 5028 286 7259 5782 5111 8038 4638 6824 5284 4078 5491 6999 1057 4313 4080 7874 354 2346 3251 6230 4989 458 762 8044 6748 7325 6952 6025 4401 5940 3409 4758 699 4103 7163 6999 3896 4067 5698 1159 4713 3096 4480 6991 4906 800 4216 3356 627 4838 731 5181 1016 6516 4186 606 1446 5008 6712 5316 3695 4390 6538 4007 6995 3447
5727 4622 196 4829 319 3629 5308 5084 4906 6017 4277 1466 3386 3564 5934 4058 4248 3588 3210 1493 252 4266 5352 4127 3625 4907 4994 568 4832 3818 287 4676 579 4042 0 3573 4235 3762 1179 5011 661 5370 960 5260 5474 230 3662 798 4838 4303 4433 5342 5028 4975 2886 3870 3636 801 5119 3912 3221 5341 4751 3416 3614 4897 4014 1162 1545 892 341 3197 4386 5463 3708 109 2264 5517 4327 4245 3659 3446 2936 3957 4431 3094 4632 3124 4382 2845 4444 4111 3808 4830 3396 4885 142 4699 4460 2889 4410 3415 4852 3434 5685 929 5098 3553 647 3803 3944 3722 4005 3794 3643 3327 1806 4056 4663 4631 4746 2903 670 5049 4127 3997 487 5287 3966 4434 3102 5867 339 5410 4790 3657 3555 1211 5281 4796 1267 3546 6093 3831 5488 5556 3568 3738 963 4048 4011 3116 367 1453 5325 4148 3357 5718 4271 4709 3440 3098 1564 4096 3915 3849 3190 508 4962 658 3157 3794 3638 5334 4314 3540 4317 6627 4838 3528 5223 1231 5410 3568 271 3795 5758 5068 354 3352 4702 3810 3555 3881 4005 989 4119 4541 5240 3787 4474 4555 5080 538 4518 3406 725 4639 3486 4184 5981 644 512 3402 5200 3598 3418 1274 4329 1288 4686 3859 736 4508 797 4538 2511 4974 5691 724 4630 5408 3645 4127 3173 3622 2392 5256 269 5830 3244
2770 6886 3707 7128 3255 565 2423 2104 1364 2938 729 2535 4189 3929 3193 1559 680 3231 406 3093 3368 6720 2409 613 876 1337 1432 3235 6883 298 3306 1552 3480 6217 3573 0 3056 282 3312 7088 4006 7364 2642 7407 2393 3359 675 2795 2583 972 881 1898 7071 1431 1371 831 1123 2941 2694 384 794 2802 1442 609 182 7076 4212 2823 2171 2802 3268 1222 6196 2711 3429 3516 1403 7254 4033 706 3726 3227 3508 647 877 3088 6906 2616 976 2585 6283 6304 3337 7086 292 6701 3614 1861 982 1286 845 162 2117 3753 2939 3345 1913 884 2963 355 790 149 487 3422 630 289 2515 3515 2213 1107 6596 2025 3455 7057 4410 3200 3631 2460 546 4309 2771 2720 3356 2928 6804 2973 401 3486 2334 1474 3038 3159 3167 3510 2683 2198 3374 2785 2612 3004 996 655 3393 2470 2463 3250 679 2913 729 1139 374 3749 2962 6176 1495 282 1430 3066 6527 4072 3652 1060 232 1812 6791 1630 6408 3827 2412 1516 1830 2344 2296 1337 3820 1322 2690 6961 3722 2550 1762 6166 4292 3787 673 3065 6517 6937 1839 659 1110 988 2524 3882 1778 3260 3286 6526 2630 1002 3032 3082 3097 617 7184 2058 3558 2316 802 2365 6502 2848 3648 6831 3351 6337 1130 7226 2994 2872 6797 7143 1757 560 974 3152 1827 2304 3340 2803 3116
2458 5004 4229 5232 4032 2506 2153 2204 3845 2808 3454 2798 2070 1609 2317 1638 3330 870 2837 2813 3988 5036 2251 2940 3910 3656 3788 3669 4827 2943 3975 2327 3751 4401 4235 3056 0 3305 3179 5018 4193 5188 3801 5343 2507 4026 2403 3852 1234 2618 3522 3146 4977 3877 1974 3885 1940 3453 1515 3316 2332 1742 4291 3593 2888 5088 1594 3075 3820 3403 4133 1916 4094 2053 928 4129 2708 4911 1152 3466 1293 1016 1755 3666 3507 1289 5029 1111 3848 1390 4182 4484 736 5161 3250 4500 4360 1931 2913 2052 3201 3063 1817 1527 2166 3402 4770 3900 3672 2837 3833 3097 3390 836 3679 2873 2436 698 1440 3742 4441 1481 3666 4939 1768 402 3925 2066 3531 1442 1152 2824 4267 1718 4734 625 3441 3257 2226 4303 2997 859 2646 895 2131 3047 1016 498 3664 196 4044 2564 3878 2837 2128 306 2398 2257 3049 3541 3370 1831 4760 4291 1631 3178 1726 3873 4180 4296 1680 2049 3287 4214 5115 1431 4479 2894 1433 1544 4499 3520 2529 1719 4491 1771 2637 4772 4564 893 4758 4519 2056 1169 2641 4467 4825 5159 4492 3714 3985 3277 1653 4760 1803 1084 4492 4410 755 4010 2602 3598 3777 2450 5028 1021 1340 3318 3555 3793 4339 376 3750 5009 4602 4195 2724 5275 2115 3643 4850 4814 1299 3288 2171 772 2082 2223 3978 2617 1151
2838 7163 3904 7404 3443 799 2517 2191 1145 2975 516 2783 4472 4209 3287 1764 509 3506 673 3351 3566 6992 2492 616 701 1154 1233 3450 7162 394 3502 1636 3700 6493 3762 282 3305 0 3558 7367 4220 7645 2817 7686 2446 3553 904 2974 2763 1040 672 1850 7351 1214 1653 589 1365 3160 2850 155 1075 2938 1164 529 420 7354 4489 3062 2313 3019 3448 1499 6477 2818 3703 3710 1647 7536 4301 483 4003 3504 3790 370 671 3369 7183 2895 702 2867 6563 6581 3608 7363 367 6982 3795 1991 965 1568 738 386 2251 4033 3039 3581 1631 729 3167 495 529 208 243 3694 448 563 2780 3782 2386 874 6877 2307 3679 7338 4687 3462 3845 2563 265 4578 3051 2746 3529 3068 7084 3243 289 3733 2419 1197 3286 3434 3230 3783 2782 2176 3651 3050 2799 3261 740 935 3600 2715 2560 3508 953 3005 676 959 356 4031 3046 6453 1715 180 1706 3258 6809 4282 3934 1278 125 1583 7064 1888 6686 3898 2578 1773 1565 2532 2345 1589 4003 1550 2737 7242 3892 2824 1485 6439 4574 4061 790 3198 6790 7211 1575 426 832 866 2668 4045 1930 3539 3432 6806 2901 725 3094 3296 3298 888 7465 2318 3838 2522 569 2524 6784 3109 3874 7107 3491 6618 1375 7504 3100 3073 7075 7425 2010 393 1254 3426 2103 2389 3537 2855 3396
4973 3896 1108 4125 1120 3182 4558 4383 4673 5292 4040 777 2218 2385 5099 3336 3979 2461 2908 368 979 3622 4617 3758 3647 4619 4727 663 4022 3490 1005 4066 612 3255 1179 3312 3179 3558 0 4216 1015 4553 1383 4501 4780 1036 3180 1292 3950 3819 4190 4836 4221 4738 2243 3839 3013 682 4250 3690 2736 4485 4679 3363 3292 4142 2834 518 1889 780 1245 2561 3471 4660 2564 1072 1911 4616 3161 4017 2489 2313 1760 3840 4185 1964 3911 2083 4247 1806 3542 3335 2680 4106 3224 3991 1321 3988 4037 2280 4076 3175 4094 2258 4865 251 5097 3585 910 3444 3883 3456 3792 2655 3583 3029 917 2921 3843 4419 3859 2023 520 4229 2948 2900 767 4519 3804 3258 2028 5177 1362 4535 3964 2573 3427 177 4553 4719 278 2427 5309 2684 4700 4984 2423 2693 1255 2986 4007 2719 820 843 4565 3054 2891 4915 3914 4424 3304 1919 2413 3271 3198 3592 2485 1066 3994 1117 1980 3197 3445 5122 3684 2765 3505 5779 3994 2786 5115 1384 4734 2880 1390 3119 5043 4206 1533 2333 4782 3099 2387 2714 3563 1878 3441 3875 5127 3714 4364 4221 4249 1712 3798 2267 1729 3761 2456 4136 5210 708 916 2951 4375 2708 2251 1234 4113 1655 3785 2811 570 3806 1834 3626 2184 4253 4858 966 3861 4503 2837 3864 2630 2508 1674 4531 986 5095 2116
7476 489 4829 470 5148 6735 7159 7165 8326 7826 7755 4826 3033 3444 7299 6324 7658 4262 6700 4228 4955 961 7254 7329 7658 8200 8328 4757 205 7158 5015 7137 4542 971 5011 7088 5018 7367 4216 0 4381 370 5582 328 7502 5014 6680 5470 6251 7191 7881 8001 70 8379 5735 7793 6308 4884 6532 7463 6329 6754 8530 7337 6998 218 3438 4700 6105 4995 5259 5962 930 7070 4128 4945 5846 773 3972 7746 3749 4174 3638 7712 7870 4142 497 4643 8063 4570 841 900 4310 383 7106 575 5126 6832 7478 5814 7654 6993 6780 3573 7173 4362 8997 7607 5079 7076 7806 7206 7564 4203 7531 6805 4676 4324 6409 8125 588 5132 4483 140 3287 4627 4548 7076 7632 3739 4475 7837 5327 6716 290 4592 7329 4065 7222 8562 4404 4312 7648 4131 7149 7982 4089 4852 5464 4889 7971 6433 4795 4917 7138 4714 6476 7268 7479 8030 7211 3424 6534 947 6237 7336 5781 5183 1022 4427 3554 6493 7281 8765 973 5809 711 7790 6438 5900 8896 5598 7511 6081 5040 6275 7651 370 5276 4826 8774 1222 2997 3849 7053 5960 990 736 8900 7641 8197 7777 6668 5360 6664 4113 5728 607 4829 8052 7613 4865 5037 6547 240 5463 3787 5435 7848 5870 687 4886 4327 637 5807 823 6083 373 7115 5154 391 728 5773 7565 6162 4373 5268 7216 4978 7635 4181
5930 3981 466 4183 902 3982 5512 5317 5363 6239 4727 1620 3035 3286 6083 4273 4686 3457 3621 1383 719 3615 5566 4521 4160 5342 5438 771 4208 4227 791 4958 537 3418 661 4006 4193 4220 1015 4381 0 4744 1523 4622 5713 759 4000 1364 4946 4646 4883 5682 4402 5431 3131 4390 3902 1067 5241 4365 3551 5474 5265 3924 4022 4261 3725 1284 2125 1205 976 3450 3798 5633 3546 632 2629 4915 4108 4699 3432 3305 2696 4449 4879 2962 3990 3098 4872 2821 3851 3483 3673 4188 3861 4285 756 4924 4833 3151 4822 3854 5049 3181 5844 812 5637 4090 1067 4198 4455 4155 4462 3641 4151 3741 1877 3909 4819 5094 4144 3005 589 4426 3813 3906 375 5479 4442 4175 3041 6110 1000 5529 4170 3584 4038 945 5499 5309 1231 3427 6278 3664 5668 5864 3405 3707 1479 4000 4542 3485 631 1645 5523 4061 3698 5889 4672 5144 3919 2815 2225 3482 4131 4287 3405 1035 4393 103 2901 4076 4098 5802 3661 3718 3697 6769 4978 3726 5728 1727 5659 3798 661 4034 5986 4456 895 3347 5263 3172 3200 3663 4365 1650 3473 3891 5743 4292 4973 4968 5230 994 4737 3256 1383 4036 3471 4702 6174 924 947 3751 4577 3699 3204 1700 4788 1861 4090 3825 449 3864 1447 3947 2895 4330 5841 1163 3997 4808 3803 4566 3474 3510 2584 5476 749 6046 3114
7643 845 5189 762 5502 6996 7338 7358 8582 7991 8021 5145 3256 3644 7444 6546 7921 4463 6980 4551 5310 1313 7435 7585 7955 8451 8580 5105 538 7424 5369 7354 4894 1328 5370 7364 5188 7645 4553 370 4744 0 5925 332 7687 5368 6937 5816 6422 7432 8143 8217 342 8634 6003 8083 6553 5225 6696 7736 6597 6913 8805 7631 7269 550 3597 5030 6440 5333 5614 6220 1168 7235 4318 5303 6146 532 4110 8013 3941 4385 3886 7993 8133 4377 849 4879 8337 4823 1082 1261 4496 695 7392 691 5487 7035 7722 6084 7908 7274 6972 3784 7329 4705 9276 7905 5425 7340 8092 7479 7836 4388 7822 7083 4982 4491 6598 8388 773 5388 4834 324 3434 4805 4904 7253 7909 3862 4711 8012 5684 6869 590 4793 7616 4405 7406 8836 4734 4517 7799 4313 7317 8184 4290 5053 5805 5069 8261 6710 5148 5236 7315 4883 6742 7426 7734 8284 7499 3664 6887 1285 6465 7607 6035 5533 1051 4791 3787 6736 7561 9018 1316 6045 1056 7912 6617 6140 9162 5932 7700 6323 5404 6511 7825 418 5639 5051 9065 1591 3203 4023 7305 6314 1357 1067 9166 7928 8472 8029 6841 5725 6872 4326 6085 838 5045 8336 7770 5210 5386 6812 181 5686 3999 5765 8115 6208 871 5079 4681 991 6165 1033 6378 617 7267 5497 761 540 6002 7831 6427 4573 5552 7401 5332 7803 4406
4963 5241 1125 5464 646 2754 4549 4298 3958 5231 3333 1088 3455 3507 5223 3312 3311 3311 2297 1497 807 4936 4582 3215 2666 3967 4050 853 5391 2900 736 3849 1106 4615 960 2642 3801 2817 1383 5582 1523 5925 0 5859 4677 776 2801 163 4194 3427 3489 4460 5590 4027 2150 2910 2845 702 4451 2969 2377 4657 3791 2457 2697 5497 3948 985 603 612 633 2435 4854 4737 3468 928 1423 5998 4142 3300 3519 3191 2866 3000 3488 2854 5255 2730 3425 2472 4923 4692 3523 5452 2450 5372 980 3928 3560 2131 3485 2482 4108 3348 4967 1221 4140 2594 512 2894 2984 2790 3059 3536 2684 2410 1453 3777 3968 3681 5239 2349 1138 5601 4097 3641 1184 4539 3013 4306 2759 5062 714 4742 5336 3294 2601 1521 4508 3836 1262 3255 5344 3592 4752 4697 3337 3310 150 3631 3052 2239 903 1018 4571 3779 2499 4988 3353 3770 2488 3080 1078 4640 3171 2913 2474 488 5374 1558 3094 2983 2692 4382 4993 2853 4873 5918 4157 2817 4263 328 4604 2819 1188 3029 4970 5584 1081 2911 3751 4434 3619 3715 3119 667 4767 5199 4280 2828 3516 3629 4383 1247 3757 3169 732 5141 3051 3224 5224 724 593 2536 5748 3003 3272 489 3381 339 5167 3431 1326 5143 831 5008 1637 5598 4984 430 5219 5886 2977 3190 2361 3316 1763 4481 776 5053 2988
7801 645 5075 490 5408 7059 7486 7493 8650 8151 8077 5125 3362 3772 7621 6652 7981 4590 7018 4525 5214 1081 7581 7653 7970 8525 8653 5027 530 7480 5276 7465 4806 1246 5260 7407 5343 7686 4501 328 4622 332 5859 0 7829 5272 7004 5743 6576 7518 8203 8329 367 8703 6056 8108 6634 5164 6856 7783 6651 7077 8849 7649 7319 363 3761 4991 6389 5277 5517 6286 1258 7395 4455 5198 6156 862 4291 8067 4076 4503 3964 8029 8193 4470 640 4970 8383 4896 1169 1167 4637 451 7422 870 5372 7160 7804 6135 7979 7311 7107 3902 7497 4638 9315 7918 5353 7399 8122 7527 7884 4530 7846 7123 4985 4648 6736 8448 905 5457 4750 411 3607 4953 4804 7402 7951 4054 4803 8163 5581 7039 618 4920 7645 4346 7549 8881 4696 4640 7970 4458 7474 8310 4417 5180 5744 5215 8286 6753 5056 5216 7464 5039 6799 7592 7804 8354 7527 3751 6795 1246 6565 7656 6106 5450 1292 4662 3882 6820 7599 9089 1069 6137 1009 8107 6765 6227 9218 5884 7839 6407 5278 6603 7977 620 5515 5154 9088 1450 3325 4174 7378 6219 1167 812 9222 7956 8517 8102 6994 5592 6993 4441 5981 934 5157 8368 7937 5138 5306 6869 375 5791 4116 5725 8169 6152 1006 5213 4589 777 6056 1148 6396 331 7438 5429 640 859 6101 7887 6485 4700 5586 7543 5238 7961 4509
409 7454 5553 7688 5181 2001 365 397 2135 559 2181 4093 4493 4061 925 1444 2079 3248 2543 4445 5231 7437 264 1830 3127 1910 2003 4994 7307 2103 5186 858 5183 6825 5474 2393 2507 2446 4780 7502 5713 7687 4677 7829 0 5243 1924 4801 1288 1422 2127 942 7464 2125 2592 2931 1840 4704 1073 2337 2308 942 2781 2966 2238 7560 4099 4430 4359 4591 5235 2278 6574 618 3375 5389 3254 7418 3640 2218 3753 3350 4003 2642 2113 3467 7478 3016 2522 3204 6663 6910 3193 7622 2684 6996 5556 793 1502 2585 1817 2526 738 3942 740 4922 3154 3167 4827 2039 2823 2304 2333 3300 2883 2468 3864 3204 1096 2219 6932 2789 5125 7430 4275 2882 5360 462 2499 3922 3166 397 5350 1057 7215 2920 2726 4923 281 2766 4517 3203 786 3374 533 651 3419 2662 4595 2618 3002 2484 5194 4074 403 2812 2205 658 1795 1930 2750 4161 5255 6729 1584 2267 2308 4987 6686 5802 4015 1694 2528 2299 7516 2019 6931 1458 1074 1994 2731 4349 106 1917 5743 1683 301 7270 5713 2777 3386 6898 4510 3665 1726 5235 7225 7587 2712 2815 2611 1769 879 5899 983 3416 5397 6896 2733 2844 650 4865 4961 2184 7524 2182 3732 4233 2244 4485 6830 2618 5281 7446 5483 6682 3056 7742 827 4754 7311 7320 1965 2137 2316 3137 3129 287 5209 410 3386
5496 4639 352 4852 145 3403 5078 4854 4698 5786 4067 1245 3253 3408 5705 3828 4035 3397 2991 1321 61 4300 5121 3906 3438 4694 4783 383 4831 3600 57 4447 487 4043 230 3359 4026 3553 1036 5014 759 5368 776 5272 5243 0 3435 615 4611 4077 4223 5117 5028 4766 2656 3678 3406 579 4891 3702 2993 5113 4558 3220 3395 4909 3858 951 1375 663 246 2966 4355 5234 3523 157 2038 5494 4153 4036 3489 3257 2773 3756 4221 2906 4650 2916 4182 2638 4417 4114 3616 4849 3188 4862 335 4469 4237 2658 4193 3201 4622 3272 5455 792 4914 3367 417 3583 3749 3508 3796 3606 3447 3109 1592 3866 4434 4424 4724 2679 565 5046 3978 3797 471 5056 3761 4269 2900 5636 334 5183 4784 3455 3352 1096 5050 4603 1085 3353 5863 3646 5259 5328 3383 3528 758 3841 3823 2892 230 1228 5095 3946 3130 5488 4052 4496 3235 2946 1523 4088 3685 3636 2960 297 4918 785 2997 3564 3429 5129 4351 3311 4313 6398 4610 3298 5027 1023 5180 3338 501 3564 5528 5054 539 3140 4527 3827 3422 3708 3780 947 4145 4571 5044 3590 4277 4338 4851 734 4288 3220 729 4620 3275 3992 5751 428 282 3176 5196 3373 3246 1051 4120 1113 4661 3650 689 4531 823 4509 2287 4994 5463 497 4638 5383 3416 3915 2944 3427 2164 5025 51 5600 3054
2263 6515 3768 6757 3354 111 1878 1580 1646 2484 1110 2418 3708 3403 2632 887 998 2659 639 2904 3433 6388 1884 649 1552 1527 1652 3241 6475 545 3379 1070 3463 5849 3662 675 2403 904 3180 6680 4000 6937 2801 7004 1924 3435 0 2937 1922 647 1216 1685 6658 1699 983 1490 464 2942 2056 916 449 2185 1942 1270 496 6685 3649 2740 2440 2814 3392 719 5770 2138 2853 3588 1398 6790 3423 1111 3174 2674 3051 1263 1204 2585 6537 2090 1478 2114 5858 5937 2743 6709 925 6261 3727 1273 861 923 975 732 1515 3234 2372 3263 2427 1557 3021 441 1432 696 996 2834 1305 596 2300 2902 1562 1459 6164 1549 3420 6639 3847 2576 3629 1898 1129 3705 2254 2292 3498 2305 6392 2378 1076 3346 1808 1962 2902 2589 2660 2923 2124 1898 2813 2170 2736 2366 1644 566 3424 2373 1913 2614 305 2361 800 1351 1032 3280 3330 5793 820 777 903 3159 6054 4078 3168 385 900 2086 6462 1002 6020 3296 1764 888 2239 2477 1840 697 3925 649 2225 6527 3866 1982 2362 5832 3795 3210 390 3326 6180 6589 2240 1322 1618 1104 1901 4043 1157 2716 3504 6101 2043 1609 2529 3097 3158 266 6759 1433 3029 2391 1209 2581 6068 2222 3599 6472 3585 5904 1164 6845 2416 2938 6411 6681 1114 925 558 2572 1540 1778 3407 2324 2589
5081 5122 962 5343 484 2894 4666 4420 4116 5354 3490 1094 3415 3488 5331 3424 3466 3330 2445 1442 647 4809 4701 3364 2828 4124 4207 721 5280 3050 575 3979 965 4501 798 2795 3852 2974 1292 5470 1364 5816 163 5743 4801 615 2937 0 4286 3568 3646 4603 5479 4185 2256 3072 2965 614 4549 3126 2509 4759 3953 2619 2847 5381 3933 941 762 552 474 2547 4755 4848 3482 765 1550 5900 4148 3457 3514 3206 2845 3161 3645 2863 5135 2768 3586 2503 4823 4577 3545 5332 2608 5272 821 4046 3706 2241 3637 2636 4221 3333 5075 1112 4303 2757 391 3042 3146 2944 3217 3553 2846 2560 1466 3799 4070 3840 5138 2416 1004 5491 4076 3677 1032 4654 3173 4303 2787 5189 564 4841 5227 3329 2761 1420 4627 3999 1201 3276 5460 3606 4864 4835 3348 3358 208 3678 3215 2379 751 1034 4687 3817 2634 5099 3504 3926 2647 3052 1128 4530 3282 3068 2577 331 5286 1398 3073 3108 2849 4541 4864 2951 4762 6026 4258 2920 4425 460 4731 2931 1029 3144 5093 5480 933 2959 3913 4313 3580 3716 3262 647 4643 5074 4442 2990 3677 3782 4487 1106 3873 3180 645 5038 3099 3387 5341 606 449 2673 5639 3082 3267 579 3539 499 5067 3479 1187 5021 752 4910 1773 5478 5091 326 5104 5788 3071 3345 2485 3341 1841 4601 616 5174 3002
1227 6227 4877 6457 4581 2032 927 1037 2964 1579 2735 3378 3276 2826 1172 1044 2609 2034 2526 3588 4587 6241 1027 2239 3452 2750 2873 4302 6059 2369 4555 1341 4445 5614 4838 2583 1234 2763 3950 6251 4946 6422 4194 6576 1288 4611 1922 4286 0 1824 2754 2038 6210 2980 2060 3344 1556 4037 311 2719 2093 554 3518 3189 2401 6318 2826 3703 4032 3950 4660 1824 5326 827 2137 4740 2848 6140 2353 2759 2512 2156 2860 3077 2739 2336 6252 1956 3134 2198 5414 5698 1948 6387 2846 5734 4943 892 2076 2098 2409 2654 681 2725 972 4134 3968 3465 4212 2269 3262 2565 2763 2053 3199 2509 3073 1931 384 2935 5674 1945 4372 6173 2997 1624 4626 836 2928 2633 2079 1590 4788 586 5966 1721 2982 4067 1011 3519 3715 2001 1452 2121 901 1874 2200 1475 4081 1366 3471 2332 4512 3385 899 1539 2074 1050 2297 2683 2950 2985 4986 5509 1147 2598 1734 4398 5411 5043 2834 1543 2792 3263 6320 1346 5702 1833 240 1398 3621 3875 1323 1456 5107 1330 1403 6006 5128 1696 4065 5714 3276 2402 1984 4826 6029 6375 3609 3187 3257 2440 419 5323 863 2224 4924 5643 1613 3378 1390 4197 4337 2095 6262 1248 2523 3710 2827 4086 5573 1406 4498 6228 5025 5428 2744 6504 940 4158 6077 6044 1217 2608 2000 1925 2456 1013 4570 1385 2230
1805 7052 4412 7293 3993 675 1477 1152 1228 1966 911 3061 4180 3833 2248 980 786 3045 1168 3534 4076 6948 1453 438 1736 1050 1183 3887 6987 681 4022 597 4109 6390 4303 972 2618 1040 3819 7191 4646 7432 3427 7518 1422 4077 647 3568 1824 0 935 1040 7165 1264 1594 1574 889 3589 1860 951 1096 1922 1707 1549 824 7208 4025 3386 3033 3459 4027 1295 6270 1781 3226 4231 2039 7254 3723 936 3575 3087 3554 1291 920 3055 7074 2553 1309 2627 6359 6478 3089 7240 1263 6748 4365 980 300 1545 595 1110 1241 3674 2001 3907 2173 1768 3664 620 1479 884 972 3189 1485 1076 2928 3210 1440 1135 6659 2080 4067 7142 4222 2869 4276 1526 1141 4014 2721 1750 4130 2055 6902 2736 1311 3983 1380 1713 3541 2980 2199 3278 1743 1276 3210 2498 3369 2627 1679 1190 4069 3018 1521 2874 950 1965 473 923 1329 3769 3886 6325 1010 860 1440 3798 6514 4725 3645 699 1112 1620 7023 1389 6548 2864 1613 1292 1881 3108 1324 1110 4565 926 1718 7018 4499 2397 2241 6392 4250 3576 319 3927 6738 7139 1874 1437 1434 659 1663 4673 962 3138 4119 6602 2428 1564 2064 3743 3801 902 7257 1780 3462 3030 1002 3192 6560 2521 4245 7016 4196 6400 1796 7374 2063 3580 6939 7147 1450 796 1189 2946 2163 1350 4050 1832 3035
2535 7701 4573 7943 4115 1149 2288 1967 483 2601 156 3413 4923 4618 3033 1889 223 3864 1282 3963 4235 7554 2239 588 1124 488 561 4112 7676 727 4171 1455 4359 7033 4433 881 3522 672 4190 7881 4883 8143 3489 8203 2127 4223 1216 3646 2754 935 0 1353 7860 549 2149 871 1647 3820 2767 521 1556 2801 774 1119 908 7879 4853 3704 2981 3679 4120 1924 6975 2609 4054 4380 2284 8004 4597 190 4384 3886 4261 608 15 3800 7722 3306 398 3325 7063 7120 3935 7897 1039 7470 4467 1887 685 2074 346 1029 2140 4449 2808 4227 1249 1184 3834 804 755 735 431 4030 936 1162 3376 4078 2371 244 7372 2758 4335 7843 5052 3742 4508 2356 516 4884 3470 2357 4201 2936 7594 3573 914 4364 2175 783 3915 3795 2904 4119 2554 1714 4021 3351 3470 3513 898 1492 4266 3349 2337 3762 1405 2752 474 304 1013 4493 3683 6983 1892 599 2116 3928 7269 4947 4383 1495 797 932 7627 2192 7213 3576 2536 2082 1023 3202 2021 1888 4675 1767 2390 7735 4564 3192 1315 6998 5011 4411 889 3861 7348 7763 1025 815 507 358 2561 4716 1892 3929 4100 7307 3245 721 2770 3959 3966 1335 7965 2615 4244 3188 137 3195 7276 3389 4528 7652 4157 7112 2011 8036 2882 3741 7603 7895 2285 328 1719 3773 2659 2147 4206 2517 3805
1326 7901 5451 8141 5032 1714 1239 1009 1240 1298 1451 4088 4968 4575 1855 1682 1382 3758 2176 4538 5116 7833 1153 1285 2455 1023 1096 4925 7800 1606 5061 864 5145 7250 5342 1898 3146 1850 4836 8001 5682 8217 4460 8329 942 5117 1685 4603 2038 1040 1353 0 7969 1218 2595 2218 1838 4627 1907 1710 2133 1835 1899 2374 1793 8037 4691 4416 4044 4499 5065 2282 7072 1543 3916 5271 3079 7994 4297 1492 4287 3832 4394 1940 1342 3870 7924 3378 1719 3504 7161 7338 3752 8082 2167 7527 5404 1214 919 2556 1121 2056 1362 4433 1681 4935 2236 2508 4704 1586 2103 1771 1671 3858 2238 2071 3934 3816 1724 1378 7448 2995 5101 7941 4880 3476 5313 1333 1817 4588 3542 1051 5166 1962 7712 3430 2138 4996 1119 1878 4560 3701 1640 3941 1464 370 3930 3173 4405 3213 2250 2227 5109 4048 1288 3439 1989 1598 1181 1095 2197 4588 4860 7172 1782 1687 2392 4837 7254 5762 4452 1647 1959 1359 7910 2234 7387 2294 1798 2164 1800 4143 846 2015 5603 1786 1132 7799 5535 3177 2510 7282 5013 4242 1341 4940 7621 8008 1779 2138 1782 1019 1691 5707 1355 3891 5143 7401 3173 2065 1515 4782 4841 1941 8047 2541 4218 4069 1486 4215 7348 3162 5277 7877 5216 7192 2834 8210 1769 4620 7775 7891 2243 1475 2213 3650 3167 1101 5090 1260 3821
7435 544 4848 540 5162 6714 7120 7129 8304 7784 7735 4823 3002 3408 7254 6293 7638 4227 6684 4226 4969 1016 7215 7307 7647 8176 8305 4767 199 7139 5029 7106 4555 986 5028 7071 4977 7351 4221 70 4402 342 5590 367 7464 5028 6658 5479 6210 7165 7860 7969 0 8357 5715 7780 6283 4891 6490 7445 6310 6711 8513 7325 6980 286 3394 4701 6108 5000 5274 5940 898 7029 4090 4962 5836 709 3925 7726 3712 4141 3612 7696 7850 4114 555 4615 8045 4547 808 919 4271 451 7092 515 5145 6797 7453 5795 7631 6978 6743 3539 7130 4369 8981 7597 5088 7056 7792 7189 7546 4164 7519 6788 4668 4282 6372 8104 539 5109 4495 70 3241 4588 4563 7036 7615 3690 4447 7797 5343 6672 267 4556 7316 4071 7184 8544 4405 4278 7604 4092 7108 7947 4054 4817 5470 4850 7959 6416 4808 4914 7099 4673 6456 7225 7457 8007 7198 3397 6547 950 6208 7317 5758 5194 958 4449 3525 6467 7265 8742 1031 5782 717 7742 6399 5874 8876 5601 7474 6055 5062 6248 7612 301 5297 4796 8762 1252 2962 3808 7029 5974 1034 798 8880 7627 8180 7754 6628 5383 6631 4080 5744 569 4797 8037 7570 4873 5048 6527 189 5432 3754 5437 7828 5875 640 4849 4341 692 5824 782 6072 443 7071 5162 427 660 5744 7545 6142 4337 5253 7178 4992 7594 4151
2526 8212 5117 8454 4656 1648 2361 2066 69 2516 703 3960 5397 5072 3049 2243 759 4297 1830 4506 4779 8075 2292 1050 1542 231 123 4660 8175 1258 4715 1640 4908 7545 4975 1431 3877 1214 4738 8379 5431 8634 4027 8703 2125 4766 1699 4185 2980 1264 549 1218 8357 0 2663 1266 2093 4368 2938 1066 2076 2927 691 1613 1449 8384 5282 4252 3506 4228 4659 2418 7468 2682 4481 4923 2833 8479 4987 732 4824 4331 4748 1065 554 4271 8233 3771 677 3812 7556 7633 4349 8406 1578 7956 5006 2089 965 2592 726 1578 2320 4908 2853 4776 1030 1611 4380 1323 1156 1284 971 4448 1405 1709 3916 4473 2609 349 7862 3247 4884 8338 5479 4132 5056 2443 1019 5278 3938 2269 4737 3061 8091 3993 1432 4911 2241 664 4462 4230 2857 4537 2614 1584 4459 3759 4012 3891 1222 2031 4812 3897 2411 4137 1921 2780 900 352 1540 4974 4169 7491 2273 1148 2600 4471 7741 5494 4858 1921 1337 390 8149 2626 7719 3512 2748 2522 640 3745 2021 2331 5214 2176 2344 8223 5098 3636 1299 7519 5477 4834 1331 4377 7869 8281 628 1267 668 615 2721 5246 2142 4378 4623 7799 3677 1009 2729 4507 4511 1852 8457 3033 4699 3734 646 3727 7765 3785 5078 8167 4676 7602 2560 8543 2935 4286 8110 8370 2702 874 2231 4200 3189 2216 4750 2473 4264
2841 5552 2961 5794 2601 1017 2423 2200 2606 3131 2021 1513 2819 2572 3075 1174 1926 1925 1018 1944 2642 5413 2466 1619 2094 2503 2625 2402 5530 1424 2599 1830 2597 4884 2886 1371 1974 1653 2243 5735 3131 6003 2150 6056 2592 2656 983 2256 2060 1594 2149 2595 5715 2663 0 2152 774 2111 2306 1735 595 2508 2806 1758 1266 5731 2882 1848 1977 1999 2664 320 4835 2593 2125 2799 795 5884 2775 2011 2389 1897 2137 2014 2140 1726 5573 1275 2336 1216 4922 4972 2064 5748 1454 5335 2974 1813 1839 90 1948 1303 1971 2393 2820 2355 3282 2065 2241 1345 2138 1479 1834 2135 1904 1103 1339 2275 1818 2393 5233 667 2542 5700 3078 1999 2772 2405 1917 3034 1420 2988 2785 2595 5449 1714 1675 2402 2394 2835 1969 1853 3212 2221 2612 2744 2052 1582 2048 1864 2328 729 2601 1486 2441 2087 744 2845 1775 2320 1572 2378 2934 4834 1031 1604 327 2409 5156 3217 2282 954 1583 3053 5486 715 5064 3770 2009 668 3161 1826 2533 682 3157 910 2874 5598 3141 1264 3120 4856 2924 2476 1373 2770 5206 5618 3166 1984 2473 2083 2233 3331 1632 1923 2882 5165 1372 2367 3097 2272 2374 814 5824 982 2206 1677 2113 2026 5139 1674 2707 5505 2979 4974 754 5887 2835 2173 5454 5773 852 1831 433 1862 572 2370 2620 2944 1767
3333 7564 4030 7804 3555 1383 3040 2714 1201 3434 769 3084 4959 4723 3806 2352 855 4048 1134 3677 3700 7367 3006 1136 277 1315 1338 3634 7589 978 3631 2165 3894 6896 3870 831 3885 589 3839 7793 4390 8083 2910 8108 2931 3678 1490 3072 3344 1574 871 2218 7780 1266 2152 0 1948 3361 3418 628 1607 3494 881 477 998 7768 5023 3326 2344 3218 3539 2041 6919 3351 4247 3833 1968 8000 4860 728 4533 4036 4269 289 881 3877 7583 3419 590 3365 7004 6982 4161 7768 700 7431 3882 2548 1429 2063 1122 854 2809 4545 3565 3827 1259 349 3323 1082 117 796 604 4243 262 1056 3142 4343 2964 936 7321 2817 3887 7771 5220 4029 4023 3095 435 5134 3570 3195 3601 3626 7513 3798 477 4016 2936 928 3578 3976 3716 4332 3308 2573 4187 3614 2922 3835 179 1424 3759 3005 3086 4081 1506 3522 1139 1162 586 4514 2923 6866 2304 745 2249 3382 7280 4441 4427 1866 599 1550 7436 2461 7102 4389 3153 2347 1358 2665 2826 2167 4089 2138 3209 7686 3949 3369 982 6818 5070 4603 1361 3177 7169 7596 1377 172 636 1201 3229 4082 2501 4067 3440 7246 3453 315 3580 3480 3446 1446 7902 2889 4356 2702 735 2587 7230 3678 4086 7500 3482 7064 1715 7910 3632 3227 7487 7887 2587 795 1786 3973 2534 2906 3670 3333 3916
2119 6164 3720 6405 3342 567 1708 1455 2046 2389 1555 2286 3307 2980 2413 521 1437 2217 980 2705 3395 6060 1737 1062 1993 1900 2031 3167 6104 1008 3349 1057 3367 5502 3636 1123 1940 1365 3013 6308 3902 6553 2845 6634 1840 3406 464 2965 1556 889 1647 1838 6283 2093 774 1948 0 2874 1736 1380 542 1900 2392 1694 951 6322 3206 2621 2572 2757 3395 454 5389 1918 2407 3552 1425 6388 2964 1560 2738 2242 2670 1727 1635 2181 6186 1680 1934 1740 5478 5590 2290 6353 1345 5872 3717 1084 1171 753 1369 1153 1281 2815 2152 3129 2877 1992 2989 903 1894 1158 1458 2384 1753 981 2103 2443 1229 1885 5780 1191 3315 6261 3405 2114 3542 1704 1593 3248 1847 2231 3511 2008 6019 1927 1518 3169 1663 2411 2741 2148 2504 2473 1923 1971 2375 1712 2758 1902 2105 777 3363 2257 1732 2150 522 2162 1198 1741 1460 2890 3505 5437 409 1241 558 3147 5649 3988 2770 193 1353 2470 6135 546 5661 3100 1434 435 2665 2517 1774 241 3905 226 2129 6140 3874 1547 2826 5504 3385 2764 765 3425 5849 6250 2664 1779 2073 1481 1613 4060 920 2287 3570 5721 1598 2073 2382 3034 3124 552 6377 974 2607 2394 1655 2672 5682 1760 3480 6128 3660 5521 1255 6487 2182 2915 6052 6279 651 1375 490 2126 1339 1636 3372 2208 2171
4945 4550 851 4776 582 2921 4526 4311 4301 5241 3665 666 2821 2925 5139 3277 3621 2847 2554 845 550 4256 4573 3455 3143 4277 4374 298 4692 3160 525 3924 540 3918 801 2941 3453 3160 682 4884 1067 5225 702 5164 4704 579 2942 614 4037 3589 3820 4627 4891 4368 2111 3361 2874 0 4320 3304 2495 4543 4227 2888 2956 4803 3373 387 1237 143 691 2427 4152 4672 2983 703 1563 5296 3629 3637 2977 2712 2282 3401 3816 2362 4564 2345 3822 2068 4221 3997 3066 4761 2805 4670 914 3922 3769 2122 3756 2791 4067 2777 4891 529 4616 3076 254 3132 3419 3090 3401 3062 3115 2675 1017 3318 3868 4034 4537 2102 526 4901 3507 3234 692 4501 3387 3764 2336 5099 825 4611 4636 2889 2989 820 4503 4270 599 2800 5306 3107 4700 4820 2844 2955 580 3269 3519 2420 490 652 4541 3381 2639 4927 3605 4078 2868 2476 1740 3941 3134 3223 2406 448 4675 1139 2510 3040 3040 4743 4315 2747 4174 5832 4041 2740 4683 751 4644 2790 1070 3021 4984 4883 1113 2564 4266 3746 2988 3188 3303 1227 4083 4516 4698 3253 3928 3902 4285 1310 3739 2679 1126 4439 2700 3669 5196 162 327 2690 5048 2796 2731 660 3728 990 4465 3077 726 4455 1237 4306 1829 4907 4897 288 4524 5184 2848 3501 2428 2872 1598 4478 534 5052 2508
947 6517 5163 6746 4857 2162 709 902 2929 1295 2765 3664 3572 3118 862 1215 2643 2335 2681 3889 4868 6538 810 2291 3548 2708 2825 4588 6341 2458 4835 1316 4737 5909 5119 2694 1515 2850 4250 6532 5241 6696 4451 6856 1073 4891 2056 4549 311 1860 2767 1907 6490 2938 2306 3418 1736 4320 0 2790 2278 243 3514 3304 2513 6603 3099 3991 4264 4229 4932 2050 5609 539 2430 5022 3083 6403 2607 2793 2803 2459 3168 3142 2752 2645 6542 2266 3157 2506 5697 5992 2240 6675 2969 6009 5221 882 2082 2336 2422 2781 627 3022 664 4430 3947 3567 4488 2363 3329 2660 2824 2344 3293 2651 3366 2208 507 2929 5953 2237 4665 6451 3265 1912 4917 611 2992 2881 2390 1332 5059 292 6248 2025 3086 4369 813 3511 4012 2303 1146 2408 622 1698 2498 1782 4343 1658 3534 2510 4798 3667 670 1818 2241 747 2328 2662 3067 3290 5213 5802 1337 2678 1980 4671 5678 5338 3138 1692 2891 3193 6617 1599 5992 1530 303 1638 3576 4130 1127 1670 5389 1512 1141 6281 5403 2006 4082 6014 3567 2684 2061 5075 6327 6669 3562 3269 3274 2435 219 5597 919 2528 5183 5924 1923 3424 1090 4480 4615 2254 6538 1543 2822 3971 2852 4330 5852 1710 4794 6521 5282 5709 2961 6790 630 4432 6365 6308 1480 2655 2203 2226 2730 824 4850 1108 2538
2734 7266 4053 7507 3594 819 2425 2099 998 2859 364 2914 4548 4273 3194 1743 355 3555 789 3476 3715 7102 2395 515 791 1000 1081 3594 7258 374 3651 1546 3843 6596 3912 384 3316 155 3690 7463 4365 7736 2969 7783 2337 3702 916 3126 2719 951 521 1710 7445 1066 1735 628 1380 3304 2790 0 1146 2867 1071 664 472 7453 4541 3197 2467 3163 3600 1557 6568 2731 3751 3859 1779 7619 4335 334 4059 3559 3871 360 519 3438 7286 2957 601 2942 6655 6684 3649 7465 521 7070 3947 1920 842 1653 592 516 2181 4099 2950 3718 1549 829 3314 480 544 257 103 3737 546 673 2898 3815 2338 731 6967 2378 3821 7431 4740 3490 3990 2476 216 4615 3116 2626 3682 2998 7178 3284 431 3865 2324 1100 3417 3484 3123 3826 2692 2043 3703 3082 2949 3281 754 1032 3746 2847 2470 3530 1012 2911 549 805 509 4109 3198 6553 1706 140 1762 3408 6890 4428 4009 1272 280 1440 7174 1915 6786 3793 2525 1800 1447 2682 2235 1611 4154 1549 2624 7332 4045 2874 1447 6547 4646 4109 735 3352 6899 7318 1455 486 738 715 2601 4198 1873 3596 3587 6898 2944 694 2987 3441 3446 944 7557 2346 3901 2668 425 2678 6873 3136 4015 7212 3646 6708 1506 7605 3013 3221 7175 7508 2030 241 1322 3471 2207 2294 3686 2745 3458
2619 6145 3323 6387 2916 447 2216 1941 2017 2866 1426 1971 3402 3134 2942 1063 1333 2442 504 2468 2990 6001 2236 1042 1590 1924 2043 2793 6124 830 2937 1472 3014 5477 3221 794 2332 1075 2736 6329 3551 6597 2377 6651 2308 2993 449 2509 2093 1096 1556 2133 6310 2076 595 1607 542 2495 2278 1146 0 2441 2216 1265 674 6325 3420 2292 2057 2367 2957 435 5429 2445 2641 3146 961 6474 3258 1417 2932 2433 2726 1442 1547 2295 6166 1821 1745 1797 5516 5565 2555 6342 930 5928 3290 1594 1301 518 1370 755 1808 2959 2680 2815 2695 1574 2578 754 1579 890 1244 2637 1374 554 1865 2743 1771 1799 5827 1233 2971 6294 3618 2438 3181 2222 1335 3529 1977 2689 3066 2549 6043 2193 1138 2903 2160 2244 2458 2369 3010 2725 2444 2335 2582 2018 2305 2260 1779 244 2977 1924 2245 2501 157 2683 1199 1737 1051 2964 2977 5428 947 1013 643 2721 5744 3630 2863 626 1018 2466 6074 907 5658 3623 1976 801 2567 2051 2232 662 3486 766 2605 6191 3434 1762 2556 5444 3502 2997 827 2927 5794 6208 2571 1436 1883 1509 2153 3613 1444 2466 3091 5759 1848 1797 2884 2650 2715 224 6418 1314 2764 1954 1518 2176 5732 2091 3150 6097 3176 5567 748 6480 2714 2497 6048 6363 1050 1236 180 2366 1118 2132 2965 2695 2321
745 6746 5389 6974 5075 2288 598 861 2923 1083 2812 3890 3805 3349 619 1383 2693 2572 2819 4126 5090 6772 691 2359 3639 2699 2810 4814 6564 2551 5056 1348 4967 6141 5341 2802 1742 2938 4485 6754 5474 6913 4657 7077 942 5113 2185 4759 554 1922 2801 1835 6711 2927 2508 3494 1900 4543 243 2867 2441 0 3530 3411 2624 6828 3318 4219 4452 4450 5148 2240 5833 344 2662 5246 3276 6612 2814 2843 3033 2698 3409 3213 2786 2888 6771 2509 3196 2748 5921 6224 2472 6902 3083 6227 5442 948 2119 2533 2459 2899 687 3257 425 4663 3948 3663 4707 2461 3401 2756 2893 2575 3385 2781 3598 2430 691 2946 6173 2469 4896 6671 3479 2142 5147 502 3063 3083 2633 1148 5274 135 6471 2264 3187 4606 716 3523 4245 2542 908 2637 434 1588 2734 2023 4552 1892 3601 2666 5023 3891 551 2042 2392 515 2381 2671 3176 3529 5396 6032 1513 2763 2184 4888 5890 5570 3377 1837 2989 3157 6851 1809 6221 1295 503 1840 3559 4334 1013 1856 5611 1682 956 6499 5621 2249 4111 6250 3797 2908 2150 5275 6561 6900 3543 3351 3307 2458 287 5815 1029 2767 5390 6147 2166 3479 860 4704 4835 2399 6756 1777 3058 4180 2895 4526 6072 1949 5027 6751 5487 5931 3142 7016 387 4649 6592 6519 1697 2717 2378 2463 2949 734 5072 906 2779
3187 8326 4910 8568 4435 1859 2988 2678 660 3197 839 3912 5617 5335 3704 2662 961 4601 1835 4493 4579 8153 2928 1350 1138 877 810 4505 8325 1408 4511 2198 4763 7657 4751 1442 4291 1164 4679 8530 5265 8805 3791 8849 2781 4558 1942 3953 3518 1707 774 1899 8513 691 2806 881 2392 4227 3514 1071 2216 3530 0 1341 1542 8518 5590 4171 3224 4084 4420 2620 7638 3311 4794 4713 2779 8690 5354 832 5113 4613 4941 840 789 4504 8346 4018 471 4012 7724 7744 4682 8526 1460 8140 4763 2640 1442 2723 1113 1544 2887 5162 3495 4680 485 1212 4199 1505 810 1327 972 4774 1114 1727 3933 4834 3136 585 8037 3446 4753 8499 5789 4501 4896 3064 900 5639 4179 2949 4482 3665 8246 4318 1251 4855 2870 49 4412 4531 3530 4864 3249 2268 4754 4103 3801 4277 754 2097 4635 3838 3038 4526 2079 3429 1248 860 1375 5179 3766 7617 2660 1203 2822 4261 7960 5318 5078 2252 1257 787 8223 2938 7850 4191 3295 2825 481 3542 2676 2632 4971 2528 3015 8402 4829 3922 611 7599 5714 5152 1650 4049 7951 8373 502 974 333 1080 3303 4960 2658 4653 4316 7967 3984 566 3401 4350 4323 2010 8626 3365 4961 3571 738 3468 7943 4147 4951 8270 4355 7778 2512 8667 3574 4102 8238 8579 3039 1017 2391 4513 3267 2844 4549 3144 4519
3353 7100 3572 7340 3100 1159 3019 2696 1544 3499 975 2608 4536 4321 3790 2157 1007 3679 763 3203 3240 6898 2999 1139 336 1605 1660 3165 7133 871 3172 2141 3423 6433 3416 609 3593 529 3363 7337 3924 7631 2457 7649 2966 3220 1270 2619 3189 1549 1119 2374 7325 1613 1758 477 1694 2888 3304 664 1265 3411 1341 0 790 7308 4640 2850 1908 2745 3089 1696 6470 3312 3879 3375 1499 7559 4513 935 4147 3655 3843 552 1123 3474 7119 3033 973 2957 6554 6519 3806 7305 349 6984 3434 2468 1493 1669 1256 542 2725 4142 3538 3351 1735 310 2858 953 531 666 714 3883 228 722 2675 4002 2821 1265 6872 2424 3414 7317 4836 3701 3555 3060 604 4780 3177 3272 3158 3537 7058 3447 241 3539 2926 1385 3102 3606 3747 3970 3281 2704 3809 3281 2462 3525 646 1049 3294 2529 3060 3766 1197 3508 1204 1422 238 4090 2565 6406 2084 703 1901 2923 6844 3977 4009 1655 437 1942 6966 2162 6642 4412 3020 2051 1807 2201 2866 1887 3642 1905 3258 7237 3511 3006 1441 6350 4653 4232 1270 2767 6701 7129 1824 371 1059 1374 3133 3651 2387 3681 3019 6795 3101 781 3611 3010 2982 1150 7450 2578 3959 2231 990 2142 6782 3356 3613 7034 3068 6615 1254 7448 3595 2761 7026 7446 2299 903 1437 3610 2093 2895 3210 3375 3523
2610 6807 3740 7049 3297 387 2255 1938 1386 2788 767 2515 4076 3802 3023 1378 690 3089 404 3057 3401 6651 2244 518 1057 1329 1436 3252 6793 205 3341 1390 3492 6138 3614 182 2888 420 3292 6998 4022 7269 2697 7319 2238 3395 496 2847 2401 824 908 1793 6980 1449 1266 998 951 2956 2513 472 674 2624 1542 790 0 6991 4074 2814 2253 2818 3317 1086 6100 2539 3286 3552 1398 7148 3881 753 3591 3091 3400 789 901 2966 6827 2486 1071 2470 6187 6225 3189 7005 461 6601 3662 1685 876 1185 800 288 1940 3627 2768 3339 2021 1066 2993 209 947 220 569 3275 809 287 2468 3361 2031 1147 6499 1906 3462 6965 4273 3042 3647 2289 669 4159 2644 2574 3410 2749 6713 2824 583 3465 2169 1570 3015 3018 3007 3364 2513 2076 3236 2629 2658 2841 1157 584 3417 2454 2295 3088 541 2745 657 1132 553 3638 3075 6092 1316 339 1292 3106 6418 4092 3537 879 404 1838 6724 1468 6324 3664 2230 1354 1901 2390 2143 1171 3866 1145 2537 6863 3778 2408 1903 6096 4174 3644 513 3150 6447 6864 1907 828 1209 946 2344 3943 1598 3127 3360 6431 2482 1143 2873 3101 3128 473 7090 1898 3429 2346 854 2434 6404 2689 3652 6755 3430 6240 1128 7144 2821 2903 6713 7037 1591 581 850 3008 1755 2139 3374 2648 2987
7545 298 4713 255 5046 6737 7221 7217 8329 7896 7751 4773 3075 3500 7382 6356 7657 4314 6684 4171 4852 763 7314 7334 7626 8209 8336 4664 291 7155 4913 7173 4443 888 4897 7076 5088 7354 4142 218 4261 550 5497 363 7560 4909 6685 5381 6318 7208 7879 8037 286 8384 5731 7768 6322 4803 6603 7453 6325 6828 8518 7308 6991 0 3520 4633 6030 4917 5155 5966 997 7141 4187 4836 5812 991 4066 7741 3809 4220 3656 7694 7870 4170 300 4668 8052 4583 911 807 4372 165 7085 739 5010 6877 7493 5808 7660 6977 6833 3621 7250 4277 8981 7574 4991 7075 7784 7197 7555 4266 7506 6791 4639 4398 6465 8124 716 5140 4387 355 3377 4694 4441 7139 7618 3841 4501 7900 5218 6795 383 4643 7308 3986 7280 8550 4339 4362 7727 4197 7219 8028 4142 4903 5383 4953 7946 6422 4694 4863 7201 4786 6474 7343 7485 8036 7189 3451 6432 902 6266 7328 5789 5088 1196 4302 3585 6510 7265 8771 767 5833 668 7886 6501 5921 8891 5525 7566 6098 4917 6298 7716 575 5155 4859 8748 1089 3050 3920 7061 5856 820 523 8896 7618 8185 7786 6734 5232 6707 4157 5618 704 4868 8031 7688 4776 4944 6544 453 5496 3834 5368 7843 5791 807 4942 4226 442 5694 916 6054 196 7194 5068 283 946 5802 7561 6160 4425 5252 7273 4875 7704 4216
4046 3459 3934 3679 3921 3732 3746 3785 5239 4394 4757 2864 765 450 3862 3071 4642 990 3893 2542 3805 3544 3844 4267 4976 5075 5207 3476 3251 4185 3821 3843 3443 2896 4014 4212 1594 4489 2834 3438 3725 3597 3948 3761 4099 3858 3649 3933 2826 4025 4853 4691 3394 5282 2882 5023 3206 3373 3099 4541 3420 3318 5590 4640 4074 3520 0 3000 4202 3390 4043 2990 2524 3639 800 3906 3365 3320 576 4760 495 987 1091 4858 4841 1199 3485 1608 5124 1713 2610 2973 943 3603 4331 2910 4155 3485 4325 2972 4567 4169 3397 600 3736 3085 6075 4947 3626 4086 4999 4294 4631 839 4782 3967 2516 896 3020 5091 2856 2217 3350 3354 199 1222 3582 3659 4743 479 1466 4417 4169 3278 3157 1290 4549 2824 3818 5611 2785 1059 4210 753 3720 4622 838 1533 3799 1487 5197 3602 3652 2942 3722 1288 3536 3832 4400 4932 4451 917 5020 2768 3018 4403 2783 3819 2587 3825 863 3365 4437 5645 3623 2662 2937 4373 3026 2772 5870 3762 4118 2965 4218 3106 4229 3182 4367 1668 5974 3066 645 452 3968 4578 3340 3637 5868 4853 5264 4667 3245 4546 3336 959 4499 2832 1609 5214 4176 3472 3684 3602 3439 2248 712 3546 4857 4075 2755 1531 3347 3480 4610 2616 3504 3711 3677 3639 3295 3222 2580 4574 3240 1082 2652 3814 3807 4206 1124
4652 4394 1178 4625 968 2732 4233 4034 4187 4958 3552 337 2475 2553 4822 2991 3496 2460 2422 515 914 4132 4286 3294 3131 4143 4247 604 4503 3015 900 3677 755 3745 1162 2823 3075 3062 518 4700 1284 5030 985 4991 4430 951 2740 941 3703 3386 3704 4416 4701 4252 1848 3326 2621 387 3991 3197 2292 4219 4171 2850 2814 4633 3000 0 1416 390 1079 2168 3927 4364 2595 1058 1420 5068 3244 3527 2596 2325 1910 3334 3699 1975 4409 1965 3745 1687 4000 3827 2679 4604 2721 4449 1285 3642 3588 1871 3606 2681 3771 2402 4579 526 4585 3068 633 2975 3372 2969 3298 2675 3071 2544 645 2931 3553 3928 4320 1758 695 4707 3139 2849 934 4203 3303 3383 1951 4827 1212 4281 4441 2505 2921 693 4217 4212 297 2413 5005 2720 4396 4586 2457 2577 840 2890 3493 2251 815 368 4246 2997 2443 4620 3448 3946 2798 2112 2060 3753 2849 3104 2122 833 4423 1373 2138 2796 2947 4635 4195 2442 3989 5512 3719 2446 4613 909 4376 2514 1423 2750 4704 4673 1490 2190 4266 3603 2640 2805 3116 1581 3948 4382 4626 3204 3860 3752 3967 1685 3455 2292 1506 4226 2324 3626 4899 524 714 2500 4851 2456 2349 735 3622 1204 4243 2699 861 4308 1617 4080 1693 4750 4579 639 4352 4955 2533 3379 2203 2485 1302 4194 903 4766 2120
4676 5782 1719 6009 1240 2376 4272 3997 3437 4918 2826 1388 3793 3778 4985 3074 2818 3456 1869 1920 1409 5493 4293 2769 2090 3466 3539 1438 5910 2448 1337 3509 1697 5143 1545 2171 3820 2313 1889 6105 2125 6440 603 6389 4359 1375 2440 762 4032 3033 2981 4044 6108 3506 1977 2344 2572 1237 4264 2467 2057 4452 3224 1908 2253 6030 4202 1416 0 1115 1207 2214 5342 4491 3632 1523 1185 6484 4320 2790 3741 3356 3154 2458 2981 3042 5796 2822 2881 2594 5416 5223 3656 5992 1947 5864 1544 3648 3128 1935 3014 2009 3853 3607 4724 1766 3557 2018 1097 2459 2425 2314 2550 3686 2131 1972 1696 3906 3764 3158 5735 2340 1721 6116 4366 3722 1785 4274 2487 4515 2885 4732 1259 4549 5850 3382 2074 2045 4217 3271 1713 3393 5067 3753 4494 4309 3511 3351 672 3669 2478 1876 1504 1298 4300 3847 2154 4733 2897 3272 1968 3386 957 5158 2940 2428 2302 1091 5837 2159 3375 2682 2187 3848 5552 2692 5393 5673 3963 2634 3701 508 4278 2596 1750 2778 4658 6086 1606 2960 3157 4980 3950 3916 2716 897 5318 5752 3720 2275 2963 3155 4169 1743 3492 3345 1120 5640 3097 2659 4941 1298 1192 2177 6261 2921 3500 696 2865 264 5658 3467 1915 5689 1181 5496 1318 6139 4752 1005 5750 6371 2829 2698 2083 3442 1739 4189 1378 4750 3161
4838 4667 963 4894 636 2790 4419 4199 4160 5131 3525 605 2862 2943 5042 3169 3481 2826 2416 891 644 4380 4464 3319 3001 4138 4234 433 4801 3023 606 3804 682 4031 892 2802 3403 3019 780 4995 1205 5333 612 5277 4591 663 2814 552 3950 3459 3679 4499 5000 4228 1999 3218 2757 143 4229 3163 2367 4450 4084 2745 2818 4917 3390 390 1115 0 731 2313 4250 4572 2968 801 1429 5395 3624 3496 2981 2695 2300 3259 3676 2347 4682 2300 3679 2026 4321 4110 3043 4878 2663 4770 993 3812 3636 2006 3618 2651 3962 2791 4793 655 4473 2934 270 2996 3276 2951 3260 3044 2972 2537 972 3296 3771 3893 4638 2024 669 5009 3529 3198 829 4396 3245 3769 2301 4985 865 4521 4744 2852 2846 931 4393 4127 652 2776 5203 3093 4597 4696 2832 2905 476 3222 3376 2287 610 574 4435 3343 2510 4827 3469 3939 2725 2502 1677 4050 3026 3083 2300 470 4765 1274 2528 2920 2898 4601 4439 2648 4284 5736 3948 2637 4541 619 4529 2680 1163 2909 4873 4986 1181 2511 4124 3866 3028 3187 3172 1190 4204 4638 4555 3110 3785 3765 4189 1377 3630 2665 1124 4541 2648 3526 5091 284 386 2560 5155 2715 2734 517 3587 875 4565 3027 869 4574 1236 4404 1692 5024 4800 252 4637 5282 2753 3362 2305 2845 1501 4369 623 4943 2490
5502 4884 527 5097 125 3352 5085 4849 4590 5783 3964 1336 3458 3593 5732 3838 3940 3539 2914 1501 305 4543 5124 3833 3291 4597 4681 582 5076 3521 251 4423 728 4288 341 3268 4133 3448 1245 5259 976 5614 633 5517 5235 246 3392 474 4660 4027 4120 5065 5274 4659 2664 3539 3395 691 4932 3600 2957 5148 4420 3089 3317 5155 4043 1079 1207 731 0 2966 4599 5254 3673 345 1997 5738 4316 3932 3659 3404 2954 3633 4119 3053 4895 3029 4058 2754 4661 4360 3758 5094 3082 5106 347 4470 4172 2658 4109 3109 4635 3451 5479 1010 4762 3219 461 3510 3615 3417 3691 3753 3316 3030 1700 4009 4464 4314 4969 2747 802 5292 4169 3923 714 5068 3646 4444 3025 5625 134 5224 5030 3577 3234 1321 5052 4466 1258 3491 5875 3797 5275 5289 3535 3635 660 3952 3678 2838 471 1303 5104 4069 3087 5508 3974 4400 3121 3136 1279 4334 3695 3542 2977 264 5160 987 3180 3546 3324 5015 4594 3340 4559 6427 4646 3319 4894 927 5167 3344 555 3565 5524 5299 479 3242 4363 4072 3626 3874 3724 701 4389 4815 4911 3460 4148 4254 4882 668 4293 3369 491 4865 3379 3854 5760 572 365 3129 5441 3433 3414 1004 4013 953 4905 3758 934 4775 591 4753 2231 5239 5490 502 4883 5628 3453 3819 2923 3563 2204 5026 284 5600 3199
2537 5797 3276 6039 2907 776 2120 1887 2364 2820 1807 1833 3001 2716 2791 877 1703 2009 933 2257 2954 5673 2158 1367 2023 2245 2371 2719 5757 1215 2909 1510 2916 5131 3197 1222 1916 1499 2561 5962 3450 6220 2435 6286 2278 2966 719 2547 1824 1295 1924 2282 5940 2418 320 2041 454 2427 2050 1557 435 2240 2620 1696 1086 5966 2990 2168 2214 2313 2966 0 5053 2303 2208 3111 1036 6081 2823 1803 2505 2005 2337 1868 1914 1884 5818 1400 2150 1400 5141 5219 2121 5990 1364 5546 3281 1504 1554 308 1694 1189 1674 2542 2533 2675 3103 2006 2550 1124 2010 1306 1651 2203 1809 989 1653 2309 1551 2169 5448 833 2862 5922 3189 2005 3091 2106 1755 3094 1559 2672 3085 2335 5674 1758 1572 2718 2086 2646 2288 1937 2912 2291 2317 2424 2152 1585 2340 1834 2212 651 2917 1805 2140 2072 546 2553 1519 2069 1485 2569 3164 5074 737 1420 209 2714 5347 3537 2461 636 1449 2805 5747 522 5301 3485 1749 436 2946 2108 2217 386 3467 599 2562 5811 3444 1329 2983 5117 3094 2565 1100 3037 5464 5871 2948 1870 2290 1822 1959 3633 1327 2041 3165 5384 1413 2223 2795 2588 2684 613 6043 895 2343 1971 1904 2287 5352 1661 3027 5754 3259 5189 921 6126 2554 2479 5692 5971 669 1618 259 1932 887 2061 2931 2635 1901
6552 967 4217 1168 4481 5828 6231 6235 7415 6902 6853 4017 2104 2514 6385 5396 6753 3332 5814 3433 4295 1208 6326 6418 6796 7285 7414 4062 734 6256 4349 6208 3872 651 4386 6196 4094 6477 3471 930 3798 1168 4854 1258 6574 4355 5770 4755 5326 6270 6975 7072 898 7468 4835 6919 5389 4152 5609 6568 5429 5833 7638 6470 6100 997 2524 3927 5342 4250 4599 5053 0 6147 3199 4308 4991 1145 3070 6845 2821 3244 2720 6826 6965 3218 993 3719 7169 3656 89 673 3382 1086 6227 523 4512 5901 6559 4916 6742 6107 5850 2643 6254 3645 8108 6747 4366 6172 6927 6311 6668 3276 6659 5916 3834 3403 5480 7220 403 4221 3802 872 2381 3702 3905 6149 6742 2851 3552 6910 4682 5798 642 3661 6451 3336 6293 7668 3630 3382 6730 3205 6225 7052 3159 3922 4726 3962 7098 5542 4129 4109 6211 3791 5574 6348 6567 7117 6335 2501 5854 486 5311 6439 4868 4491 637 3859 2628 5574 6395 7852 1273 4886 496 6891 5511 4979 7994 4834 6582 5161 4455 5352 6725 767 4683 3898 7902 997 2066 2925 6139 5291 1060 1194 7997 6764 7305 6863 5742 4791 5734 3183 5083 332 3899 7170 6693 4153 4341 5644 990 4535 2857 4658 6946 5121 317 3956 3668 1026 5171 154 5219 1188 6197 4432 784 1032 4847 6662 5259 3442 4386 6287 4315 6711 3253
408 7052 5522 7282 5187 2234 323 642 2685 756 2637 4030 4102 3651 496 1426 2523 2860 2777 4307 5215 7067 393 2217 3517 2459 2563 4951 6880 2442 5177 1186 5117 6441 5463 2711 2053 2818 4660 7070 5633 7235 4737 7395 618 5234 2138 4848 827 1781 2609 1543 7029 2682 2593 3351 1918 4672 539 2731 2445 344 3311 3312 2539 7141 3639 4364 4491 4572 5254 2303 6147 0 2963 5371 3332 6941 3145 2670 3337 2980 3677 3064 2594 3148 7077 2742 3007 2967 6235 6524 2774 7212 2999 6548 5558 865 1940 2607 2276 2822 638 3551 235 4826 3711 3547 4823 2360 3251 2648 2746 2878 3265 2725 3758 2747 817 2734 6492 2637 5050 6990 3804 2447 5297 256 2916 3417 2876 804 5377 444 6786 2545 3080 4789 442 3301 4411 2826 653 2944 91 1269 3026 2296 4640 2191 3444 2656 5158 4024 273 2356 2376 256 2218 2451 3082 3809 5421 6335 1566 2639 2277 4997 6217 5728 3658 1823 2881 2888 7146 1925 6527 1183 687 1936 3305 4411 701 1918 5734 1716 612 6820 5730 2487 3905 6540 4101 3222 2042 5336 6855 7201 3288 3217 3110 2256 428 5922 1001 3048 5468 6463 2417 3307 571 4834 4953 2373 7077 1965 3349 4269 2712 4584 6391 2231 5190 7054 5562 6248 3173 7327 283 4759 6901 6847 1831 2560 2408 2751 3074 468 5195 569 3048
3364 4091 3665 4322 3559 2938 3033 3040 4439 3715 3960 2388 1143 689 3245 2277 3844 200 3124 2219 3476 4110 3127 3468 4213 4275 4408 3145 3933 3391 3477 3061 3170 3479 3708 3429 928 3703 2564 4128 3546 4318 3468 4455 3375 3523 2853 3482 2137 3226 4054 3916 4090 4481 2125 4247 2407 2983 2430 3751 2641 2662 4794 3879 3286 4187 800 2595 3632 2968 3673 2208 3199 2963 0 3599 2684 4078 690 3963 379 278 905 4073 4042 621 4115 867 4330 1044 3288 3562 192 4253 3561 3627 3844 2720 3525 2215 3767 3394 2654 599 3088 2808 5280 4188 3226 3291 4218 3506 3839 104 4011 3192 2017 367 2282 4291 3559 1472 3079 4056 998 526 3331 2952 3955 916 759 3713 3806 2644 3841 492 3776 2603 3094 4815 2441 273 3569 124 3038 3867 141 743 3321 772 4420 2833 3342 2451 3014 653 2750 3176 3600 4132 3682 926 4511 3372 2220 3612 1999 3427 3339 3650 779 2565 3656 4845 4189 1862 3566 3818 2314 1973 5070 3239 3384 2166 3943 2305 3530 3901 4056 879 5189 3591 1139 358 3169 4125 3899 4239 5068 4076 4470 3867 2550 4246 2563 304 4092 3521 810 4428 3520 3107 3308 2815 4153 1448 424 3023 4060 3542 3458 760 3124 4091 4204 3308 2791 4371 3039 3220 3942 3976 1780 3777 2461 282 1973 3088 3472 3521 480
5638 4562 197 4772 283 3557 5220 4998 4855 5930 4224 1366 3282 3457 5840 3970 4193 3479 3148 1384 157 4213 5264 4063 3592 4851 4940 460 4765 3756 210 4596 477 3976 109 3516 4129 3710 1072 4945 632 5303 928 5198 5389 157 3588 765 4740 4231 4380 5271 4962 4923 2799 3833 3552 703 5022 3859 3146 5246 4713 3375 3552 4836 3906 1058 1523 801 345 3111 4308 5371 3599 0 2192 5442 4219 4193 3551 3337 2828 3913 4378 2986 4573 3018 4338 2739 4368 4046 3699 4771 3345 4810 248 4612 4393 2804 4349 3359 4763 3326 5592 822 5067 3520 568 3739 3905 3665 3953 3685 3603 3266 1702 3947 4569 4581 4671 2803 567 4982 4021 3890 403 5197 3918 4326 2995 5783 383 5314 4721 3550 3509 1108 5193 4758 1159 3438 6003 3722 5398 5480 3459 3632 915 3942 3977 3047 258 1355 5236 4040 3283 5626 4208 4653 3392 2991 1609 4027 3827 3793 3101 453 4881 646 3049 3713 3586 5286 4262 3447 4249 6533 4744 3437 5183 1180 5326 3480 368 3708 5672 4996 461 3246 4678 3750 3451 3773 3935 1030 4063 4486 5200 3746 4433 4495 4986 647 4430 3297 783 4566 3380 4147 5892 544 431 3329 5132 3498 3309 1207 4278 1262 4611 3753 647 4451 864 4461 2442 4915 5598 651 4567 5333 3550 4072 3094 3514 2299 5169 181 5743 3135
3544 5602 2373 5842 1957 1366 3132 2876 2767 3808 2132 1137 3133 2991 3823 1907 2077 2491 1003 1715 2037 5399 3162 1892 1814 2726 2829 1861 5642 1602 1982 2430 2096 4935 2264 1403 2708 1647 1911 5846 2629 6146 1423 6156 3254 2038 1398 1550 2848 2039 2284 3079 5836 2833 795 1968 1425 1563 3083 1779 961 3276 2779 1499 1398 5812 3365 1420 1185 1429 1997 1036 4991 3332 2684 2192 0 6094 3367 2108 2876 2423 2441 1938 2279 2166 5621 1823 2339 1657 5073 5021 2666 5807 1319 5508 2330 2509 2208 750 2196 1264 2698 2810 3563 1943 3213 1762 1625 1569 1998 1549 1881 2717 1707 1125 1176 2901 2586 2509 5393 1255 2064 5830 3551 2669 2255 3126 1895 3598 1928 3640 2106 3370 5569 2348 1530 2087 3087 2817 1639 2421 3928 2795 3342 3294 2583 2269 1345 2575 2143 858 2036 1068 3156 2777 1093 3579 2043 2529 1407 2690 2140 4912 1769 1685 1117 1761 5391 2702 2633 1560 1535 3215 5468 1507 5148 4515 2783 1450 3207 1095 3182 1420 2527 1617 3547 5757 2473 1901 2941 4851 3267 3009 1745 2004 5202 5629 3218 1829 2459 2342 2995 2653 2342 2430 2146 5312 2029 2251 3806 1713 1762 1138 5965 1758 2656 994 2204 1253 5304 2376 2253 5535 2236 5138 273 5951 3587 1541 5530 5981 1646 1959 938 2452 715 3060 2011 3631 2252
7350 1249 5345 1237 5621 6856 7063 7104 8430 7694 7888 5149 3082 3427 7122 6340 7784 4238 6881 4571 5434 1716 7161 7435 7888 8287 8418 5205 829 7294 5489 7137 5011 1542 5517 7254 4911 7536 4616 773 4915 532 5998 862 7418 5494 6790 5900 6140 7254 8004 7994 709 8479 5884 8000 6388 5296 6403 7619 6474 6612 8690 7559 7148 991 3320 5068 6484 5395 5738 6081 1145 6941 4078 5442 6094 0 3798 7883 3707 4175 3748 7892 7993 4208 1262 4708 8219 4681 1078 1498 4246 1154 7302 632 5641 6797 7549 5968 7753 7174 6716 3581 7021 4790 9166 7843 5510 7205 8002 7363 7717 4139 7741 6979 4952 4214 6340 8248 771 5248 4943 646 3143 4541 5039 6975 7800 3534 4541 7729 5818 6559 818 4564 7527 4481 7137 8718 4772 4297 7484 4059 7025 7939 4066 4821 5870 4807 8179 6603 5268 5242 7037 4605 6614 7121 7580 8127 7414 3512 6997 1445 6268 7487 5888 5634 741 4971 3622 6565 7460 8857 1737 5865 1257 7562 6344 5965 9027 5977 7438 6152 5576 6328 7540 493 5806 4858 8981 1864 3005 3761 7148 6432 1707 1508 9029 7840 8357 7868 6558 5907 6641 4121 6220 879 4839 8240 7463 5297 5484 6684 542 5487 3794 5798 7984 6265 834 4836 4805 1396 6306 991 6314 1112 6956 5576 1102 114 5810 7698 6300 4344 5467 7134 5454 7511 4219
3553 4017 4269 4233 4199 3516 3280 3351 4951 3896 4515 3056 1300 876 3334 2747 4394 877 3753 2834 4103 4116 3380 4009 4844 4771 4904 3771 3791 3967 4110 3472 3773 3466 4327 4033 1152 4301 3161 3972 4108 4110 4142 4291 3640 4153 3423 4148 2353 3723 4597 4297 3925 4987 2775 4860 2964 3629 2607 4335 3258 2814 5354 4513 3881 4066 576 3244 4320 3624 4316 2823 3070 3145 690 4219 3367 3798 0 4522 676 964 1412 4670 4584 1289 4043 1545 4897 1733 3155 3542 711 4155 4186 3430 4465 3083 4022 2864 4291 4012 2965 937 3224 3410 5838 4823 3877 3864 4823 4098 4418 650 4632 3812 2689 521 2589 4827 3386 2138 3680 3882 689 856 3925 3189 4544 292 1447 3937 4447 2763 3696 1066 4395 3178 3361 5371 3067 946 3691 573 3229 4196 810 1253 3994 1100 5029 3464 3961 3124 3251 861 3355 3323 4131 4644 4307 1318 5192 3336 2716 4195 2615 4077 3079 4210 1212 3103 4264 5336 4194 2421 3498 3820 2568 2535 5596 3921 3669 2726 4551 2830 3747 3699 4679 1512 5781 3641 1205 447 3708 4794 3913 4202 5592 4689 5037 4378 2770 4865 2951 977 4748 3370 1412 5022 3666 3746 3951 3416 3958 1991 910 3704 4616 4226 3286 1208 3704 4043 4860 3154 3464 4258 3160 3877 3848 3705 2315 4338 3081 919 2659 3360 4102 3714 1161
2624 7559 4386 7801 3927 1033 2353 2029 664 2711 42 3241 4804 4511 3110 1848 150 3770 1110 3796 4048 7404 2311 532 964 677 750 3928 7541 589 3984 1496 4177 6890 4245 706 3466 483 4017 7746 4699 8013 3300 8067 2218 4036 1111 3457 2759 936 190 1492 7726 732 2011 728 1560 3637 2793 334 1417 2843 832 935 753 7741 4760 3527 2790 3496 3932 1803 6845 2670 3963 4193 2108 7883 4522 0 4285 3785 4136 448 191 3686 7579 3196 383 3202 6932 6977 3850 7756 850 7343 4279 1911 731 1933 401 848 2170 4340 2877 4049 1317 1021 3648 679 614 563 241 3942 762 991 3214 4002 2375 401 7242 2635 4154 7710 4959 3670 4324 2415 336 4807 3359 2470 4012 2977 7460 3486 725 4192 2244 851 3743 3700 3001 4032 2621 1845 3924 3271 3282 3448 784 1334 4080 3175 2401 3697 1271 2827 465 488 823 4371 3497 6843 1836 427 2001 3741 7150 4763 4264 1422 608 1108 7477 2106 7074 3674 2549 1993 1150 3015 2112 1800 4486 1699 2491 7606 4375 3093 1313 6849 4897 4320 826 3671 7200 7617 1155 649 519 474 2592 4526 1898 3826 3910 7175 3153 637 2866 3775 3780 1201 7834 2533 4137 3002 102 3006 7147 3316 4348 7508 3967 6983 1835 7895 2947 3555 7464 7773 2207 186 1586 3682 2507 2215 4019 2616 3696
3739 3715 3597 3946 3540 3254 3411 3418 4780 4090 4284 2430 783 317 3609 2639 4170 533 3402 2169 3439 3744 3506 3800 4483 4621 4753 3107 3554 3706 3448 3430 3101 3109 3659 3726 1293 4003 2489 3749 3432 3941 3519 4076 3753 3489 3174 3514 2512 3575 4384 4287 3712 4824 2389 4533 2738 2977 2803 4059 2932 3033 5113 4147 3591 3809 495 2596 3741 2981 3659 2505 2821 3337 379 3551 2876 3707 676 4285 0 500 736 4372 4371 712 3740 1115 4646 1221 2909 3191 563 3876 3839 3250 3798 3096 3874 2479 4105 3680 3032 281 3458 2738 5598 4453 3227 3608 4510 3810 4151 459 4290 3477 2071 645 2660 4623 3181 1723 3009 3678 689 892 3252 3329 4259 788 972 4091 3789 3010 3462 857 4058 2502 3473 5135 2405 596 3938 400 3413 4243 365 1115 3370 1146 4708 3111 3293 2503 3391 1002 3051 3547 3936 4473 3959 661 4583 2999 2574 3921 2298 3425 2967 3534 541 2903 3949 5192 3823 2198 3191 4169 2691 2305 5403 3316 3763 2498 3879 2650 3907 3523 4012 1192 5487 3231 764 233 3503 4161 3533 3867 5402 4364 4786 4209 2926 4196 2936 466 4101 3143 1148 4728 3892 3088 3296 3117 3775 1796 247 3099 4383 3626 3079 1138 3029 3718 4212 2930 3010 3994 3407 3233 3565 3604 2126 4099 2752 638 2161 3466 3438 3897 629
3373 4105 3408 4340 3291 2755 3022 2999 4286 3725 3785 2112 1145 748 3297 2166 3671 156 2907 1962 3211 4092 3112 3303 3990 4130 4262 2881 3976 3206 3211 2970 2915 3475 3446 3227 1016 3504 2313 4174 3305 4385 3191 4503 3350 3257 2674 3206 2156 3087 3886 3832 4141 4331 1897 4036 2242 2712 2459 3559 2433 2698 4613 3655 3091 4220 987 2325 3356 2695 3404 2005 3244 2980 278 3337 2423 4175 964 3785 500 0 740 3873 3874 352 4129 623 4146 773 3334 3560 368 4275 3344 3695 3580 2658 3385 1987 3610 3182 2618 602 3123 2553 5098 3962 2955 3109 4012 3310 3650 350 3795 2980 1741 610 2255 4126 3617 1234 2825 4111 1184 642 3079 2946 3759 1176 496 3704 3537 2693 3885 436 3562 2361 3073 4636 2179 158 3605 401 3050 3808 160 690 3044 831 4210 2615 3080 2175 3006 793 2551 3205 3440 3980 3464 831 4233 3379 2094 3421 1798 3156 3434 3409 679 2410 3451 4702 4171 1704 3583 3899 2311 1810 4906 2961 3351 2002 3684 2161 3526 3967 3792 695 4988 3560 1182 588 3007 3849 3880 4237 4905 3866 4286 3717 2558 3983 2490 69 3819 3572 664 4228 3546 2839 3038 2618 4215 1312 387 2745 3884 3264 3517 750 2877 4095 3930 3362 2540 4399 3081 2947 3966 4070 1639 3599 2253 244 1710 3064 3207 3527 205
4060 3509 2867 3749 2832 3112 3691 3634 4696 4410 4142 1789 694 643 4017 2713 4040 890 3142 1454 2721 3447 3776 3699 4177 4565 4694 2391 3434 3547 2734 3532 2372 2856 2936 3508 1755 3790 1760 3638 2696 3886 2866 3964 4003 2773 3051 2845 2860 3554 4261 4394 3612 4748 2137 4269 2670 2282 3168 3871 2726 3409 4941 3843 3400 3656 1091 1910 3154 2300 2954 2337 2720 3677 905 2828 2441 3748 1412 4136 736 740 0 4149 4250 536 3532 1017 4471 937 2809 2943 1072 3693 3569 3209 3076 3270 3841 2222 4022 3433 3265 499 3832 2010 5419 4138 2535 3459 4265 3615 3969 1008 4014 3235 1458 1269 2918 4505 3114 1503 2279 3591 1231 1378 2519 3621 4054 1499 853 4371 3081 3413 3349 1154 3794 1768 3731 4970 1696 896 4312 1007 3742 4412 775 1386 2717 1568 4448 2860 2572 1871 3680 1525 2866 3910 3848 4397 3683 249 3942 2779 2616 3738 2149 2729 3019 2799 228 2856 3717 5131 3524 2177 2998 4630 2996 2265 5282 2696 3993 2444 3150 2642 4199 3476 3289 1231 5247 2901 826 967 3418 3490 3234 3614 5285 4106 4609 4143 3250 3471 3091 673 3409 3052 1271 4499 4247 2382 2594 2936 3710 1858 514 2481 4237 3010 3017 1467 2294 3483 3519 2854 2626 3824 3795 2549 3388 3638 2152 3952 2552 983 1758 3719 2722 4210 630
3044 7498 4109 7740 3639 1161 2753 2426 997 3146 489 3072 4833 4576 3518 2103 568 3876 1013 3652 3774 7318 2718 854 518 1077 1119 3684 7507 729 3708 1880 3940 6829 3957 647 3666 370 3840 7712 4449 7993 3000 8029 2642 3756 1263 3161 3077 1291 608 1940 7696 1065 2014 289 1727 3401 3142 360 1442 3213 840 552 789 7694 4858 3334 2458 3259 3633 1868 6826 3064 4073 3913 1938 7892 4670 448 4372 3873 4149 0 615 3734 7518 3263 425 3230 6912 6916 3978 7700 620 7334 3979 2268 1140 1928 835 719 2529 4400 3278 3846 1287 577 3386 835 188 572 319 4064 341 914 3095 4150 2695 719 7227 2672 3926 7684 5057 3830 4077 2809 150 4948 3418 2908 3704 3345 7429 3613 414 4016 2648 880 3572 3804 3427 4153 3021 2291 4020 3418 2998 3626 394 1289 3822 2998 2799 3874 1323 3234 850 908 536 4391 3105 6793 2064 491 2076 3460 7167 4506 4296 1628 433 1390 7388 2255 7027 4100 2881 2140 1282 2735 2537 1954 4187 1904 2921 7592 4060 3194 1116 6766 4937 4431 1094 3319 7117 7541 1297 208 527 921 2951 4201 2228 3907 3571 7155 3271 355 3292 3529 3513 1258 7813 2686 4205 2750 471 2689 7134 3476 4123 7439 3620 6969 1672 7841 3345 3290 7414 7781 2374 506 1621 3796 2444 2619 3745 3044 3763
2522 7692 4571 7934 4113 1138 2274 1953 488 2588 155 3408 4912 4606 3019 1875 214 3852 1277 3957 4233 7545 2224 575 1132 486 562 4108 7666 718 4169 1440 4356 7023 4431 877 3507 671 4185 7870 4879 8133 3488 8193 2113 4221 1204 3645 2739 920 15 1342 7850 554 2140 881 1635 3816 2752 519 1547 2786 789 1123 901 7870 4841 3699 2981 3676 4119 1914 6965 2594 4042 4378 2279 7993 4584 191 4371 3874 4250 615 0 3789 7712 3294 413 3314 7053 7111 3922 7888 1038 7459 4466 1872 670 2064 331 1026 2125 4437 2793 4222 1263 1192 3831 795 764 730 431 4017 942 1156 3369 4064 2356 255 7361 2747 4332 7833 5039 3729 4505 2341 521 4871 3459 2345 4201 2921 7584 3560 916 4359 2161 797 3910 3783 2891 4106 2540 1702 4009 3338 3468 3500 909 1485 4263 3344 2322 3749 1396 2738 460 299 1014 4482 3687 6973 1878 595 2105 3926 7258 4944 4372 1482 797 938 7618 2180 7203 3563 2521 2069 1035 3201 2007 1876 4673 1753 2377 7724 4564 3179 1330 6989 4999 4398 876 3862 7340 7754 1036 822 522 344 2546 4716 1877 3917 4101 7296 3232 734 2757 3955 3964 1326 7955 2602 4232 3185 146 3195 7265 3376 4524 7643 4158 7101 2006 8026 2867 3738 7594 7883 2272 322 1709 3760 2651 2132 4204 2504 3793
3528 4032 3057 4271 2940 2654 3156 3098 4222 3877 3689 1770 1127 847 3499 2188 3581 497 2743 1611 2860 3980 3241 3228 3811 4080 4211 2529 3940 3099 2860 3006 2565 3384 3094 3088 1289 3369 1964 4142 2962 4377 2854 4470 3467 2906 2585 2863 2336 3055 3800 3870 4114 4271 1726 3877 2181 2362 2645 3438 2295 2888 4504 3474 2966 4170 1199 1975 3042 2347 3053 1884 3218 3148 621 2986 2166 4208 1289 3686 712 352 536 3734 3789 0 4055 502 4033 520 3307 3471 716 4212 3179 3693 3228 2736 3346 1814 3545 3028 2729 668 3308 2203 4986 3777 2605 3006 3863 3184 3533 701 3629 2827 1400 962 2383 4043 3604 1063 2475 4090 1385 954 2729 3087 3630 1473 334 3836 3186 2897 3853 666 3401 2017 3195 4529 1827 466 3787 745 3212 3880 485 871 2706 1095 4054 2454 2728 1835 3146 1108 2426 3384 3372 3919 3297 719 3904 3302 2096 3302 1685 2807 3471 3065 590 2361 3306 4650 4058 1669 3517 4125 2466 1763 4824 2632 3458 1947 3333 2134 3665 3963 3440 697 4844 3436 1211 874 2939 3508 3767 4144 4825 3710 4173 3660 2721 3631 2558 317 3472 3549 736 4089 3719 2488 2688 2495 4203 1329 492 2416 3786 2939 3506 965 2530 4010 3583 3346 2309 4342 3274 2599 3906 4100 1632 3500 2117 550 1453 3183 2855 3677 152
7479 26 4445 222 4788 6585 7144 7127 8177 7830 7591 4562 2985 3426 7336 6242 7499 4231 6511 3959 4593 465 7236 7184 7434 8063 8189 4416 459 6996 4656 7061 4190 690 4632 6906 5029 7183 3911 497 3990 849 5255 640 7478 4650 6537 5135 6252 7074 7722 7924 555 8233 5573 7583 6186 4564 6542 7286 6166 6771 8346 7119 6827 300 3485 4409 5796 4682 4895 5818 993 7077 4115 4573 5621 1262 4043 7579 3740 4129 3532 7518 7712 4055 0 4548 7883 4447 919 602 4303 199 6905 893 4742 6780 7355 5648 7512 6803 6747 3536 7194 4036 8805 7380 4746 6918 7603 7031 7388 4199 7321 6620 4445 4346 6382 7965 825 4998 4136 616 3354 4630 4181 7065 7446 3833 4383 7825 4955 6743 519 4558 7127 3751 7199 8380 4117 4275 7674 4134 7153 7928 4061 4816 5143 4886 7760 6254 4438 4651 7126 4730 6317 7286 7337 7887 7007 3338 6174 753 6147 7162 5646 4837 1341 4028 3478 6375 7091 8621 476 5707 550 7858 6427 5792 8728 5294 7480 5966 4644 6171 7644 804 4882 4750 8560 824 2976 3866 6917 5596 527 255 8734 7435 8015 7640 6665 4955 6606 4064 5354 771 4767 7852 7631 4532 4695 6387 737 5384 3746 5142 7681 5554 894 4862 3971 143 5428 957 5868 344 7141 4825 224 1203 5684 7401 6005 4342 5080 7191 4618 7636 4111
3107 4525 3119 4765 2926 2163 2720 2638 3723 3452 3197 1696 1628 1317 3127 1696 3088 670 2287 1715 2878 4460 2800 2730 3368 3579 3710 2558 4440 2611 2865 2515 2644 3873 3124 2616 1111 2895 2083 4643 3098 4879 2730 4970 3016 2916 2090 2768 1956 2553 3306 3378 4615 3771 1275 3419 1680 2345 2266 2957 1821 2509 4018 3033 2486 4668 1608 1965 2822 2300 3029 1400 3719 2742 867 3018 1823 4708 1545 3196 1115 623 1017 3263 3294 502 4548 0 3549 280 3808 3960 846 4708 2724 4195 3250 2265 2844 1364 3046 2566 2279 1144 2919 2299 4502 3340 2568 2517 3398 2705 3050 895 3175 2364 1329 1089 1950 3548 4107 611 2560 4591 1804 912 2819 2658 3153 1783 168 3394 3163 2535 4353 565 2943 2173 2750 4043 1889 599 3391 974 2800 3400 780 615 2589 925 3594 1996 2767 1740 2714 1050 1945 2987 2873 3420 2844 1219 3733 3796 1599 2820 1196 2770 3970 3200 1093 1859 2837 4149 4537 1167 4013 3780 2056 1260 4329 2469 2999 1446 3380 1633 3229 4465 3454 262 4377 3911 1706 1208 2440 3396 4247 4631 4330 3250 3689 3160 2315 3650 2082 649 3402 4051 374 3618 3313 2489 2670 2013 4705 846 944 2259 3296 2759 4008 736 2651 4500 3513 3848 1924 4838 2894 2544 4402 4600 1136 3010 1641 631 1118 2736 2868 3251 501
2931 7863 4534 8104 4065 1392 2686 2365 613 2987 401 3475 5146 4865 3431 2232 528 4135 1375 4049 4199 7694 2637 915 866 747 754 4106 7858 939 4133 1849 4361 7193 4382 976 3848 702 4247 8063 4872 8337 3425 8383 2522 4182 1478 3586 3134 1309 398 1719 8045 677 2336 590 1934 3822 3157 601 1745 3196 471 973 1071 8052 5124 3745 2881 3679 4058 2150 7169 3007 4330 4338 2339 8219 4897 383 4646 4146 4471 425 413 4033 7883 3549 0 3541 7255 7281 4220 8062 1024 7671 4404 2275 1078 2253 737 1087 2531 4692 3206 4260 953 937 3809 1038 482 857 502 4312 753 1263 3481 4377 2749 360 7568 2976 4345 8031 5323 4047 4500 2754 445 5181 3709 2742 4129 3331 7778 3856 833 4423 2573 499 3977 4065 3296 4401 2953 2086 4287 3645 3423 3827 555 1630 4245 3404 2735 4077 1608 3150 837 626 954 4709 3505 7152 2219 733 2352 3885 7489 4929 4607 1802 805 972 7765 2478 7384 3967 2920 2364 868 3160 2416 2172 4612 2079 2781 7932 4484 3456 933 7140 5243 4687 1208 3736 7492 7912 880 609 140 755 2953 4625 2271 4185 3991 7498 3521 351 3163 3951 3937 1539 8157 2907 4492 3172 307 3114 7473 3692 4542 7807 4039 7308 2069 8203 3280 3714 7773 8108 2583 561 1920 4049 2803 2545 4170 2909 4050
3320 4425 2839 4666 2650 2176 2924 2818 3759 3661 3207 1424 1605 1366 3367 1834 3104 862 2232 1438 2599 4333 3000 2762 3293 3630 3758 2279 4366 2613 2587 2650 2364 3765 2845 2585 1390 2867 1806 4570 2821 4823 2472 4896 3204 2638 2114 2503 2198 2627 3325 3504 4547 3812 1216 3365 1740 2068 2506 2942 1797 2748 4012 2957 2470 4583 1713 1687 2594 2026 2754 1400 3656 2967 1044 2739 1657 4681 1733 3202 1221 773 937 3230 3314 520 4447 280 3541 0 3744 3852 1063 4613 2665 4146 2971 2436 2910 1304 3085 2519 2473 1185 3151 2020 4491 3259 2294 2524 3354 2687 3040 1093 3114 2319 1054 1315 2162 3569 4050 567 2280 4527 1902 1174 2540 2867 3130 1949 291 3589 2888 2781 4282 827 2888 1901 2945 4039 1610 798 3618 1162 3020 3553 932 895 2328 1203 3543 1945 2488 1472 2921 1317 1934 3215 2911 3461 2783 1169 3490 3698 1723 2808 1212 2496 3949 2922 1067 1928 2799 4195 4409 1271 3921 4028 2281 1348 4347 2221 3181 1519 3100 1729 3430 4412 3177 527 4336 3780 1707 1355 2483 3137 4122 4516 4349 3199 3679 3207 2541 3372 2248 775 3134 3988 651 3583 3534 2211 2394 2003 4646 1022 1011 2008 3303 2516 3953 1016 2374 4391 3245 3790 1791 4747 3131 2272 4312 4571 1270 3017 1621 850 942 2930 2590 3460 595
6640 893 4274 1087 4544 5916 6320 6324 7503 6991 6940 4094 2194 2603 6472 5485 6841 3421 5900 3508 4357 1157 6415 6506 6879 7374 7503 4127 645 6343 4412 6298 3934 634 4444 6283 4182 6563 3542 841 3851 1082 4923 1169 6663 4417 5858 4823 5414 6359 7063 7161 808 7556 4922 7004 5478 4221 5697 6655 5516 5921 7724 6554 6187 911 2610 4000 5416 4321 4661 5141 89 6235 3288 4368 5073 1078 3155 6932 2909 3334 2809 6912 7053 3307 919 3808 7255 3744 0 645 3471 1004 6312 449 4569 5991 6648 5002 6830 6193 5939 2732 6342 3712 8194 6831 4433 6259 7013 6398 6755 3364 6743 6002 3915 3490 5569 7307 321 4309 3866 783 2467 3790 3965 6237 6828 2934 3641 6998 4742 5886 553 3751 6536 3404 6382 7754 3703 3471 6818 3294 6314 7141 3248 4011 4796 4051 7183 5628 4191 4186 6300 3879 5661 6435 6655 7206 6420 2590 5919 478 5400 6526 4956 4556 623 3910 2717 5662 6480 7940 1220 4975 446 6976 5600 5068 8081 4907 6671 5249 4509 5441 6814 684 4738 3988 7986 987 2156 3013 6227 5354 1020 1127 8085 6849 7391 6951 5831 4844 5824 3273 5144 244 3989 7256 6781 4220 4407 5731 903 4624 2947 4732 7034 5193 244 4045 3729 959 5231 103 5302 1103 6285 4500 705 966 4937 6750 5346 3532 4472 6376 4378 6799 3343
6923 582 3930 824 4250 5984 6581 6554 7577 7275 6989 3971 2423 2875 6798 5656 6898 3668 5909 3368 4056 582 6671 6584 6835 7463 7589 3862 726 6394 4117 6475 3645 88 4111 6304 4484 6581 3335 900 3483 1261 4692 1167 6910 4114 5937 4577 5698 6478 7120 7338 919 7633 4972 6982 5590 3997 5992 6684 5565 6224 7744 6519 6225 807 2973 3827 5223 4110 4360 5219 673 6524 3562 4046 5021 1498 3542 6977 3191 3560 2943 6916 7111 3471 602 3960 7281 3852 645 0 3752 786 6304 920 4227 6202 6758 5047 6912 6201 6176 2974 6649 3472 8203 6782 4187 6317 7002 6429 6786 3649 6720 6018 3846 3811 5815 7364 786 4401 3587 945 2858 4083 3648 6503 6844 3352 3796 7263 4427 6201 697 3992 6526 3179 6633 7778 3533 3709 7130 3589 6598 7349 3500 4249 4577 4334 7159 5652 3896 4060 6564 4189 5716 6738 6737 7287 6406 2757 5636 215 5558 6560 5048 4287 1249 3530 2900 5779 6489 8021 658 5116 246 7338 5866 5199 8126 4718 6909 5371 4143 5579 7083 1009 4378 4167 7960 371 2428 3332 6318 5061 400 677 8132 6834 7413 7040 6109 4465 6026 3494 4828 678 4189 7250 7082 3972 4142 5786 1096 4800 3181 4561 7079 4985 788 4300 3429 540 4907 736 5267 930 6598 4263 527 1405 5095 6799 5404 3779 4478 6624 4080 7079 3533
3176 4279 3773 4509 3646 2832 2849 2864 4309 3527 3845 2453 1335 878 3053 2130 3727 220 3047 2327 3571 4302 2944 3347 4138 4140 4273 3242 4116 3285 3570 2902 3281 3670 3808 3337 736 3608 2680 4310 3673 4496 3523 4637 3193 3616 2743 3545 1948 3089 3935 3752 4271 4349 2064 4161 2290 3066 2240 3649 2555 2472 4682 3806 3189 4372 943 2679 3656 3043 3758 2121 3382 2774 192 3699 2666 4246 711 3850 563 368 1072 3978 3922 716 4303 846 4220 1063 3471 3752 0 4440 3482 3805 3941 2551 3389 2153 3640 3310 2476 792 2897 2919 5167 4116 3305 3183 4127 3408 3735 107 3929 3109 2080 254 2103 4169 3739 1428 3191 4236 1136 334 3445 2767 3855 974 772 3528 3891 2452 4024 365 3693 2728 2912 4701 2541 269 3378 190 2849 3694 298 592 3378 582 4331 2757 3442 2511 2829 463 2658 2985 3475 4002 3603 1112 4552 3562 2080 3509 1912 3507 3508 3776 962 2441 3566 4709 4381 1744 3754 3626 2129 1857 4945 3281 3205 2050 4048 2176 3344 4078 4152 801 5092 3784 1327 491 3046 4185 4091 4429 4942 3990 4361 3736 2363 4344 2397 421 4165 3703 708 4332 3330 3196 3393 2721 4331 1320 612 3067 3945 3579 3637 590 3244 4281 4276 3489 2755 4557 2848 3294 4129 4145 1652 3665 2378 215 1964 2907 3566 3333 565
7615 211 4644 94 4987 6758 7285 7274 8351 7966 7767 4754 3130 3564 7462 6400 7674 4374 6692 4150 4792 632 7378 7356 7621 8234 8360 4614 431 7172 4855 7218 4388 872 4830 7086 5161 7363 4106 383 4188 695 5452 451 7622 4849 6709 5332 6387 7240 7897 8082 451 8406 5748 7768 6353 4761 6675 7465 6342 6902 8526 7305 7005 165 3603 4604 5992 4878 5094 5990 1086 7212 4253 4771 5807 1154 4155 7756 3876 4275 3693 7700 7888 4212 199 4708 8062 4613 1004 786 4440 0 7088 885 4940 6930 7523 5824 7684 6984 6892 3680 7325 4233 8987 7567 4944 7093 7786 7209 7567 4334 7505 6800 4632 4474 6526 8141 847 5167 4335 520 3466 4764 4380 7204 7626 3937 4542 7965 5154 6871 515 4702 7310 3948 7342 8560 4311 4420 7803 4267 7288 8080 4203 4961 5340 5022 7945 6433 4636 4843 7266 4860 6492 7417 7509 8059 7190 3494 6372 916 6307 7340 5816 5035 1343 4226 3631 6541 7272 8794 626 5870 695 7974 6566 5956 8905 5490 7626 6131 4842 6334 7783 738 5080 4905 8746 1022 3114 3995 7087 5795 720 373 8911 7619 8195 7811 6802 5152 6758 4212 5553 819 4919 8035 7762 4730 4893 6562 613 5541 3891 5337 7858 5751 931 5004 4169 328 5627 1024 6053 146 7270 5022 311 1111 5843 7577 6179 4485 5260 7335 4816 7773 4264
3062 6886 3539 7127 3078 815 2713 2394 1510 3228 883 2454 4258 4025 3483 1812 871 3361 438 3033 3202 6701 2700 889 662 1521 1600 3092 6901 584 3137 1843 3345 6217 3396 292 3250 367 3224 7106 3861 7392 2450 7422 2684 3188 925 2608 2846 1263 1039 2167 7092 1578 1454 700 1345 2805 2969 521 930 3083 1460 349 461 7085 4331 2721 1947 2663 3082 1364 6227 2999 3561 3345 1319 7302 4186 850 3839 3344 3569 620 1038 3179 6905 2724 1024 2665 6312 6304 3482 7088 0 6737 3429 2146 1256 1365 1080 194 2400 3846 3228 3237 1902 651 2805 646 701 397 609 3561 451 378 2476 3672 2482 1236 6628 2120 3326 7081 4528 3367 3487 2749 583 4456 2873 3009 3162 3208 6824 3121 225 3400 2625 1499 2955 3289 3459 3649 2973 2476 3496 2948 2433 3185 879 729 3239 2381 2753 3428 852 3203 987 1325 121 3814 2701 6183 1736 489 1571 2893 6582 3922 3727 1309 242 1943 6771 1819 6418 4119 2683 1707 1892 2166 2587 1540 3636 1557 2981 6993 3525 2685 1679 6149 4370 3916 964 2835 6501 6925 1904 538 1141 1215 2803 3678 2056 3373 3067 6554 2775 947 3324 2938 2935 803 7211 2238 3659 2161 932 2157 6536 3019 3522 6825 3127 6370 1052 7230 3282 2711 6804 7190 1954 751 1105 3289 1840 2595 3173 3095 3219
6956 871 4713 979 4990 6322 6649 6668 7905 7304 7350 4540 2569 2953 6763 5858 7248 3772 6321 3956 4802 1276 6745 6908 7311 7771 7900 4575 454 6754 4857 6665 4380 948 4885 6701 4500 6982 3991 575 4285 691 5372 870 6996 4862 6261 5272 5734 6748 7470 7527 515 7956 5335 7431 5872 4670 6009 7070 5928 6227 8140 6984 6601 739 2910 4449 5864 4770 5106 5546 523 6548 3627 4810 5508 632 3430 7343 3250 3695 3209 7334 7459 3693 893 4195 7671 4146 449 920 3805 885 6737 0 5009 6344 7039 5417 7230 6614 6281 3094 6644 4161 8613 7263 4882 6668 7437 6813 7170 3697 7171 6421 4355 3803 5907 7714 142 4713 4312 460 2750 4115 4408 6563 7246 3188 4028 7323 5186 6185 376 4102 6961 3853 6715 8170 4152 3826 7116 3622 6629 7493 3599 4362 5246 4379 7610 6047 4637 4632 6626 4194 6072 6741 7056 7606 6846 2983 6366 831 5778 6940 5358 5004 458 4342 3103 6054 6901 8339 1319 5361 675 7241 5927 5456 8490 5356 7010 5640 4945 5826 7136 273 5175 4363 8413 1291 2513 3333 6626 5801 1207 1145 8493 7274 7807 7349 6152 5277 6181 3637 5588 254 4356 7679 7085 4669 4854 6142 529 4998 3309 5180 7444 5642 206 4388 4174 992 5674 371 5734 928 6584 4949 677 523 5316 7159 5757 3882 4897 6710 4823 7116 3719
5815 4732 297 4937 375 3691 5397 5168 4937 6102 4311 1580 3528 3705 6031 4148 4287 3721 3258 1631 372 4370 5439 4177 3632 4944 5028 700 4950 3865 390 4751 721 4159 142 3614 4360 3795 1321 5126 756 5487 980 5372 5556 335 3727 821 4943 4365 4467 5404 5145 5006 2974 3882 3717 914 5221 3947 3290 5442 4763 3434 3662 5010 4155 1285 1544 993 347 3281 4512 5558 3844 248 2330 5641 4465 4279 3798 3580 3076 3979 4466 3228 4742 3250 4404 2971 4569 4227 3941 4940 3429 5009 0 4785 4515 2973 4455 3455 4944 3575 5781 1070 5100 3560 735 3854 3959 3763 4038 3929 3661 3375 1927 4190 4761 4661 4869 3014 812 5167 4269 4127 623 5378 3993 4574 3231 5948 289 5513 4908 3786 3581 1353 5367 4809 1403 3679 6185 3967 5582 5624 3703 3862 1004 4174 4020 3177 505 1562 5415 4277 3423 5812 4319 4746 3468 3239 1479 4217 4005 3888 3282 570 5092 736 3298 3871 3671 5362 4417 3637 4436 6726 4939 3622 5238 1272 5490 3656 208 3880 5842 5189 213 3474 4696 3922 3697 4020 4064 912 4227 4646 5256 3805 4493 4600 5179 403 4606 3541 632 4763 3609 4197 6071 762 607 3465 5318 3706 3556 1336 4360 1295 4811 3984 874 4617 691 4664 2570 5083 5789 802 4744 5532 3745 4166 3249 3754 2492 5342 382 5916 3378
1035 6756 4773 6993 4411 1370 624 395 2074 1319 1883 3305 3802 3391 1359 652 1761 2572 1913 3653 4455 6716 655 1414 2692 1858 1982 4211 6633 1604 4412 449 4396 6116 4699 1861 1931 1991 3988 6832 4924 7035 3928 7160 793 4469 1273 4046 892 980 1887 1214 6797 2089 1813 2548 1084 3922 882 1920 1594 948 2640 2468 1685 6877 3485 3642 3648 3812 4470 1504 5901 865 2720 4612 2509 6797 3083 1911 3096 2658 3270 2268 1872 2736 6780 2265 2275 2436 5991 6202 2551 6930 2146 6344 4785 0 1202 1812 1541 1965 261 3258 1098 4130 3082 2716 4053 1516 2456 1810 1949 2657 2438 1862 3072 2604 529 2055 6271 2000 4336 6766 3671 2266 4573 630 2118 3373 2422 1189 4588 1078 6543 2242 2241 4131 582 2638 3725 2520 1420 2738 854 1151 2745 1982 3839 2002 2658 1797 4412 3288 651 2226 1515 1093 1447 1796 2234 3445 4570 6028 793 1815 1520 4218 6058 5014 3302 968 2043 2375 6794 1227 6236 2032 660 1202 2729 3600 752 1132 4970 905 1062 6617 4948 2039 3202 6171 3836 3038 1203 4508 6503 6877 2717 2403 2393 1559 683 5136 191 2720 4654 6228 2013 2544 1298 4084 4187 1510 6867 1421 3044 3472 1970 3755 6170 1961 4490 6740 4745 6017 2332 7055 1143 3983 6621 6695 1180 1776 1573 2462 2340 557 4433 1131 2669
1904 7333 4577 7575 4146 856 1623 1298 932 2017 697 3270 4472 4130 2382 1277 585 3344 1266 3765 4240 7222 1582 369 1628 751 884 4067 7274 687 4182 771 4298 6670 4460 982 2913 965 4037 7478 4833 7722 3560 7804 1502 4237 861 3706 2076 300 685 919 7453 965 1839 1429 1171 3769 2082 842 1301 2119 1442 1493 876 7493 4325 3588 3128 3636 4172 1554 6559 1940 3525 4393 2208 7549 4022 731 3874 3385 3841 1140 670 3346 7355 2844 1078 2910 6648 6758 3389 7523 1256 7039 4515 1202 0 1782 341 1138 1455 3970 2147 4113 1898 1670 3828 670 1324 859 832 3489 1388 1157 3160 3509 1694 860 6949 2357 4260 7431 4522 3168 4460 1685 997 4313 3012 1784 4270 2253 7189 3035 1252 4204 1514 1443 3759 3278 2288 3577 1890 1220 3509 2797 3512 2926 1509 1350 4243 3221 1670 3172 1146 2098 294 629 1297 4059 3942 6607 1310 791 1711 3953 6809 4908 3936 986 1062 1320 7297 1684 6831 2960 1854 1585 1588 3247 1398 1399 4717 1224 1785 7308 4639 2693 2000 6666 4544 3875 474 4025 7012 7416 1580 1314 1192 369 1876 4807 1216 3434 4232 6891 2726 1368 2152 3920 3965 1088 7547 2079 3758 3186 776 3306 6851 2821 4442 7295 4304 6690 1951 7657 2217 3742 7222 7441 1748 635 1418 3245 2401 1485 4213 1907 3329
2845 5628 2969 5870 2599 950 2428 2195 2534 3129 1943 1538 2905 2660 3093 1183 1851 2015 929 1989 2646 5484 2467 1552 2004 2435 2556 2415 5609 1348 2601 1807 2616 4959 2889 1286 2052 1568 2280 5814 3151 6084 2131 6135 2585 2658 923 2241 2098 1545 2074 2556 5795 2592 90 2063 753 2122 2336 1653 518 2533 2723 1669 1185 5808 2972 1871 1935 2006 2658 308 4916 2607 2215 2804 750 5968 2864 1933 2479 1987 2222 1928 2064 1814 5648 1364 2253 1304 5002 5047 2153 5824 1365 5417 2973 1812 1782 0 1881 1215 1980 2482 2836 2384 3198 1976 2242 1271 2050 1396 1753 2224 1815 1016 1383 2362 1843 2317 5315 756 2564 5780 3167 2084 2789 2413 1832 3122 1510 2979 2777 2624 5528 1801 1586 2441 2395 2753 2004 1942 3219 2310 2623 2715 2141 1666 2034 1945 2240 641 2611 1506 2447 2170 671 2858 1708 2251 1483 2463 2890 4910 1041 1523 370 2406 5241 3236 2369 925 1496 2982 5557 759 5141 3787 2037 700 3083 1805 2523 689 3159 907 2870 5679 3136 1352 3032 4927 3011 2566 1313 2741 5277 5691 3088 1896 2390 2017 2255 3325 1635 2013 2862 5246 1458 2280 3103 2282 2376 740 5905 1052 2295 1664 2035 1994 5220 1757 2732 5579 2958 5055 684 5963 2854 2171 5531 5857 900 1753 366 1951 619 2369 2624 2943 1856
2223 7490 4539 7732 4093 931 1957 1634 677 2312 365 3301 4671 4349 2710 1563 267 3580 1203 3827 4200 7360 1912 329 1342 555 677 4052 7449 595 4139 1112 4291 6824 4410 845 3201 738 4076 7654 4822 7908 3485 7979 1817 4193 975 3637 2409 595 346 1121 7631 726 1948 1122 1369 3756 2422 592 1370 2459 1113 1256 800 7660 4567 3606 3014 3618 4109 1694 6742 2276 3767 4349 2196 7753 4291 401 4105 3610 4022 835 331 3545 7512 3046 737 3085 6830 6912 3640 7684 1080 7230 4455 1541 341 1881 0 1006 1795 4184 2479 4132 1579 1392 3792 633 1011 700 551 3737 1118 1084 3229 3773 2026 543 7135 2522 4260 7612 4765 3435 4447 2021 703 4580 3212 2073 4199 2594 7366 3281 1023 4248 1846 1118 3799 3512 2600 3826 2224 1462 3741 3052 3451 3201 1186 1357 4217 3244 2005 3449 1213 2428 175 376 1092 4248 3779 6768 1576 591 1874 3902 7016 4892 4132 1202 854 1111 7434 1907 6995 3273 2191 1800 1306 3183 1711 1608 4660 1465 2090 7497 4566 2915 1661 6804 4752 4121 606 3907 7152 7562 1302 1024 852 146 2217 4726 1547 3656 4130 7073 2960 1033 2465 3901 3927 1146 7731 2321 3976 3145 437 3210 7038 3084 4449 7447 4195 6876 1927 7820 2551 3702 7386 7644 1989 354 1516 3486 2487 1818 4172 2215 3540
2898 6784 3551 7025 3097 623 2541 2225 1511 3075 874 2399 4119 3873 3309 1618 834 3195 293 2965 3212 6609 2532 771 847 1493 1585 3083 6788 450 3149 1678 3330 6114 3415 162 3063 386 3175 6993 3854 7274 2482 7311 2526 3201 732 2636 2654 1110 1029 2056 6978 1578 1303 854 1153 2791 2781 516 755 2899 1544 542 288 6977 4169 2681 2009 2651 3109 1189 6107 2822 3394 3359 1264 7174 4012 848 3680 3182 3433 719 1026 3028 6803 2566 1087 2519 6193 6201 3310 6984 194 6614 3455 1965 1138 1215 1006 0 2218 3695 3052 3202 2004 841 2808 491 835 308 617 3391 621 202 2394 3496 2292 1247 6508 1966 3307 6966 4367 3187 3479 2574 644 4284 2718 2860 3196 3022 6710 2947 383 3350 2456 1579 2902 3122 3295 3479 2798 2350 3333 2769 2453 3002 1028 575 3238 2331 2580 3245 666 3031 890 1294 308 3676 2804 6076 1542 435 1398 2908 6450 3919 3584 1115 288 1955 6680 1632 6310 3951 2493 1520 1951 2185 2431 1350 3661 1364 2825 6873 3562 2516 1817 6056 4226 3750 801 2904 6407 6829 1961 684 1215 1149 2617 3721 1871 3213 3124 6436 2602 1067 3161 2930 2941 614 7094 2054 3504 2161 941 2204 6415 2838 3500 6726 3190 6250 991 7126 3104 2716 6698 7062 1766 714 933 3120 1726 2426 3183 2936 3063
881 6722 4919 6958 4571 1614 464 388 2308 1201 2141 3436 3762 3336 1133 797 2019 2519 2153 3750 4606 6701 529 1675 2952 2089 2209 4351 6584 1864 4565 690 4526 6091 4852 2117 1817 2251 4094 6780 5049 6972 4108 7107 738 4622 1515 4221 681 1241 2140 1362 6743 2320 1971 2809 1281 4067 627 2181 1808 687 2887 2725 1940 6833 3397 3771 3853 3962 4635 1674 5850 638 2654 4763 2698 6716 2965 2170 3032 2618 3265 2529 2125 2729 6747 2279 2531 2473 5939 6176 2476 6892 2400 6281 4944 261 1455 1980 1795 2218 0 3213 872 4248 3323 2976 4209 1774 2717 2069 2210 2584 2698 2107 3182 2506 377 2302 6213 2082 4463 6710 3578 2175 4705 434 2379 3253 2428 1116 4756 817 6492 2191 2500 4230 472 2884 3837 2473 1241 2661 644 1230 2692 1931 4014 1909 2919 2022 4555 3424 474 2119 1742 882 1706 2037 2491 3425 4784 5997 940 2076 1662 4380 5981 5141 3279 1187 2302 2589 6779 1332 6200 1819 441 1328 2959 3781 733 1291 5123 1081 960 6554 5112 2039 3455 6161 3784 2956 1463 4702 6488 6853 2946 2665 2647 1807 423 5302 364 2683 4838 6174 1995 2803 1129 4229 4341 1742 6807 1451 3001 3644 2226 3949 6111 1894 4610 6713 4931 5961 2536 7014 907 4143 6582 6617 1258 2037 1771 2409 2473 457 4585 1002 2649
3949 3512 3363 3746 3331 3308 3608 3596 4861 4301 4342 2264 552 181 3843 2765 4232 695 3411 1952 3220 3517 3700 3871 4478 4711 4843 2890 3375 3755 3233 3571 2869 2890 3434 3753 1527 4033 2258 3573 3181 3784 3348 3902 3942 3272 3234 3333 2725 3674 4449 4433 3539 4908 2393 4545 2815 2777 3022 4099 2959 3257 5162 4142 3627 3621 600 2402 3607 2791 3451 2542 2643 3551 599 3326 2810 3581 937 4340 281 602 499 4400 4437 668 3536 1144 4692 1185 2732 2974 792 3680 3846 3094 3575 3258 3970 2482 4184 3695 3213 0 3682 2508 5645 4444 3030 3661 4529 3846 4193 696 4296 3494 1917 914 2847 4691 3016 1729 2776 3509 759 1125 3014 3530 4293 1001 983 4290 3579 3241 3285 1022 4068 2260 3663 5187 2193 740 4164 655 3624 4409 526 1282 3198 1365 4722 3121 3070 2342 3591 1250 3087 3768 4012 4556 3964 383 4420 2789 2688 3962 2340 3224 2841 3282 280 2989 3971 5283 3595 2286 2989 4417 2892 2387 5472 3164 3946 2577 3647 2748 4110 3366 3788 1277 5511 2994 581 509 3579 3979 3305 3652 5472 4378 4832 4295 3134 3969 3092 543 3904 2970 1262 4754 4112 2880 3091 3155 3614 1907 215 2947 4440 3476 2915 1326 2786 3507 4014 2760 2966 3802 3635 3041 3370 3475 2229 4154 2780 806 2102 3655 3221 4105 645
401 7169 5741 7397 5411 2467 525 852 2859 692 2842 4246 4231 3774 262 1657 2731 2997 3011 4510 5436 7198 570 2435 3737 2633 2732 5169 6985 2667 5398 1404 5331 6566 5685 2939 2166 3039 4865 7173 5844 7329 4967 7497 740 5455 2372 5075 972 2001 2808 1681 7130 2853 2820 3565 2152 4891 664 2950 2680 425 3495 3538 2768 7250 3736 4579 4724 4793 5479 2533 6254 235 3088 5592 3563 7021 3224 2877 3458 3123 3832 3278 2793 3308 7194 2919 3206 3151 6342 6649 2897 7325 3228 6644 5781 1098 2147 2836 2479 3052 872 3682 0 5036 3883 3769 5045 2587 3464 2873 2961 2999 3486 2957 3968 2851 1026 2923 6592 2843 5263 7090 3895 2566 5511 479 3131 3488 3047 811 5602 462 6891 2689 3305 4991 633 3483 4619 2966 482 3061 258 1376 3159 2446 4868 2317 3655 2891 5376 4242 480 2465 2610 107 2429 2637 3309 3953 5656 6457 1796 2860 2502 5221 6303 5939 3802 2058 3105 3037 7277 2144 6645 952 873 2160 3466 4640 837 2148 5956 1948 632 6915 5955 2661 4094 6675 4221 3330 2268 5568 6986 7325 3448 3435 3305 2452 616 6146 1236 3191 5698 6566 2583 3513 442 5053 5175 2607 7173 2162 3484 4497 2915 4816 6491 2373 5400 7175 5792 6351 3407 7438 91 4983 7014 6929 2046 2773 2641 2888 3293 662 5416 545 3202
5128 4023 860 4247 885 3257 4711 4525 4710 5442 4074 847 2463 2636 5274 3478 4020 2700 2947 594 734 3727 4768 3820 3622 4668 4772 432 4171 3541 765 4185 364 3394 929 3345 3402 3581 251 4362 812 4705 1221 4638 4922 792 3263 1112 4134 3907 4227 4935 4369 4776 2355 3827 3129 529 4430 3718 2815 4663 4680 3351 3339 4277 3085 526 1766 655 1010 2675 3645 4826 2808 822 1943 4790 3410 4049 2738 2553 2010 3846 4222 2203 4036 2299 4260 2020 3712 3472 2919 4233 3237 4161 1070 4130 4113 2384 4132 3202 4248 2508 5036 0 5085 3557 721 3501 3877 3492 3819 2897 3575 3068 1068 3163 4011 4450 4026 2194 272 4381 3198 3133 526 4676 3820 3509 2252 5319 1122 4718 4116 2802 3432 315 4701 4722 419 2664 5473 2929 4863 5098 2666 2912 1107 3210 3990 2778 572 892 4721 3286 2968 5082 3974 4471 3310 2169 2214 3420 3338 3627 2616 853 4184 910 2230 3308 3465 5157 3786 2916 3652 5958 4168 2929 5127 1274 4871 3010 1141 3248 5190 4368 1283 2544 4752 3218 2632 2963 3640 1665 3554 3987 5140 3710 4373 4278 4421 1462 3942 2509 1499 3926 2671 4130 5371 508 702 3025 4528 2887 2499 1157 4143 1519 3957 3031 364 3927 1601 3799 2216 4380 5031 792 3999 4677 2997 3903 2722 2744 1796 4679 743 5247 2355
3553 8786 5264 9027 4786 2344 3389 3089 1026 3528 1323 4338 6096 5818 4078 3138 1444 5086 2297 4926 4939 8603 3321 1832 1478 1252 1151 4887 8792 1892 4869 2635 5148 8116 5098 1913 4770 1631 5097 8997 5637 9276 4140 9315 3154 4914 2427 4303 3968 2173 1249 2236 8981 1030 3282 1259 2877 4616 3947 1549 2695 3948 485 1735 2021 8981 6075 4585 3557 4473 4762 3103 8108 3711 5280 5067 3213 9166 5838 1317 5598 5098 5419 1287 1263 4986 8805 4502 953 4491 8194 8203 5167 8987 1902 8613 5100 3082 1898 3198 1579 2004 3323 5645 3883 5085 0 1548 4571 1990 1216 1804 1453 5260 1514 2193 4378 5318 3589 1039 8509 3927 5143 8968 6274 4985 5273 3470 1367 6124 4662 3282 4815 4083 8714 4803 1684 5273 3269 468 4834 5016 3876 5349 3644 2594 5239 4588 4162 4760 1098 2566 5006 4260 3439 5009 2560 3810 1723 1286 1807 5658 4011 8080 3140 1684 3305 4619 8437 5685 5558 2736 1716 936 8673 3423 8313 4524 3741 3311 468 3910 3051 3117 5307 3011 3367 8873 5152 4408 493 8051 6195 5637 2133 4343 8403 8827 495 1385 813 1529 3733 5272 3112 5137 4620 8437 4470 962 3751 4733 4691 2491 9096 3850 5445 3957 1223 3810 8415 4631 5342 8726 4650 8250 2952 9128 3965 4474 8701 9055 3523 1503 2871 4999 3730 3244 4909 3496 5003
3562 7362 3718 7601 3240 1446 3245 2920 1545 3687 1063 2845 4831 4624 4016 2443 1127 3988 1072 3445 3392 7149 3219 1339 74 1647 1678 3343 7404 1112 3322 2365 3604 6696 3553 884 3900 729 3585 7607 4090 7905 2594 7918 3167 3367 1557 2757 3465 1768 1184 2508 7597 1611 2065 349 1992 3076 3567 829 1574 3663 1212 310 1066 7574 4947 3068 2018 2934 3219 2006 6747 3547 4188 3520 1762 7843 4823 1021 4453 3962 4138 577 1192 3777 7380 3340 937 3259 6831 6782 4116 7567 651 7263 3560 2716 1670 1976 1392 841 2976 4444 3769 3557 1548 0 3024 1205 455 908 844 4192 284 1028 2935 4312 3093 1275 7150 2730 3602 7590 5142 4011 3726 3292 691 5089 3483 3453 3277 3792 7330 3757 484 3761 3147 1260 3331 3915 3952 4279 3511 2854 4117 3591 2615 3833 460 1359 3458 2762 3289 4075 1503 3733 1376 1484 533 4385 2574 6673 2375 909 2211 3072 7131 4138 4308 1942 676 1899 7216 2469 6910 4622 3289 2357 1692 2363 3064 2190 3767 2199 3453 7514 3620 3316 1198 6604 4951 4540 1513 2837 6954 7384 1713 372 984 1490 3390 3749 2648 3988 3104 7071 3411 652 3816 3189 3144 1453 7724 2886 4264 2416 1048 2266 7060 3665 3801 7293 3143 6894 1530 7711 3830 2927 7292 7730 2605 1043 1746 3919 2383 3117 3361 3574 3828
5082 4733 749 4955 370 2991 4664 4437 4312 5370 3678 875 3074 3178 5296 3414 3642 3087 2589 1098 412 4424 4706 3502 3093 4301 4392 342 4890 3198 360 4030 601 4110 647 2963 3672 3167 910 5079 1067 5425 512 5353 4827 417 3021 391 4212 3664 3834 4704 5088 4380 2241 3323 2989 254 4488 3314 2578 4707 4199 2858 2993 4991 3626 633 1097 270 461 2550 4366 4823 3226 568 1625 5510 3877 3648 3227 2955 2535 3386 3831 2605 4746 2568 3809 2294 4433 4187 3305 4944 2805 4882 735 4053 3828 2242 3792 2808 4209 3030 5045 721 4571 3024 0 3178 3389 3113 3409 3304 3085 2708 1240 3558 4026 4040 4748 2291 627 5101 3760 3465 703 4643 3383 4015 2567 5220 595 4780 4836 3119 2977 1031 4635 4243 852 3038 5450 3351 4847 4912 3089 3175 427 3491 3475 2481 436 842 4681 3611 2716 5077 3648 4102 2858 2729 1503 4139 3271 3243 2547 202 4899 1120 2763 3147 3044 4747 4481 2902 4371 5990 4205 2887 4663 661 4763 2923 917 3148 5112 5089 916 2780 4202 3925 3241 3438 3369 977 4256 4688 4679 3227 3909 3938 4444 1112 3873 2923 874 4648 2918 3636 5337 215 137 2762 5248 2979 2981 648 3735 836 4677 3297 818 4634 985 4520 1878 5090 5054 97 4714 5398 3011 3522 2527 3108 1758 4610 387 5184 2750
2416 6898 3926 7140 3488 354 2070 1749 1264 2586 683 2668 4126 3832 2840 1271 582 3097 597 3196 3587 6754 2055 324 1186 1180 1295 3429 6871 106 3529 1197 3665 6229 3803 355 2837 495 3444 7076 4198 7340 2894 7399 2039 3583 441 3042 2269 620 804 1586 7056 1323 1345 1082 903 3132 2363 480 754 2461 1505 953 209 7075 4086 2975 2459 2996 3510 1124 6172 2360 3291 3739 1569 7205 3864 679 3608 3109 3459 835 795 3006 6918 2517 1038 2524 6259 6317 3183 7093 646 6668 3854 1516 670 1271 633 491 1774 3661 2587 3501 1990 1205 3178 0 1012 297 555 3274 932 487 2600 3343 1893 1049 6569 1957 3633 7039 4285 3016 3823 2108 695 4146 2679 2370 3606 2589 6790 2818 726 3615 1980 1527 3166 3027 2812 3363 2331 1867 3249 2611 2850 2804 1224 725 3598 2612 2111 3053 601 2560 474 989 723 3693 3284 6179 1228 344 1321 3295 6472 4270 3586 793 528 1713 6827 1443 6409 3472 2087 1329 1823 2584 1943 1138 4057 1070 2337 6932 3974 2418 1923 6198 4217 3649 319 3356 6548 6962 1826 921 1179 777 2186 4141 1444 3149 3563 6503 2482 1174 2678 3279 3313 531 7162 1873 3459 2532 780 2636 6473 2662 3820 6850 3634 6309 1303 7232 2643 3089 6799 7095 1554 494 915 3010 1866 1950 3560 2449 3017
3227 7584 4101 7824 3628 1327 2939 2613 1090 3323 655 3122 4952 4707 3703 2282 745 4020 1123 3711 3770 7393 2903 1042 386 1199 1225 3696 7602 906 3702 2067 3954 6915 3944 790 3833 529 3883 7806 4455 8092 2984 8122 2823 3749 1432 3146 3262 1479 755 2103 7792 1156 2138 117 1894 3419 3329 544 1579 3401 810 531 947 7784 4999 3372 2425 3276 3615 2010 6927 3251 4218 3905 1998 8002 4823 614 4510 4012 4265 188 764 3863 7603 3398 482 3354 7013 7002 4127 7786 701 7437 3959 2456 1324 2050 1011 835 2717 4529 3464 3877 1216 455 3389 1012 0 736 507 4211 304 1036 3167 4305 2881 822 7329 2800 3945 7782 5196 3988 4086 2995 338 5099 3551 3084 3680 3533 7525 3763 477 4060 2834 854 3619 3948 3608 4300 3207 2459 4161 3574 2992 3788 212 1409 3825 3045 2985 4035 1469 3420 1035 1045 596 4509 3024 6882 2239 670 2219 3453 7280 4508 4418 1802 562 1449 7463 2415 7117 4281 3068 2300 1279 2732 2719 2117 4167 2077 3100 7694 4031 3339 983 6843 5061 4575 1279 3268 7194 7620 1296 169 540 1087 3138 4166 2415 4044 3528 7255 3420 253 3473 3541 3514 1407 7912 2845 4338 2762 619 2665 7237 3635 4143 7522 3572 7071 1739 7929 3531 3293 7503 7890 2538 692 1759 3942 2541 2804 3740 3225 3896
2688 7010 3856 7252 3404 591 2353 2030 1218 2842 584 2679 4292 4021 3124 1559 531 3309 548 3233 3517 6849 2333 492 889 1188 1284 3384 7001 206 3455 1475 3629 6341 3722 149 3097 208 3456 7206 4155 7479 2790 7527 2304 3508 696 2944 2565 884 735 1771 7189 1284 1479 796 1158 3090 2660 257 890 2756 1327 666 220 7197 4294 2969 2314 2951 3417 1306 6311 2648 3506 3665 1549 7363 4098 563 3810 3310 3615 572 730 3184 7031 2705 857 2687 6398 6429 3408 7209 397 6813 3763 1810 859 1396 700 308 2069 3846 2873 3492 1804 908 3113 297 736 0 357 3495 634 428 2652 3579 2190 964 6711 2123 3603 7174 4493 3258 3780 2395 449 4377 2863 2619 3504 2884 6922 3043 433 3630 2260 1357 3181 3238 3083 3584 2616 2079 3456 2846 2761 3054 948 778 3542 2614 2395 3302 760 2843 593 989 447 3854 3093 6298 1508 136 1512 3215 6633 4221 3754 1070 233 1667 6921 1683 6530 3747 2384 1568 1700 2493 2205 1383 3969 1342 2598 7075 3870 2628 1684 6294 4392 3864 607 3207 6645 7064 1707 630 994 842 2482 4029 1740 3347 3430 6641 2702 924 2948 3231 3246 693 7300 2114 3649 2465 662 2511 6616 2904 3796 6957 3495 6451 1276 7349 2931 3021 6919 7252 1803 412 1068 3227 1953 2229 3489 2714 3206
2734 7368 4147 7609 3686 903 2436 2110 902 2846 276 3016 4645 4367 3202 1803 293 3644 892 3578 3809 7205 2402 535 798 916 991 3691 7359 451 3745 1561 3941 6698 4005 487 3390 243 3792 7564 4462 7836 3059 7884 2333 3796 996 3217 2763 972 431 1671 7546 971 1834 604 1458 3401 2824 103 1244 2893 972 714 569 7555 4631 3298 2550 3260 3691 1651 6668 2746 3839 3953 1881 7717 4418 241 4151 3650 3969 319 431 3533 7388 3050 502 3040 6755 6786 3735 7567 609 7170 4038 1949 832 1753 551 617 2210 4193 2961 3819 1453 844 3409 555 507 357 0 3824 567 775 3001 3898 2381 633 7067 2474 3920 7532 4830 3571 4087 2491 170 4700 3210 2611 3771 3026 7279 3370 492 3967 2332 1001 3519 3573 3119 3913 2704 2012 3793 3165 3042 3359 710 1134 3842 2949 2482 3608 1108 2919 538 724 584 4207 3266 6655 1773 231 1854 3501 6987 4525 4106 1343 367 1341 7276 1997 6887 3791 2565 1883 1344 2774 2230 1693 4245 1621 2616 7432 4134 2963 1368 6650 4742 4197 784 3432 7001 7421 1352 482 640 661 2632 4285 1912 3688 3670 6998 3032 625 2983 3538 3541 1039 7657 2428 3994 2764 326 2765 6973 3217 4114 7314 3728 6808 1608 7707 3027 3316 7276 7607 2109 199 1419 3559 2309 2303 3780 2738 3552
3281 4174 3754 4404 3640 2922 2956 2971 4407 3632 3938 2460 1235 774 3153 2233 3821 231 3125 2307 3560 4200 3051 3442 4216 4239 4372 3229 4009 3375 3560 3007 3260 3567 3794 3422 836 3694 2655 4203 3641 4388 3536 4530 3300 3606 2834 3553 2053 3189 4030 3858 4164 4448 2135 4243 2384 3062 2344 3737 2637 2575 4774 3883 3275 4266 839 2675 3686 3044 3753 2203 3276 2878 104 3685 2717 4139 650 3942 459 350 1008 4064 4017 701 4199 895 4312 1093 3364 3649 107 4334 3561 3697 3929 2657 3489 2224 3737 3391 2584 696 2999 2897 5260 4192 3304 3274 4211 3495 3824 0 4010 3190 2087 268 2210 4265 3631 1490 3169 4129 1034 434 3422 2873 3943 898 803 3634 3886 2553 3917 457 3774 2697 3019 4794 2527 297 3480 89 2955 3801 238 694 3390 688 4414 2835 3427 2521 2935 553 2742 3089 3572 4100 3682 1029 4573 3458 2180 3598 1994 3506 3401 3744 883 2537 3650 4809 4279 1838 3649 3721 2235 1949 5042 3301 3312 2143 4030 2273 3450 3971 4140 877 5178 3684 1223 388 3142 4195 3989 4325 5039 4072 4452 3834 2469 4331 2504 388 4167 3596 793 4418 3433 3189 3388 2806 4224 1417 528 3086 4038 3602 3530 697 3216 4177 4279 3382 2815 4451 2950 3296 4023 4038 1748 3757 2458 273 2010 3014 3556 3439 554
3278 7302 3800 7542 3327 1195 2962 2637 1337 3405 803 2825 4704 4475 3733 2185 856 3811 888 3416 3468 7105 2936 1056 255 1414 1460 3392 7327 836 3400 2082 3650 6634 3643 630 3679 448 3583 7531 4151 7822 2684 7846 2883 3447 1305 2846 3199 1485 936 2238 7519 1405 1904 262 1753 3115 3293 546 1374 3385 1114 228 809 7506 4782 3071 2131 2972 3316 1809 6659 3265 4011 3603 1707 7741 4632 762 4290 3795 4014 341 942 3629 7321 3175 753 3114 6743 6720 3929 7505 451 7171 3661 2438 1388 1815 1118 621 2698 4296 3486 3575 1514 284 3085 932 304 634 567 4010 0 820 2879 4117 2824 1060 7061 2571 3641 7509 4978 3808 3782 3010 425 4903 3324 3172 3383 3514 7251 3567 238 3759 2864 1158 3320 3738 3668 4097 3228 2579 3947 3390 2689 3621 440 1179 3522 2747 3006 3865 1285 3450 1094 1240 332 4259 2764 6604 2125 626 2017 3150 7023 4205 4174 1689 408 1724 7174 2249 6840 4338 3018 2136 1580 2429 2781 1961 3869 1952 3170 7426 3736 3133 1243 6556 4818 4366 1235 2984 6907 7334 1597 144 833 1223 3113 3874 2374 3824 3239 6985 3222 555 3532 3237 3210 1229 7641 2673 4110 2458 802 2368 6969 3459 3839 7238 3286 6803 1453 7648 3547 2989 7225 7628 2380 766 1552 3738 2275 2834 3437 3291 3670
2826 6600 3455 6841 3011 493 2455 2147 1644 3023 1012 2252 3920 3671 3216 1466 952 2993 121 2806 3116 6432 2453 805 1039 1603 1704 2970 6600 491 3056 1611 3213 5930 3327 289 2873 563 3029 6805 3741 7083 2410 7123 2468 3109 596 2560 2509 1076 1162 2071 6788 1709 1103 1056 981 2675 2651 673 554 2781 1727 722 287 6791 3967 2544 1972 2537 3030 989 5916 2725 3192 3266 1125 6979 3812 991 3477 2980 3235 914 1156 2827 6620 2364 1263 2319 6002 6018 3109 6800 378 6421 3375 1862 1157 1016 1084 202 2107 3494 2957 3068 2193 1028 2708 487 1036 428 775 3190 820 0 2226 3297 2154 1392 6316 1765 3185 6775 4165 2990 3366 2481 827 4083 2516 2816 3123 2901 6521 2747 584 3203 2377 1760 2754 2920 3224 3278 2706 2344 3131 2571 2371 2807 1230 376 3133 2188 2492 3050 476 2942 944 1405 499 3478 2810 5890 1380 564 1197 2819 6253 3810 3385 965 481 2094 6503 1441 6123 3871 2358 1330 2119 2103 2377 1166 3579 1199 2768 6681 3491 2314 2018 5877 4026 3548 757 2869 6229 6649 2128 886 1395 1230 2496 3656 1752 3011 3076 6245 2402 1265 3092 2819 2843 431 6903 1860 3303 2061 1089 2149 6223 2642 3375 6544 3147 6057 852 6941 3005 2618 6512 6867 1578 835 732 2919 1540 2347 3088 2874 2862
4062 4427 1819 4666 1597 2313 3646 3467 3854 4378 3232 373 2106 2085 4207 2420 3158 1864 2110 606 1557 4226 3704 2904 2989 3780 3895 1247 4473 2658 1540 3152 1372 3760 1806 2515 2436 2780 917 4676 1877 4982 1453 4985 3864 1592 2300 1466 3073 2928 3376 3934 4668 3916 1339 3142 2103 1017 3366 2898 1865 3598 3933 2675 2468 4639 2516 645 1696 972 1700 1653 3834 3758 2017 1702 1176 4952 2689 3214 2071 1741 1458 3095 3369 1400 4445 1329 3481 1054 3915 3846 2080 4632 2476 4355 1927 3072 3160 1383 3229 2394 3182 1917 3968 1068 4378 2935 1240 2600 3167 2652 3001 2087 2879 2226 0 2334 2942 3613 4236 1129 1299 4664 2675 2226 1552 3609 3037 2856 1330 4261 1834 3655 4402 1879 2694 1067 3638 3970 655 1811 4405 2141 3795 4072 1884 1938 1305 2253 3317 1885 1459 435 3655 2371 2022 4014 3061 3588 2572 1691 2511 3739 2281 2788 1569 1442 4263 1973 1680 2289 2677 4305 4296 1852 3976 4893 3102 1870 4344 1247 3817 1964 2068 2203 4128 4598 2129 1547 4116 3676 2260 2263 2688 2108 4028 4455 4353 2998 3607 3370 3353 2326 2882 1716 2086 4152 1683 3418 4303 1165 1341 2087 4801 1825 1826 1030 3313 1559 4150 2060 1432 4360 2197 3984 1427 4776 3964 1219 4357 4838 1929 3049 1743 1878 767 3617 1545 4183 1537
3153 4321 4018 4547 3898 2996 2851 2894 4436 3503 3995 2707 1425 955 2989 2236 3874 471 3240 2572 3821 4371 2948 3490 4332 4259 4392 3490 4134 3447 3820 2979 3525 3731 4056 3515 698 3782 2921 4324 3909 4491 3777 4648 3204 3866 2902 3799 1931 3210 4078 3816 4282 4473 2275 4343 2443 3318 2208 3815 2743 2430 4834 4002 3361 4398 896 2931 3906 3296 4009 2309 3403 2747 367 3947 2901 4214 521 4002 645 610 1269 4150 4064 962 4346 1089 4377 1315 3490 3811 254 4474 3672 3803 4190 2604 3509 2362 3773 3496 2506 914 2851 3163 5318 4312 3558 3343 4305 3579 3898 268 4117 3297 2334 0 2128 4308 3745 1655 3434 4243 1073 343 3688 2764 4024 806 1023 3521 4143 2397 4041 562 3880 2965 2922 4851 2789 523 3329 266 2827 3734 506 733 3632 602 4511 2953 3690 2765 2826 392 2838 2945 3612 4129 3793 1271 4804 3614 2200 3675 2102 3760 3483 4012 1129 2583 3746 4825 4450 1901 3797 3532 2130 2015 5079 3534 3224 2206 4294 2311 3334 4075 4401 1014 5261 3866 1387 480 3189 4439 4162 4484 5075 4172 4516 3863 2350 4593 2463 655 4418 3717 904 4503 3290 3447 3644 2898 4331 1470 773 3320 4095 3831 3644 689 3484 4332 4529 3501 2981 4586 2796 3547 4164 4117 1795 3818 2567 464 2205 2919 3816 3313 812
1158 6358 4717 6592 4393 1670 773 765 2591 1502 2350 3221 3397 2966 1271 708 2225 2152 2180 3490 4413 6344 859 1855 3078 2379 2504 4144 6214 1992 4377 973 4304 5730 4663 2213 1440 2386 3843 6409 4819 6598 3968 6736 1096 4434 1562 4070 384 1440 2371 1724 6372 2609 1818 2964 1229 3868 507 2338 1771 691 3136 2821 2031 6465 3020 3553 3764 3771 4464 1551 5480 817 2282 4569 2586 6340 2589 2375 2660 2255 2918 2695 2356 2383 6382 1950 2749 2162 5569 5815 2103 6526 2482 5907 4761 529 1694 1843 2026 2292 377 2847 1026 4011 3589 3093 4026 1893 2881 2190 2381 2210 2824 2154 2942 2128 0 2554 5840 1820 4237 6338 3201 1799 4484 708 2546 2877 2093 1454 4589 785 6122 1825 2610 3971 818 3137 3595 2107 1469 2286 862 1607 2324 1566 3864 1533 3089 2004 4351 3218 765 1741 1736 1072 1913 2305 2583 3069 4710 5633 831 2219 1494 4205 5605 4913 2922 1191 2418 2902 6423 1124 5835 1964 205 1150 3249 3644 1103 1168 4934 1006 1282 6180 4938 1702 3681 5807 3415 2580 1603 4584 6132 6492 3237 2809 2874 2060 418 5131 479 2321 4700 5803 1647 2994 1377 4029 4155 1751 6434 1150 2636 3492 2442 3836 5739 1524 4374 6350 4797 5590 2457 6647 1029 3966 6216 6241 1020 2224 1697 2041 2271 809 4395 1301 2296
2627 7945 4775 8187 4312 1393 2411 2098 280 2662 381 3642 5167 4859 3138 2106 467 4102 1511 4197 4438 7796 2354 823 1208 387 403 4324 7920 970 4373 1612 4574 7276 4631 1107 3742 874 4419 8125 5094 8388 3681 8448 2219 4424 1459 3840 2935 1135 244 1378 8104 349 2393 936 1885 4034 2929 731 1799 2946 585 1265 1147 8124 5091 3928 3158 3893 4314 2169 7220 2734 4291 4581 2509 8248 4827 401 4623 4126 4505 719 255 4043 7965 3548 360 3569 7307 7364 4169 8141 1236 7714 4661 2055 860 2317 543 1247 2302 4691 2923 4450 1039 1275 4040 1049 822 964 633 4265 1060 1392 3613 4308 2554 0 7616 3002 4552 8087 5289 3972 4720 2485 671 5115 3713 2415 4391 3081 7838 3808 1084 4593 2294 584 4144 4033 2982 4354 2674 1747 4260 3584 3668 3740 915 1730 4473 3576 2460 3988 1649 2860 696 289 1193 4737 3824 7227 2116 828 2360 4128 7513 5156 4626 1728 996 709 7869 2429 7457 3650 2711 2319 781 3401 2113 2126 4868 1997 2466 7979 4751 3431 1171 7240 5254 4647 1123 4028 7591 8006 781 924 404 495 2718 4898 2076 4170 4275 7551 3482 710 2850 4170 4171 1579 8210 2849 4485 3396 307 3380 7520 3620 4747 7896 4328 7356 2236 8280 3000 3946 7847 8138 2518 567 1963 4010 2901 2267 4409 2595 4046
6898 801 4573 940 4852 6224 6586 6599 7810 7248 7250 4415 2484 2880 6715 5776 7150 3699 6215 3829 4664 1176 6682 6813 7198 7678 7807 4439 426 6654 4720 6586 4242 810 4746 6596 4441 6877 3859 588 4144 773 5239 905 6932 4724 6164 5138 5674 6659 7372 7448 539 7862 5233 7321 5780 4537 5953 6967 5827 6173 8037 6872 6499 716 2856 4320 5735 4638 4969 5448 403 6492 3559 4671 5393 771 3386 7242 3181 3617 3114 7227 7361 3604 825 4107 7568 4050 321 786 3739 847 6628 142 4869 6271 6949 5315 7135 6508 6213 3016 6592 4026 8509 7150 4748 6569 7329 6711 7067 3631 7061 6316 4236 3745 5840 7616 0 4616 4175 498 2702 4053 4269 6502 7142 3151 3939 7262 5048 6134 334 4029 6853 3719 6651 8067 4023 3752 7065 3558 6572 7421 3526 4289 5113 4315 7500 5942 4499 4507 6564 4136 5971 6687 6961 7511 6737 2891 6230 690 5694 6838 5262 4868 520 4201 3014 5963 6795 8245 1224 5273 542 7203 5865 5367 8391 5227 6943 5550 4804 5739 7076 365 5035 4280 8304 1156 2436 3272 6532 5664 1091 1069 8394 7165 7704 7256 6092 5136 6106 3558 5449 112 4276 7572 7032 4534 4719 6042 599 4916 3231 5052 7344 5511 101 4319 4036 909 5535 260 5621 912 6533 4815 602 664 5231 7060 5657 3809 4788 6645 4685 7058 3635
2956 4977 2935 5218 2660 1609 2544 2394 3195 3282 2640 1438 2171 1906 3079 1363 2536 1272 1683 1671 2651 4869 2609 2197 2760 3068 3196 2359 4928 2046 2624 2156 2500 4313 2903 2025 1481 2307 2023 5132 3005 5388 2349 5457 2789 2679 1549 2416 1945 2080 2758 2995 5109 3247 667 2817 1191 2102 2237 2378 1233 2469 3446 2424 1906 5140 2217 1758 2340 2024 2747 833 4221 2637 1472 2803 1255 5248 2138 2635 1723 1234 1503 2672 2747 1063 4998 611 2976 567 4309 4401 1428 5167 2120 4713 3014 2000 2357 756 2522 1966 2082 1729 2843 2194 3927 2730 2291 1957 2800 2123 2474 1490 2571 1765 1129 1655 1820 3002 4616 0 2428 5090 2412 1414 2680 2501 2568 2386 754 3183 2879 2527 4844 1096 2341 2153 2548 3473 1777 1200 3287 1573 2678 3074 1391 1019 2220 1332 2993 1393 2570 1452 2550 1525 1367 2892 2347 2898 2239 1736 3281 4251 1236 2243 649 2484 4515 3101 1631 1383 2243 3632 4944 779 4477 3764 1974 833 3779 2054 2752 984 3170 1209 3039 4978 3205 646 3782 4313 2268 1817 1921 3010 4658 5060 3782 2649 3114 2646 2228 3402 1809 1258 3061 4552 775 3026 3190 2259 2410 1437 5211 698 1539 1861 2736 2317 4519 1131 2558 4938 3167 4356 1327 5303 2837 2246 4868 5138 825 2450 1056 1218 602 2528 2636 3084 1100
5343 4124 588 4343 681 3407 4925 4729 4817 5652 4181 1032 2716 2901 5503 3685 4134 2971 3063 864 505 3805 4979 3955 3669 4787 4887 285 4297 3666 551 4371 93 3512 670 3455 3666 3679 520 4483 589 4834 1138 4750 5125 565 3420 1004 4372 4067 4335 5101 4495 4884 2542 3887 3315 526 4665 3821 2971 4896 4753 3414 3462 4387 3350 695 1721 669 802 2862 3802 5050 3079 567 2064 4943 3680 4154 3009 2825 2279 3926 4332 2475 4136 2560 4345 2280 3866 3587 3191 4335 3326 4312 812 4336 4260 2564 4260 3307 4463 2776 5263 272 5143 3602 627 3633 3945 3603 3920 3169 3641 3185 1299 3434 4237 4552 4175 2428 0 4510 3460 3401 259 4893 3909 3777 2518 5522 900 4954 4247 3069 3513 541 4911 4796 671 2935 5693 3200 5084 5278 2938 3174 1049 3475 4045 2914 335 1058 4937 3554 3120 5306 4107 4589 3391 2433 2056 3550 3543 3737 2817 701 4358 679 2498 3489 3560 5261 3860 3132 3778 6191 4399 3138 5208 1260 5071 3209 871 3445 5398 4510 1022 2802 4790 3314 2885 3234 3790 1489 3641 4072 5222 3779 4452 4406 4649 1196 4149 2781 1292 4073 2930 4195 5589 425 559 3174 4659 3124 2770 1186 4246 1461 4110 3294 200 4021 1388 3956 2334 4480 5261 716 4112 4832 3219 4015 2890 3014 1996 4888 520 5459 2626
7397 604 4870 609 5179 6696 7084 7096 8285 7746 7719 4823 2974 3376 7212 6266 7621 4195 6672 4228 4987 1074 7180 7288 7640 8156 8285 4782 219 7122 5046 7078 4571 1008 5049 7057 4939 7338 4229 140 4426 324 5601 411 7430 5046 6639 5491 6173 7142 7843 7941 70 8338 5700 7771 6261 4901 6451 7431 6294 6671 8499 7317 6965 355 3354 4707 6116 5009 5292 5922 872 6990 4056 4982 5830 646 3882 7710 3678 4111 3591 7684 7833 4090 616 4591 8031 4527 783 945 4236 520 7081 460 5167 6766 7431 5780 7612 6966 6710 3509 7090 4381 8968 7590 5101 7039 7782 7174 7532 4129 7509 6775 4664 4243 6338 8087 498 5090 4510 0 3199 4551 4582 7000 7602 3643 4423 7760 5362 6632 265 4524 7305 4081 7149 8530 4410 4247 7563 4056 7070 7916 4022 4785 5480 4814 7949 6403 4825 4915 7062 4634 6440 7185 7437 7988 7188 3373 6564 961 6182 7303 5738 5209 895 4474 3500 6445 7253 8722 1091 5758 733 7696 6363 5851 8860 5608 7440 6032 5086 6224 7575 232 5321 4769 8753 1287 2930 3770 7009 5991 1083 863 8864 7617 8167 7734 6591 5409 6601 4051 5764 541 4768 8026 7530 4886 5062 6510 151 5405 3724 5442 7812 5884 600 4816 4358 751 5845 749 6064 512 7030 5173 473 593 5719 7529 6126 4305 5242 7143 5010 7556 4124
4212 3328 4040 3544 4046 3931 3920 3966 5437 4559 4956 3017 797 590 4014 3266 4840 1188 4090 2669 3924 3435 4018 4466 5172 5272 5405 3598 3104 4384 3943 4034 3552 2784 4127 4410 1768 4687 2948 3287 3813 3434 4097 3607 4275 3978 3847 4076 2997 4222 5052 4880 3241 5479 3078 5220 3405 3507 3265 4740 3618 3479 5789 4836 4273 3377 199 3139 4366 3529 4169 3189 2381 3804 998 4021 3551 3143 689 4959 689 1184 1231 5057 5039 1385 3354 1804 5323 1902 2467 2858 1136 3466 4528 2750 4269 3671 4522 3167 4765 4367 3578 759 3895 3198 6274 5142 3760 4285 5196 4493 4830 1034 4978 4165 2675 1073 3201 5289 2702 2412 3460 3199 0 1406 3686 3832 4942 507 1660 4587 4294 3435 3009 1487 4746 2928 3994 5810 2914 1258 4366 947 3886 4805 1037 1728 3947 1671 5395 3799 3768 3097 3894 1463 3734 3992 4598 5130 4647 1033 5172 2650 3214 4601 2981 3951 2414 3911 1003 3564 4635 5842 3512 2860 2810 4509 3201 2970 6068 3920 4296 3164 4324 3303 4399 3021 4481 1867 6172 2971 649 647 4167 4719 3233 3515 6066 5051 5463 4865 3416 4656 3525 1155 4632 2683 1807 5412 4336 3600 3813 3800 3279 2446 894 3704 5056 4233 2601 1722 3447 3355 4741 2467 3693 3569 3834 3777 3159 3046 2778 4773 3438 1280 2838 3991 3928 4373 1316
2851 4605 3976 4835 3816 2672 2534 2563 4095 3202 3662 2597 1668 1208 2720 1894 3541 488 2939 2539 3755 4634 2630 3155 4028 3917 4050 3430 4435 3120 3748 2636 3489 4000 3997 3200 402 3462 2900 4627 3906 4805 3641 4953 2882 3797 2576 3677 1624 2869 3742 3476 4588 4132 1999 4029 2114 3234 1912 3490 2438 2142 4501 3701 3042 4694 1222 2849 3722 3198 3923 2005 3702 2447 526 3890 2669 4541 856 3670 892 642 1378 3830 3729 954 4630 912 4047 1174 3790 4083 334 4764 3367 4115 4127 2266 3168 2084 3435 3187 2175 1125 2566 3133 4985 4011 3465 3016 3988 3258 3571 434 3808 2990 2226 343 1799 3972 4053 1414 3401 4551 1406 0 3659 2449 3701 1145 898 3209 4057 2120 4342 348 3570 2963 2601 4517 2739 494 3047 497 2525 3400 620 421 3499 265 4195 2655 3635 2646 2511 155 2525 2656 3275 3789 3488 1438 4641 3891 1860 3351 1801 3667 3806 4010 1287 2249 3431 4483 4713 1575 4081 3293 1812 1690 4741 3380 2898 1879 4245 1976 3024 4388 4335 769 4937 4117 1656 783 2854 4307 4423 4759 4736 3858 4186 3523 2041 4530 2122 707 4308 4020 640 4181 3001 3372 3560 2584 4643 1144 942 3170 3763 3667 3951 354 3469 4610 4419 3806 2725 4880 2516 3445 4454 4442 1464 3487 2265 406 1993 2597 3748 3010 805
5585 4170 357 4382 612 3610 5167 4965 4988 5890 4353 1269 2930 3135 5753 3923 4311 3226 3246 1120 416 3830 5218 4147 3795 4967 5063 396 4367 3852 483 4596 180 3577 487 3631 3925 3845 767 4548 375 4904 1184 4804 5360 471 3629 1032 4626 4276 4508 5313 4563 5056 2772 4023 3542 692 4917 3990 3181 5147 4896 3555 3647 4441 3582 934 1785 829 714 3091 3905 5297 3331 403 2255 5039 3925 4324 3252 3079 2519 4077 4505 2729 4181 2819 4500 2540 3965 3648 3445 4380 3487 4408 623 4573 4460 2789 4447 3479 4705 3014 5511 526 5273 3726 703 3823 4086 3780 4087 3422 3782 3366 1552 3688 4484 4720 4269 2680 259 4582 3686 3659 0 5137 4068 4015 2776 5757 780 5207 4321 3327 3666 758 5150 4940 930 3190 5938 3452 5329 5498 3190 3433 1124 3734 4176 3111 281 1287 5179 3812 3327 5552 4297 4768 3546 2665 1993 3626 3781 3912 3053 703 4478 449 2735 3713 3724 5428 3881 3375 3850 6441 4649 3379 5357 1364 5304 3444 640 3678 5636 4595 821 3061 4905 3358 3099 3478 3993 1415 3675 4101 5372 3923 4602 4594 4898 979 4387 3033 1182 4164 3189 4334 5832 549 594 3379 4732 3377 3015 1327 4414 1520 4208 3553 251 4061 1266 4058 2520 4524 5510 800 4171 4930 3465 4191 3107 3270 2234 5127 443 5698 2881
456 7040 5352 7272 5005 1992 99 388 2444 794 2382 3868 4081 3640 735 1231 2268 2835 2537 4172 5040 7038 199 1961 3262 2218 2325 4784 6882 2189 4999 930 4958 6419 5287 2460 2066 2563 4519 7076 5479 7253 4539 7402 462 5056 1898 4654 836 1526 2356 1333 7036 2443 2405 3095 1704 4501 611 2476 2222 502 3064 3060 2289 7139 3659 4203 4274 4396 5068 2106 6149 256 2952 5197 3126 6975 3189 2415 3329 2946 3621 2809 2341 3087 7065 2658 2754 2867 6237 6503 2767 7204 2749 6563 5378 630 1685 2413 2021 2574 434 3530 479 4676 3470 3292 4643 2108 2995 2395 2491 2873 3010 2481 3609 2764 708 2485 6502 2501 4893 7000 3832 2449 5137 0 2660 3468 2800 761 5189 630 6790 2512 2827 4653 214 3055 4264 2795 807 2944 225 1094 3004 2256 4446 2187 3189 2427 4988 3857 63 2372 2145 463 1962 2204 2831 3767 5198 6318 1373 2384 2096 4814 6245 5572 3618 1597 2627 2662 7117 1762 6516 1402 638 1761 3071 4212 519 1724 5558 1511 580 6836 5546 2409 3655 6504 4091 3231 1790 5128 6825 7180 3054 2962 2858 2004 420 5736 784 3013 5268 6469 2351 3052 696 4662 4775 2139 7091 1850 3322 4077 2458 4376 6400 2203 5039 7036 5360 6254 2957 7323 538 4577 6894 6878 1681 2304 2194 2724 2906 233 5019 593 2997
2901 7426 4113 7668 3648 1030 2606 2279 950 3008 378 3031 4734 4468 3371 1958 436 3758 935 3604 3777 7254 2571 704 640 1001 1059 3674 7427 589 3711 1731 3927 6757 3966 546 3531 265 3804 7632 4442 7909 3013 7951 2499 3761 1129 3173 2928 1141 516 1817 7615 1019 1917 435 1593 3387 2992 216 1335 3063 900 604 669 7618 4743 3303 2487 3245 3646 1755 6742 2916 3955 3918 1895 7800 4544 336 4259 3759 4054 150 521 3630 7446 3153 445 3130 6828 6844 3855 7626 583 7246 3993 2118 997 1832 703 644 2379 4293 3131 3820 1367 691 3383 695 338 449 170 3943 425 827 3037 4024 2546 671 7142 2568 3909 7602 4942 3701 4068 2660 0 4824 3311 2772 3722 3195 7348 3491 413 3980 2501 934 3533 3687 3285 4032 2873 2164 3905 3292 3004 3494 544 1199 3818 2960 2651 3742 1209 3088 705 820 526 4294 3169 6717 1922 352 1961 3465 7073 4501 4197 1488 360 1369 7324 2126 6950 3957 2731 2011 1312 2738 2395 1823 4201 1765 2780 7507 4081 3077 1237 6700 4836 4313 945 3359 7052 7473 1324 322 570 800 2801 4228 2078 3795 3604 7071 3150 480 3149 3519 3512 1142 7729 2557 4097 2742 386 2710 7048 3347 4105 7370 3658 6883 1624 7767 3197 3288 7339 7689 2242 362 1513 3676 2367 2472 3747 2903 3654
3825 3807 4364 4018 4324 3797 3560 3638 5241 4165 4800 3218 1243 891 3589 3038 4680 1114 4021 2948 4218 3931 3660 4296 5112 5062 5195 3887 3562 4249 4229 3764 3870 3280 4434 4309 1442 4578 3258 3739 4175 3862 4306 4054 3922 4269 3705 4303 2633 4014 4884 4588 3690 5278 3034 5134 3248 3764 2881 4615 3529 3083 5639 4780 4159 3841 479 3383 4515 3769 4444 3094 2851 3417 916 4326 3598 3534 292 4807 788 1176 1499 4948 4871 1473 3833 1783 5181 1949 2934 3352 974 3937 4456 3188 4574 3373 4313 3122 4580 4284 3253 1001 3488 3509 6124 5089 4015 4146 5099 4377 4700 898 4903 4083 2856 806 2877 5115 3151 2386 3777 3643 507 1145 4015 3468 4824 0 1671 4212 4573 3027 3467 1337 4667 3260 3643 5657 3187 1186 3950 813 3502 4483 1017 1536 4157 1392 5304 3731 4070 3290 3531 1153 3630 3589 4419 4934 4577 1360 5367 3142 3006 4476 2886 4212 2823 4276 1280 3389 4539 5627 4008 2704 3293 4053 2851 2818 5886 4099 3952 3009 4648 3118 4021 3455 4788 1774 6060 3475 1118 599 3995 4950 3732 4002 5881 4963 5321 4668 3048 4970 3243 1176 4889 3141 1682 5301 3930 3872 4081 3692 3714 2274 1036 3881 4901 4407 3052 1496 3786 3841 5000 2926 3707 4035 3422 4021 3633 3444 2601 4623 3352 1172 2886 3643 4218 3986 1359
3247 4360 3087 4599 2918 2326 2865 2791 3889 3593 3361 1702 1461 1158 3250 1860 3252 573 2436 1661 2859 4298 2947 2896 3513 3747 3877 2535 4273 2773 2851 2679 2604 3709 3102 2771 1152 3051 2028 4475 3041 4711 2759 4803 3166 2900 2254 2787 2079 2721 3470 3542 4447 3938 1420 3570 1847 2336 2390 3116 1977 2633 4179 3177 2644 4501 1466 1951 2885 2301 3025 1559 3552 2876 759 2995 1928 4541 1447 3359 972 496 853 3418 3459 334 4383 168 3709 291 3641 3796 772 4542 2873 4028 3231 2422 3012 1510 3212 2718 2428 983 3047 2252 4662 3483 2567 2679 3551 2863 3210 803 3324 2516 1330 1023 2093 3713 3939 754 2518 4423 1660 898 2776 2800 3311 1671 0 3541 3159 2653 4186 555 3093 2107 2898 4204 1851 508 3522 875 2936 3561 656 673 2615 959 3745 2146 2741 1754 2857 1046 2104 3118 3039 3586 2992 1051 3781 3630 1765 2979 1358 2769 3804 3144 925 2027 2992 4316 4376 1335 3847 3894 2190 1428 4494 2511 3152 1613 3353 1801 3374 4297 3439 391 4531 3751 1541 1084 2607 3423 4086 4467 4495 3401 3849 3327 2448 3633 2241 509 3415 3883 469 3773 3447 2474 2663 2172 4537 1006 787 2298 3459 2807 3840 787 2598 4335 3526 3680 2046 4672 3019 2549 4236 4433 1301 3173 1798 559 1215 2885 2851 3393 346
414 7801 5948 8033 5573 2363 683 794 2290 248 2431 4490 4842 4402 891 1841 2340 3595 2898 4841 5625 7796 595 2134 3408 2072 2146 5390 7643 2424 5580 1222 5580 7178 5867 2720 2824 2746 5177 7837 6110 8012 5062 8163 397 5636 2292 5189 1590 1750 2357 1051 7797 2269 2988 3195 2231 5099 1332 2626 2689 1148 2949 3272 2574 7900 4417 4827 4732 4985 5625 2672 6910 804 3713 5783 3640 7729 3937 2470 4091 3704 4371 2908 2345 3836 7825 3394 2742 3589 6998 7263 3528 7965 3009 7323 5948 1189 1784 2979 2073 2860 1116 4290 811 5319 3282 3453 5220 2370 3084 2619 2611 3634 3172 2816 4261 3521 1454 2415 7262 3183 5522 7760 4587 3209 5757 761 2772 4212 3541 0 5740 1235 7551 3271 3032 5320 644 2928 4914 3554 603 3705 715 687 3765 3014 4983 2948 3250 2856 5589 4470 699 3129 2580 705 2078 2127 3066 4522 5617 7079 1981 2569 2705 5379 7001 6199 4374 2081 2837 2382 7874 2415 7277 1244 1399 2391 2837 4735 458 2313 6136 2079 192 7595 6104 3150 3560 7260 4852 3990 2064 5613 7583 7940 2815 3092 2817 2004 1171 6288 1380 3771 5779 7229 3100 3078 492 5260 5355 2555 7851 2567 4082 4622 2483 4864 7161 2964 5678 7797 5865 7015 3436 8084 900 5147 7655 7633 2358 2412 2704 3484 3526 659 5603 270 3750
5622 4945 535 5155 249 3456 5205 4966 4668 5900 4046 1470 3578 3720 5856 3958 4025 3672 3008 1628 395 4596 5243 3927 3350 4681 4762 700 5146 3613 357 4535 819 4357 339 3356 4267 3529 1362 5327 1000 5684 714 5581 5350 334 3498 564 4788 4130 4201 5166 5343 4737 2785 3601 3511 825 5059 3682 3066 5274 4482 3158 3410 5218 4169 1212 1259 865 134 3085 4682 5377 3806 383 2106 5818 4447 4012 3789 3537 3081 3704 4201 3186 4955 3163 4129 2888 4742 4427 3891 5154 3162 5186 289 4588 4270 2777 4199 3196 4756 3579 5602 1122 4815 3277 595 3606 3680 3504 3771 3886 3383 3123 1834 4143 4589 4391 5048 2879 900 5362 4294 4057 780 5189 3722 4573 3159 5740 0 5351 5101 3712 3309 1429 5170 4529 1386 3625 5996 3930 5397 5396 3667 3770 762 4086 3737 2941 564 1436 5224 4204 3194 5630 4067 4484 3198 3261 1228 4406 3816 3627 3100 396 5248 997 3307 3659 3404 5090 4644 3465 4630 6551 4772 3443 4958 1024 5282 3465 492 3684 5640 5375 369 3375 4409 4133 3747 4004 3825 651 4446 4869 4976 3527 4216 4343 5007 548 4412 3502 402 4943 3513 3916 5880 702 498 3234 5512 3563 3544 1118 4092 1015 4986 3892 1014 4833 491 4835 2335 5298 5615 633 4949 5708 3579 3904 3036 3696 2332 5144 381 5718 3332
824 6718 5454 6944 5149 2410 723 995 3058 1147 2946 3955 3787 3327 604 1488 2827 2562 2937 4174 5159 6754 813 2491 3769 2833 2944 4879 6528 2680 5127 1482 5026 6119 5410 2928 1718 3068 4535 6716 5529 6869 4742 7039 1057 5183 2305 4841 586 2055 2936 1962 6672 3061 2595 3626 2008 4611 292 2998 2549 135 3665 3537 2749 6795 3278 4281 4549 4521 5224 2335 5798 444 2644 5314 3370 6559 2763 2977 3010 2693 3413 3345 2921 2897 6743 2535 3331 2781 5886 6201 2452 6871 3208 6185 5513 1078 2253 2624 2594 3022 817 3241 462 4718 4083 3792 4780 2589 3533 2884 3026 2553 3514 2901 3655 2397 785 3081 6134 2527 4954 6632 3435 2120 5207 630 3195 3027 2653 1235 5351 0 6435 2262 3314 4652 843 3658 4299 2536 932 2612 534 1707 2721 2028 4634 1876 3734 2778 5089 3959 675 2013 2505 564 2515 2806 3302 3524 5496 6007 1615 2893 2269 4963 5842 5627 3372 1952 3117 3289 6832 1890 6193 1248 587 1927 3692 4420 1133 1953 5680 1787 1045 6456 5695 2274 4246 6235 3773 2877 2279 5364 6543 6876 3676 3482 3442 2593 405 5889 1152 2762 5474 6109 2185 3613 903 4771 4907 2514 6714 1831 3047 4262 3029 4618 6033 1947 5082 6726 5573 5894 3242 6983 399 4724 6561 6468 1772 2850 2481 2455 3022 863 5142 982 2784
7192 498 4611 609 4917 6448 6873 6877 8038 7542 7469 4559 2744 3156 7019 6034 7371 3974 6417 3963 4725 928 6968 7041 7380 7912 8040 4518 95 6872 4784 6848 4309 754 4790 6804 4734 7084 3964 290 4170 590 5336 618 7215 4784 6392 5227 5966 6902 7594 7712 267 8091 5449 7513 6019 4636 6248 7178 6043 6471 8246 7058 6713 383 3157 4441 5850 4744 5030 5674 642 6786 3841 4721 5569 818 3696 7460 3462 3885 3349 7429 7584 3853 519 4353 7778 4282 553 697 4024 515 6824 376 4908 6543 7189 5528 7366 6710 6492 3285 6891 4116 8714 7330 4836 6790 7525 6922 7279 3917 7251 6521 4402 4041 6122 7838 334 4844 4247 265 3009 4342 4321 6790 7348 3467 4186 7551 5101 6435 0 4303 7048 3816 6935 8277 4145 4024 7366 3846 6865 7693 3801 4564 5215 4603 7691 6149 4563 4650 6852 4430 6190 6985 7191 7742 6931 3135 6301 697 5948 7051 5493 4945 831 4219 3264 6204 6998 8477 963 5520 473 7516 6152 5611 8610 5343 7224 5792 4830 5986 7366 326 5064 4536 8495 1053 2708 3565 6765 5729 893 773 8614 7360 7913 7489 6383 5155 6375 3824 5503 327 4539 7770 7331 4621 4798 6260 412 5173 3499 5176 7562 5619 424 4598 4096 627 5585 542 5804 579 6834 4908 311 737 5484 7279 5876 4084 4986 6929 4748 7351 3892
2938 4533 3640 4768 3471 2467 2589 2574 3951 3289 3482 2250 1572 1149 2866 1786 3364 330 2687 2209 3414 4527 2680 2985 3778 3785 3918 3089 4394 2920 3405 2573 3156 3907 3657 2973 625 3243 2573 4592 3584 4793 3294 4920 2920 3455 2378 3329 1721 2736 3573 3430 4556 3993 1714 3798 1927 2889 2025 3284 2193 2264 4318 3447 2824 4643 1290 2505 3382 2852 3577 1758 3661 2545 492 3550 2348 4564 1066 3486 857 436 1154 3613 3560 666 4558 565 3856 827 3751 3992 365 4702 3121 4102 3786 2242 3035 1801 3281 2947 2191 1022 2689 2802 4803 3757 3119 2818 3763 3043 3370 457 3567 2747 1879 562 1825 3808 4029 1096 3069 4524 1487 348 3327 2512 3491 1337 555 3271 3712 2262 4303 0 3331 2644 2642 4337 2403 283 3171 546 2615 3392 503 260 3152 430 3967 2398 3296 2299 2573 492 2294 2770 3115 3644 3242 1265 4297 3809 1728 3144 1550 3321 3824 3686 1114 2080 3202 4355 4606 1381 4010 3476 1876 1493 4585 3034 2924 1686 3907 1817 3092 4375 3993 453 4727 3996 1595 841 2685 3960 4314 4669 4582 3626 3996 3379 2123 4188 2080 504 3961 3987 346 3967 3111 3029 3216 2356 4625 960 812 2824 3582 3323 3928 315 3143 4526 4072 3775 2420 4824 2648 3098 4392 4461 1292 3301 2016 220 1661 2634 3406 3092 533
3115 7108 3704 7348 3237 965 2784 2461 1363 3259 763 2661 4483 4246 3556 1960 781 3576 657 3245 3369 6920 2763 898 476 1402 1467 3273 7125 639 3302 1906 3528 6439 3555 401 3441 289 3427 7329 4038 7616 2601 7645 2726 3352 1076 2761 2982 1311 914 2138 7316 1432 1675 477 1518 2989 3086 431 1138 3187 1251 241 583 7308 4549 2921 2074 2846 3234 1572 6451 3080 3776 3509 1530 7527 4395 725 4058 3562 3794 414 916 3401 7127 2943 833 2888 6536 6526 3693 7310 225 6961 3581 2241 1252 1586 1023 383 2500 4068 3305 3432 1684 484 2977 726 477 433 492 3774 238 584 2694 3880 2610 1084 6853 2341 3513 7305 4746 3570 3666 2827 413 4667 3093 3032 3309 3314 7048 3331 0 3604 2690 1292 3160 3504 3508 3862 3048 2465 3713 3152 2594 3383 655 948 3412 2586 2827 3627 1047 3274 965 1213 123 4038 2774 6406 1895 463 1781 3055 6807 4097 3950 1461 200 1780 6989 2011 6641 4175 2807 1898 1696 2329 2626 1725 3789 1721 3019 7218 3668 2898 1454 6369 4594 4131 1040 2949 6720 7145 1710 313 940 1145 2911 3815 2168 3592 3192 6778 2985 725 3373 3118 3105 992 7435 2435 3880 2339 792 2297 6761 3221 3710 7046 3247 6595 1267 7452 3364 2882 7027 7415 2143 672 1316 3502 2065 2660 3339 3136 3440
5108 3737 1113 3964 1196 3350 4694 4526 4846 5430 4214 951 2177 2377 5222 3480 4152 2512 3082 481 1037 3456 4756 3928 3823 4791 4900 746 3872 3663 1073 4219 632 3100 1211 3486 3257 3733 177 4065 945 4405 1521 4346 4923 1096 3346 1420 4067 3983 4364 4996 4071 4911 2402 4016 3169 820 4369 3865 2903 4606 4855 3539 3465 3986 2824 693 2045 931 1321 2718 3336 4789 2603 1108 2087 4481 3178 4192 2502 2361 1768 4016 4359 2017 3751 2173 4423 1901 3404 3179 2728 3948 3400 3853 1353 4131 4204 2441 4248 3350 4230 2260 4991 315 5273 3761 1031 3615 4060 3630 3967 2697 3759 3203 1067 2965 3971 4593 3719 2153 541 4081 2928 2963 758 4653 3980 3260 2107 5320 1429 4652 3816 2644 3604 0 4692 4895 449 2482 5439 2721 4831 5139 2462 2777 1399 3063 4183 2891 870 1019 4701 3118 3058 5043 4084 4596 3480 1907 2528 3121 3343 3766 2636 1168 3870 1048 1980 3354 3621 5297 3517 2906 3355 5898 4119 2931 5291 1543 4879 3030 1397 3269 5183 4064 1562 2428 4958 2937 2346 2731 3730 1981 3277 3711 5303 3891 4540 4391 4375 1731 3940 2311 1811 3620 2547 4313 5343 820 1017 3120 4228 2830 2270 1402 4288 1806 3648 2893 527 3645 1912 3490 2359 4094 4981 1096 3706 4368 2973 4037 2793 2565 1831 4671 1048 5233 2169
458 7175 5354 7409 4993 1894 121 231 2243 741 2209 3881 4214 3780 870 1227 2099 2968 2441 4212 5036 7162 76 1809 3114 2017 2121 4790 7027 2055 4993 785 4972 6548 5281 2334 2226 2419 4553 7222 5499 7406 4508 7549 281 5050 1808 4627 1011 1380 2175 1119 7184 2241 2394 2936 1663 4503 813 2324 2160 716 2870 2926 2169 7280 3818 4217 4217 4393 5052 2086 6293 442 3094 5193 3087 7137 3361 2244 3473 3073 3731 2648 2161 3195 7199 2750 2573 2945 6382 6633 2912 7342 2625 6715 5367 582 1514 2395 1846 2456 472 3663 633 4701 3269 3147 4635 1980 2834 2260 2332 3019 2864 2377 3638 2922 818 2294 6651 2548 4911 7149 3994 2601 5150 214 2501 3643 2898 644 5170 843 6935 2642 2690 4692 0 2860 4293 2925 853 3093 380 884 3140 2383 4420 2337 3023 2353 4992 3865 171 2531 2071 587 1798 2011 2701 3886 5130 6451 1369 2239 2098 4800 6405 5589 3739 1536 2490 2451 7240 1787 6652 1496 794 1773 2865 4180 315 1713 5551 1487 491 6988 5530 2508 3466 6624 4230 3383 1661 5083 6949 7310 2848 2808 2673 1820 610 5718 764 3138 5233 6615 2460 2879 724 4664 4769 2058 7243 1923 3454 4054 2282 4330 6549 2339 5062 7168 5323 6401 2904 7463 707 4565 7032 7039 1723 2142 2150 2857 2916 30 5015 550 3112
3171 8360 4955 8601 4481 1881 2978 2670 638 3176 856 3951 5644 5359 3689 2672 977 4622 1869 4531 4624 8188 2916 1364 1186 858 785 4549 8357 1431 4556 2195 4807 7690 4796 1474 4303 1197 4719 8562 5309 8836 3836 8881 2766 4603 1962 3999 3519 1713 783 1878 8544 664 2835 928 2411 4270 3511 1100 2244 3523 49 1385 1570 8550 5611 4212 3271 4127 4466 2646 7668 3301 4815 4758 2817 8718 5371 851 5135 4636 4970 880 797 4529 8380 4043 499 4039 7754 7778 4701 8560 1499 8170 4809 2638 1443 2753 1118 1579 2884 5187 3483 4722 468 1260 4243 1527 854 1357 1001 4794 1158 1760 3970 4851 3137 584 8067 3473 4796 8530 5810 4517 4940 3055 934 5657 4204 2928 4529 3658 8277 4337 1292 4895 2860 0 4452 4552 3511 4883 3238 2245 4775 4121 3846 4292 802 2129 4679 3877 3028 4541 2106 3415 1257 852 1415 5207 3814 7650 2673 1231 2846 4306 7987 5363 5104 2268 1293 744 8259 2957 7882 4171 3295 2844 433 3586 2660 2651 5017 2543 2997 8432 4876 3944 635 7634 5739 5172 1665 4097 7986 8408 454 1017 365 1079 3299 5007 2660 4676 4364 7998 4005 613 3382 4394 4368 2036 8657 3383 4985 3615 756 3515 7973 4164 4994 8304 4403 7808 2550 8700 3563 4147 8271 8607 3056 1037 2418 4533 3300 2833 4594 3126 4544
4717 4102 1237 4334 1137 2904 4301 4120 4397 5033 3766 503 2222 2335 4856 3073 3703 2322 2633 246 1036 3846 4359 3480 3392 4342 4451 705 4207 3213 1043 3794 755 3451 1267 3038 2997 3286 278 4404 1231 4734 1262 4696 4517 1085 2902 1201 3715 3541 3915 4560 4405 4462 1969 3578 2741 599 4012 3417 2458 4245 4412 3102 3015 4339 2785 297 1713 652 1258 2288 3630 4411 2441 1159 1639 4772 3067 3743 2405 2179 1696 3572 3910 1827 4117 1889 3977 1610 3703 3533 2541 4311 2955 4152 1403 3725 3759 2004 3799 2902 3837 2193 4619 419 4834 3331 852 3166 3619 3181 3519 2527 3320 2754 655 2789 3595 4144 4023 1777 671 4410 2914 2739 930 4264 3533 3187 1851 4914 1386 4299 4145 2403 3160 449 4293 4452 0 2281 5058 2564 4449 4712 2301 2503 1122 2806 3747 2442 901 574 4310 2891 2613 4666 3636 4147 3037 1881 2328 3457 2934 3317 2217 1038 4128 1329 1922 2923 3174 4847 3910 2506 3693 5540 3751 2523 4845 1205 4469 2612 1507 2850 4783 4376 1615 2131 4528 3314 2389 2623 3285 1826 3660 4093 4857 3450 4095 3943 4004 1805 3536 2139 1718 3929 2259 3873 4958 687 899 2673 4554 2469 2161 1032 3840 1498 3945 2624 782 4017 1828 3783 1911 4457 4614 882 4057 4658 2583 3588 2352 2358 1402 4271 1035 4838 1977
3220 4251 3515 4485 3381 2673 2872 2855 4186 3572 3698 2184 1290 873 3140 2045 3583 73 2852 2071 3308 4244 2963 3210 3940 4026 4159 2979 4115 3126 3305 2841 3024 3624 3546 3159 859 3434 2427 4312 3427 4517 3255 4640 3203 3353 2589 3276 2001 2980 3795 3701 4278 4230 1853 3976 2148 2800 2303 3484 2369 2542 4531 3606 3018 4362 1059 2413 3393 2776 3491 1937 3382 2826 273 3438 2421 4297 946 3700 596 158 896 3804 3783 466 4275 599 4065 798 3471 3709 269 4420 3289 3826 3679 2520 3278 1942 3512 3122 2473 740 2966 2664 5016 3915 3038 3027 3948 3238 3573 297 3738 2920 1811 523 2107 4033 3752 1200 2935 4247 1258 494 3190 2795 3687 1186 508 3554 3625 2536 4024 283 3504 2482 2925 4552 2281 0 3449 375 2897 3670 231 542 3109 673 4148 2561 3181 2242 2855 647 2481 3049 3344 3880 3409 988 4285 3526 1979 3345 1729 3240 3556 3530 836 2311 3386 4597 4323 1606 3728 3741 2159 1714 4813 3013 3206 1907 3788 2056 3375 4099 3889 610 4919 3714 1316 628 2912 3916 4032 4386 4811 3805 4205 3615 2405 4082 2355 227 3896 3708 553 4159 3391 2931 3127 2546 4349 1200 529 2799 3798 3312 3651 595 2994 4243 4008 3497 2522 4542 2924 3026 4110 4193 1530 3514 2190 88 1713 2916 3303 3374 314
398 7649 6158 7875 5813 2745 796 1080 2875 373 2963 4670 4712 4255 379 2038 2863 3479 3291 4958 5846 7679 776 2614 3913 2653 2734 5588 7460 2880 5806 1617 5759 7047 6093 3167 2646 3230 5309 7648 6278 7799 5344 7970 786 5863 2660 5460 1452 2199 2904 1640 7604 2857 3212 3716 2504 5306 1146 3123 3010 908 3530 3747 3007 7727 4210 5005 5067 5203 5875 2912 6730 653 3569 6003 3928 7484 3691 3001 3938 3605 4312 3427 2891 3787 7674 3391 3296 3618 6818 7130 3378 7803 3459 7116 6185 1420 2288 3219 2600 3295 1241 4164 482 5473 3876 3952 5450 2812 3608 3083 3119 3480 3668 3224 4405 3329 1469 2982 7065 3287 5693 7563 4366 3047 5938 807 3285 3950 3522 603 5996 932 7366 3171 3508 5439 853 3511 5058 3449 0 3541 610 1285 3641 2927 5252 2799 3785 3205 5794 4661 773 2944 2923 404 2581 2693 3528 4436 5982 6937 2181 3050 2903 5621 6769 6372 4284 2385 3309 2983 7758 2563 7124 673 1337 2566 3435 5016 890 2531 6364 2316 516 7386 6353 3134 4139 7157 4702 3808 2495 5928 7468 7805 3414 3601 3380 2546 1077 6543 1587 3674 6072 7041 3060 3623 136 5468 5582 2910 7645 2617 3966 4883 3024 5175 6964 2855 5836 7656 6163 6826 3752 7915 533 5384 7493 7393 2476 2923 2993 3371 3710 882 5826 388 3682
3348 4109 3787 4338 3683 3011 3028 3048 4496 3699 4027 2512 1182 716 3210 2319 3910 304 3213 2341 3599 4143 3123 3531 4303 4328 4460 3268 3939 3464 3601 3091 3292 3507 3831 3510 895 3783 2684 4131 3664 4313 3592 4458 3374 3646 2923 3606 2121 3278 4119 3941 4092 4537 2221 4332 2473 3107 2408 3826 2725 2637 4864 3970 3364 4197 753 2720 3753 3093 3797 2291 3205 2944 124 3722 2795 4059 573 4032 400 401 1007 4153 4106 745 4134 974 4401 1162 3294 3589 190 4267 3649 3622 3967 2738 3577 2310 3826 3479 2661 655 3061 2929 5349 4279 3351 3363 4300 3584 3913 89 4097 3278 2141 266 2286 4354 3558 1573 3200 4056 947 497 3452 2944 4032 813 875 3705 3930 2612 3846 546 3862 2721 3093 4883 2564 375 3541 0 3021 3880 263 781 3445 757 4503 2922 3464 2575 3006 603 2831 3152 3661 4188 3770 1006 4634 3396 2268 3687 2082 3552 3322 3767 864 2626 3739 4897 4222 1927 3584 3770 2307 2039 5131 3362 3388 2232 4065 2362 3520 3896 4179 964 5267 3630 1161 301 3231 4250 3933 4264 5128 4160 4541 3923 2537 4369 2586 428 4217 3524 882 4507 3497 3231 3432 2895 4150 1506 507 3146 4128 3664 3457 779 3243 4114 4328 3310 2897 4383 3010 3344 3957 3958 1837 3846 2546 360 2086 3088 3596 3506 604
327 7128 5551 7358 5210 2217 268 594 2618 678 2587 4061 4176 3727 510 1440 2475 2932 2762 4349 5241 7140 322 2177 3479 2392 2494 4980 6958 2410 5202 1146 5150 6515 5488 2683 2131 2782 4700 7149 5668 7317 4752 7474 533 5259 2124 4864 901 1743 2554 1464 7108 2614 2612 3308 1923 4700 622 2692 2444 434 3249 3281 2513 7219 3720 4396 4494 4597 5275 2317 6225 91 3038 5398 3342 7025 3229 2621 3413 3050 3742 3021 2540 3212 7153 2800 2953 3020 6314 6598 2849 7288 2973 6629 5582 854 1890 2623 2224 2798 644 3624 258 4863 3644 3511 4847 2331 3207 2616 2704 2955 3228 2706 3795 2827 862 2674 6572 2678 5084 7070 3886 2525 5329 225 2873 3502 2936 715 5397 534 6865 2615 3048 4831 380 3238 4449 2897 610 3021 0 1184 3099 2365 4657 2267 3398 2650 5186 4054 222 2436 2369 239 2172 2390 3053 3878 5421 6410 1582 2602 2299 5019 6300 5762 3727 1819 2848 2813 7218 1954 6603 1180 747 1960 3234 4425 619 1934 5760 1725 523 6901 5752 2546 3845 6611 4177 3301 2012 5345 6928 7275 3216 3177 3053 2200 492 5942 1002 3118 5482 6542 2479 3257 515 4861 4978 2363 7158 2012 3421 4287 2660 4592 6470 2302 5226 7129 5575 6327 3177 7404 327 4782 6978 6930 1866 2515 2413 2822 3102 408 5221 487 3114
998 7905 5656 8142 5250 1944 995 845 1608 934 1804 4254 4953 4541 1526 1720 1727 3721 2441 4672 5323 7859 898 1587 2803 1393 1462 5117 7784 1901 5272 923 5327 7262 5556 2198 3047 2176 4984 7982 5864 8184 4697 8310 651 5328 1898 4835 1874 1276 1714 370 7947 1584 2744 2573 1971 4820 1698 2043 2335 1588 2268 2704 2076 8028 4622 4586 4309 4696 5289 2424 7052 1269 3867 5480 3294 7939 4196 1845 4243 3808 4412 2291 1702 3880 7928 3400 2086 3553 7141 7349 3694 8080 2476 7493 5624 1151 1220 2715 1462 2350 1230 4409 1376 5098 2594 2854 4912 1867 2459 2079 2012 3801 2579 2344 4072 3734 1607 1747 7421 3074 5278 7916 4805 3400 5498 1094 2164 4483 3561 687 5396 1707 7693 3392 2465 5139 884 2245 4712 3670 1285 3880 1184 0 3895 3132 4634 3135 2612 2458 5306 4220 1039 3348 2202 1284 1501 1463 2516 4592 5150 7176 1839 2007 2507 5055 7202 5947 4451 1791 2279 1699 7936 2298 7386 1930 1642 2243 2151 4375 576 2117 5820 1879 787 7766 5764 3183 2879 7312 4986 4178 1592 5203 7646 8023 2129 2485 2151 1371 1490 5941 1323 3870 5394 7378 3162 2429 1164 4978 5049 2162 8017 2555 4195 4288 1845 4467 7320 3106 5447 7888 5471 7167 3062 8205 1466 4832 7771 7839 2283 1813 2392 3612 3310 874 5299 913 3817
3424 4036 3524 4269 3420 2895 3083 3076 4415 3776 3923 2254 1077 646 3324 2276 3808 173 3059 2078 3336 4041 3176 3437 4144 4256 4389 3004 3892 3348 3338 3071 3029 3416 3568 3374 1016 3651 2423 4089 3405 4290 3337 4417 3419 3383 2813 3348 2200 3210 4021 3930 4054 4459 2052 4187 2375 2844 2498 3703 2582 2734 4754 3809 3236 4142 838 2457 3511 2832 3535 2152 3159 3026 141 3459 2583 4066 810 3924 365 160 775 4020 4009 485 4061 780 4287 932 3248 3500 298 4203 3496 3599 3703 2745 3509 2141 3741 3333 2692 526 3159 2666 5239 4117 3089 3249 4161 3456 3793 238 3947 3131 1884 506 2324 4260 3526 1391 2938 4022 1037 620 3190 3004 3905 1017 656 3765 3667 2721 3801 503 3713 2462 3140 4775 2301 231 3641 263 3099 3895 0 763 3189 845 4360 2767 3201 2319 3066 759 2697 3245 3572 4109 3616 818 4383 3314 2210 3565 1945 3290 3326 3509 667 2539 3599 4827 4120 1834 3513 3909 2367 1941 5040 3111 3424 2135 3802 2286 3584 3872 3915 831 5135 3516 1093 428 3139 3992 3829 4177 5039 4016 4427 3845 2609 4105 2582 168 3956 3484 783 4375 3588 2968 3169 2763 4122 1431 326 2895 4022 3416 3425 801 2982 4032 4067 3273 2700 4324 3114 3084 3892 3962 1761 3738 2402 283 1870 3132 3332 3580 350
2686 4792 3734 5027 3535 2263 2332 2314 3719 3037 3265 2300 1831 1409 2631 1538 3145 590 2519 2325 3491 4782 2422 2763 3608 3548 3681 3172 4655 2714 3477 2317 3258 4164 3738 2785 498 3050 2693 4852 3707 5053 3310 5180 2662 3528 2170 3358 1475 2498 3351 3173 4817 3759 1582 3614 1712 2955 1782 3082 2018 2023 4103 3281 2629 4903 1533 2577 3351 2905 3635 1585 3922 2296 743 3632 2269 4821 1253 3271 1115 690 1386 3418 3338 871 4816 615 3645 895 4011 4249 592 4961 2948 4362 3862 1982 2797 1666 3052 2769 1931 1282 2446 2912 4588 3591 3175 2611 3574 2846 3165 694 3390 2571 1938 733 1566 3584 4289 1019 3174 4785 1728 421 3433 2256 3292 1536 673 3014 3770 2028 4564 260 3152 2777 2383 4121 2503 542 2927 781 2365 3132 763 0 3173 321 3781 2234 3382 2340 2317 509 2108 2525 2888 3411 3069 1513 4284 4067 1488 2942 1381 3375 4081 3809 1363 1856 3015 4117 4860 1168 4270 3254 1623 1282 4358 3035 2664 1474 3994 1587 2837 4635 4066 399 4528 4248 1855 1082 2462 3977 4569 4927 4354 3442 3785 3146 1872 4262 1822 756 3998 4247 259 3770 2864 3101 3279 2168 4885 738 1071 2831 3366 3313 4188 122 3262 4784 4107 4036 2314 5083 2409 3146 4651 4718 1066 3087 1845 480 1613 2375 3481 2839 756
4874 5130 1111 5354 645 2694 4458 4213 3943 5147 3314 939 3307 3358 5124 3217 3286 3165 2254 1353 779 4832 4494 3173 2685 3944 4031 767 5272 2861 710 3775 1028 4498 963 2612 3664 2799 1255 5464 1479 5805 150 5744 4595 758 2736 208 4081 3369 3470 4405 5470 4012 2048 2922 2758 580 4343 2949 2305 4552 3801 2462 2658 5383 3799 840 672 476 660 2340 4726 4640 3321 915 1345 5870 3994 3282 3370 3044 2717 2998 3468 2706 5143 2589 3423 2328 4796 4577 3378 5340 2433 5246 1004 3839 3512 2034 3451 2453 4014 3198 4868 1107 4162 2615 427 2850 2992 2761 3042 3390 2689 2371 1305 3632 3864 3668 5113 2220 1049 5480 3947 3499 1124 4446 3004 4157 2615 4983 762 4634 5215 3152 2594 1399 4420 3846 1122 3109 5252 3445 4657 4634 3189 3173 0 3494 3069 2180 849 870 4480 3638 2432 4892 3315 3746 2478 2931 1227 4520 3075 2887 2370 461 5241 1523 2944 2902 2675 4372 4889 2745 4754 5819 4051 2713 4269 268 4525 2723 1209 2937 4887 5460 1130 2773 3785 4325 3471 3566 3065 808 4660 5093 4286 2832 3518 3596 4280 1308 3666 3021 845 5016 2913 3235 5134 627 532 2472 5627 2881 3123 372 3366 414 5040 3293 1243 5034 949 4880 1573 5487 4884 333 5104 5758 2866 3165 2279 3171 1640 4394 748 4967 2841
2593 4861 4040 5091 3850 2465 2271 2298 3856 2945 3438 2617 1914 1460 2479 1649 3316 690 2764 2620 3802 4881 2366 2928 3847 3674 3806 3482 4696 2909 3790 2377 3560 4251 4048 3004 196 3261 2986 4889 4000 5069 3631 5215 2618 3841 2366 3678 1366 2627 3513 3213 4850 3891 1864 3835 1902 3269 1658 3281 2260 1892 4277 3525 2841 4953 1487 2890 3669 3222 3952 1834 3962 2191 772 3942 2575 4807 1100 3448 1146 831 1568 3626 3500 1095 4886 925 3827 1203 4051 4334 582 5022 3185 4379 4174 2002 2926 1945 3201 3002 1909 1365 2317 3210 4760 3833 3491 2804 3788 3054 3359 688 3621 2807 2253 602 1533 3740 4315 1332 3475 4814 1671 265 3734 2187 3494 1392 959 2948 4086 1876 4603 430 3383 3063 2337 4292 2806 673 2799 757 2267 3135 845 321 3494 0 3998 2485 3690 2659 2249 249 2336 2404 3044 3549 3306 1655 4603 4144 1624 3142 1636 3692 4072 4102 1503 2026 3236 4237 4960 1374 4336 3069 1549 1488 4504 3356 2633 1672 4303 1749 2763 4652 4379 720 4727 4359 1910 1047 2627 4298 4669 5010 4499 3664 3966 3284 1781 4575 1861 900 4317 4282 581 3974 2749 3413 3594 2392 4906 948 1171 3152 3539 3633 4214 202 3557 4863 4427 4067 2607 5139 2270 3464 4711 4707 1252 3267 2092 588 1930 2332 3793 2751 958
3408 7741 4175 7981 3698 1539 3130 2804 1162 3492 822 3255 5137 4900 3891 2494 925 4221 1311 3849 3847 7542 3091 1244 387 1302 1307 3790 7767 1119 3778 2262 4050 7073 4011 996 4044 740 4007 7971 4542 8261 3052 8286 3002 3823 1644 3215 3471 1679 898 2250 7959 1222 2328 179 2105 3519 3534 754 1779 3601 754 646 1157 7946 5197 3493 2478 3376 3678 2212 7098 3444 4420 3977 2143 8179 5029 784 4708 4210 4448 394 909 4054 7760 3594 555 3543 7183 7159 4331 7945 879 7610 4020 2658 1509 2240 1186 1028 2919 4722 3655 3990 1098 460 3475 1224 212 948 710 4414 440 1230 3317 4511 3089 915 7500 2993 4045 7949 5395 4195 4176 3189 544 5304 3745 3250 3737 3734 7691 3967 655 4183 3023 802 3747 4148 3785 4503 3398 2612 4360 3781 3069 3998 0 1600 3910 3175 3177 4245 1674 3607 1226 1169 765 4693 3017 7044 2452 882 2421 3528 7459 4591 4605 2015 765 1471 7611 2624 7279 4458 3275 2510 1235 2815 2897 2327 4227 2289 3274 7865 4081 3541 804 6994 5248 4776 1488 3295 7345 7772 1256 344 561 1247 3341 4209 2622 4242 3563 7424 3623 214 3650 3635 3596 1613 8081 3053 4532 2859 768 2726 7409 3843 4245 7676 3602 7243 1892 8088 3723 3378 7664 8066 2748 885 1959 4144 2713 2993 3817 3400 4091
2810 6233 3230 6475 2805 515 2415 2129 1969 3043 1350 1944 3545 3299 3153 1296 1273 2633 291 2476 2893 6072 2429 1042 1381 1902 2013 2718 6228 774 2837 1633 2950 5564 3116 655 2564 935 2719 6433 3485 6710 2239 6753 2484 2892 566 2379 2332 1190 1492 2227 6416 2031 729 1424 777 2420 2510 1032 244 2666 2097 1049 584 6422 3602 2251 1876 2287 2838 651 5542 2656 2833 3047 858 6603 3464 1334 3111 2615 2860 1289 1485 2454 6254 1996 1630 1945 5628 5652 2757 6433 729 6047 3177 1797 1350 641 1357 575 2022 3121 2891 2778 2566 1359 2481 725 1409 778 1134 2835 1179 376 1885 2953 2004 1730 5942 1393 2914 6403 3799 2655 3111 2427 1199 3731 2146 2856 2941 2778 6149 2398 948 2891 2353 2129 2442 2561 3205 2922 2650 2458 2767 2234 2180 2485 1600 0 2894 1888 2447 2723 282 2890 1197 1707 849 3102 2777 5522 1185 911 853 2611 5878 3559 3010 834 857 2420 6144 1146 5754 3829 2209 1041 2477 1918 2402 906 3377 1003 2783 6307 3310 1958 2392 5517 3652 3188 888 2760 5868 6287 2484 1256 1764 1502 2379 3484 1658 2644 2939 5871 2052 1640 3077 2571 2618 301 6530 1544 2932 1843 1435 2015 5849 2312 3100 6180 3019 5683 607 6573 2929 2396 6143 6492 1290 1165 394 2562 1175 2324 2866 2878 2492
5433 4426 365 4641 354 3399 5014 4801 4744 5731 4110 1134 3035 3202 5622 3766 4072 3222 3013 1126 170 4094 5062 3922 3528 4730 4823 211 4611 3622 221 4413 258 3824 367 3393 3878 3600 820 4795 631 5148 903 5056 5194 230 3424 751 4512 4069 4266 5109 4808 4812 2601 3759 3363 490 4798 3746 2977 5023 4635 3294 3417 4694 3652 815 1504 610 471 2917 4129 5158 3342 258 2036 5268 3961 4080 3293 3080 2572 3822 4263 2728 4438 2767 4245 2488 4191 3896 3442 4636 3239 4637 505 4412 4243 2611 4217 3238 4555 3070 5376 572 5006 3458 436 3598 3825 3542 3842 3427 3522 3133 1459 3690 4351 4473 4499 2570 335 4825 3768 3635 281 4988 3818 4070 2741 5589 564 5089 4563 3296 3412 870 4992 4679 901 3181 5794 3464 5186 5306 3201 3382 849 3690 3910 2894 0 1133 5029 3785 3119 5413 4070 4531 3294 2737 1739 3866 3623 3673 2895 422 4689 684 2794 3528 3477 5181 4146 3233 4093 6314 4522 3228 5099 1096 5134 3280 612 3511 5474 4830 718 2998 4633 3614 3204 3515 3780 1166 3935 4363 5115 3663 4346 4363 4768 905 4228 3040 958 4395 3131 4072 5684 329 316 3169 4975 3267 3052 1078 4168 1240 4435 3503 468 4319 1053 4282 2295 4781 5380 533 4421 5157 3331 3952 2915 3258 2084 4968 187 5541 2878
4304 4635 1499 4870 1210 2365 3885 3679 3832 4605 3198 93 2496 2506 4489 2638 3139 2297 2067 693 1202 4397 3934 2930 2822 3783 3889 927 4716 2654 1173 3313 1111 3976 1453 2470 2837 2715 843 4917 1645 5236 1018 5216 4074 1228 2373 1034 3385 3018 3349 4048 4914 3897 1486 3005 2257 652 3667 2847 1924 3891 3838 2529 2454 4863 2942 368 1298 574 1303 1805 4109 4024 2451 1355 1068 5242 3124 3175 2503 2175 1871 2998 3344 1835 4651 1740 3404 1472 4186 4060 2511 4843 2381 4632 1562 3288 3221 1506 3244 2331 3424 2342 4242 892 4260 2762 842 2612 3045 2614 2949 2521 2747 2188 435 2765 3218 3576 4507 1452 1058 4915 3097 2646 1287 3857 2960 3290 1754 4470 1436 3959 4650 2299 2586 1019 3865 3877 574 2242 4661 2575 4054 4220 2319 2340 870 2659 3175 1888 1133 0 3899 2789 2076 4280 3085 3587 2463 2096 2080 3971 2496 2750 1768 1040 4573 1731 2096 2431 2602 4281 4463 2100 4208 5181 3390 2097 4272 825 4017 2157 1722 2391 4350 4866 1754 1943 3959 3858 2654 2697 2748 1674 4207 4639 4284 2876 3522 3389 3634 1950 3102 2151 1662 4418 2082 3299 4553 812 958 2133 5056 2145 2257 611 3271 1139 4425 2462 1229 4556 1773 4261 1341 4988 4246 807 4580 5128 2198 3023 1835 2307 952 3842 1185 4414 1971
407 7102 5392 7334 5042 2004 50 373 2413 739 2367 3910 4142 3702 730 1267 2254 2896 2550 4220 5079 7099 141 1955 3257 2187 2292 4825 6945 2189 5038 924 5000 6480 5325 2463 2128 2560 4565 7138 5523 7315 4571 7464 403 5095 1913 4687 899 1521 2337 1288 7099 2411 2441 3086 1732 4541 670 2470 2245 551 3038 3060 2295 7201 3722 4246 4300 4435 5104 2140 6211 273 3014 5236 3156 7037 3251 2401 3391 3006 3680 2799 2322 3146 7126 2714 2735 2921 6300 6564 2829 7266 2753 6626 5415 651 1670 2447 2005 2580 474 3591 480 4721 3439 3289 4681 2111 2985 2395 2482 2935 3006 2492 3655 2826 765 2460 6564 2550 4937 7062 3894 2511 5179 63 2651 3531 2857 699 5224 675 6852 2573 2827 4701 171 3028 4310 2855 773 3006 222 1039 3066 2317 4480 2249 3177 2447 5029 3899 0 2434 2165 451 1951 2178 2833 3827 5221 6380 1410 2380 2135 4850 6308 5616 3678 1619 2627 2623 7177 1805 6578 1384 700 1802 3036 4244 464 1760 5596 1543 520 6899 5582 2466 3632 6564 4152 3293 1792 5157 6886 7241 3019 2955 2837 1983 483 5771 814 3073 5300 6531 2410 3037 656 4702 4813 2156 7154 1903 3383 4111 2441 4404 6463 2264 5084 7098 5391 6316 2983 7385 547 4614 6955 6941 1728 2294 2222 2785 2947 195 5058 538 3056
2762 4705 4128 4932 3963 2713 2459 2506 4102 3112 3688 2741 1784 1319 2609 1894 3565 638 3004 2692 3905 4745 2556 3177 4089 3919 4051 3580 4524 3158 3897 2611 3642 4108 4148 3250 306 3508 3054 4714 4061 4883 3779 5039 2812 3946 2614 3817 1539 2874 3762 3439 4673 4137 2087 4081 2150 3381 1818 3530 2501 2042 4526 3766 3088 4786 1288 2997 3847 3343 4069 2072 3791 2356 653 4040 2777 4605 861 3697 1002 793 1525 3874 3749 1108 4730 1050 4077 1317 3879 4189 463 4860 3428 4194 4277 2226 3172 2170 3449 3245 2119 1250 2465 3286 5009 4075 3611 3053 4035 3302 3608 553 3865 3050 2371 392 1741 3988 4136 1525 3554 4634 1463 155 3812 2372 3742 1153 1046 3129 4204 2013 4430 492 3627 3118 2531 4541 2891 647 2944 603 2436 3348 759 509 3638 249 4245 2723 3785 2789 2434 0 2580 2557 3292 3796 3548 1575 4772 3995 1873 3391 1872 3813 3874 4164 1425 2275 3482 4481 4824 1620 4180 3169 1739 1735 4752 3514 2834 1920 4396 1999 2942 4467 4485 888 4976 4233 1761 866 2876 4446 4535 4864 4747 3910 4215 3531 1958 4679 2091 856 4451 4107 752 4222 2902 3520 3708 2637 4723 1192 1075 3306 3788 3798 4035 414 3623 4713 4562 3892 2823 4974 2411 3589 4550 4508 1500 3516 2331 560 2113 2529 3897 2922 959
2529 6296 3463 6538 3049 291 2133 1847 1863 2764 1279 2124 3538 3261 2872 1032 1182 2553 460 2625 3128 6154 2147 885 1512 1767 1887 2937 6271 682 3074 1358 3161 5628 3357 679 2398 953 2891 6476 3698 6742 2499 6799 2205 3130 305 2634 2074 950 1405 1989 6456 1921 744 1506 522 2639 2241 1012 157 2392 2079 1197 541 6474 3536 2443 2154 2510 3087 546 5574 2376 2750 3283 1093 6614 3355 1271 3051 2551 2866 1323 1396 2426 6317 1945 1608 1934 5661 5716 2658 6492 852 6072 3423 1515 1146 671 1213 666 1742 3087 2610 2968 2560 1503 2716 601 1469 760 1108 2742 1285 476 2022 2838 1736 1649 5971 1367 3120 6440 3734 2525 3327 2145 1209 3630 2104 2580 3194 2505 6190 2294 1047 3058 2071 2106 2613 2481 2923 2831 2369 2202 2697 2108 2432 2336 1674 282 3119 2076 2165 2580 0 2608 1042 1581 972 3102 3059 5578 930 876 753 2854 5882 3776 2999 556 909 2311 6228 967 5808 3547 1942 855 2420 2175 2125 691 3620 747 2504 6335 3562 1871 2439 5598 3635 3108 673 3033 5948 6361 2424 1334 1747 1352 2104 3740 1378 2587 3206 5905 1950 1678 2795 2793 2853 70 6564 1388 2889 2086 1373 2286 5876 2174 3300 6249 3289 5712 863 6630 2649 2633 6198 6503 1102 1089 315 2473 1274 2042 3102 2598 2446
297 7261 5778 7489 5442 2454 490 813 2789 586 2792 4286 4318 3863 284 1676 2683 3081 3000 4562 5470 7285 517 2396 3700 2563 2658 5207 7079 2637 5432 1369 5373 6655 5718 2913 2257 3005 4915 7268 5889 7426 4988 7592 658 5488 2361 5099 1050 1965 2752 1598 7225 2780 2845 3522 2162 4927 747 2911 2683 515 3429 3508 2745 7343 3832 4620 4733 4827 5508 2553 6348 256 3176 5626 3579 7121 3323 2827 3547 3205 3910 3234 2738 3384 7286 2987 3150 3215 6435 6738 2985 7417 3203 6741 5812 1093 2098 2858 2428 3031 882 3768 107 5082 3810 3733 5077 2560 3420 2843 2919 3089 3450 2942 4014 2945 1072 2860 6687 2892 5306 7185 3992 2656 5552 463 3088 3589 3118 705 5630 564 6985 2770 3274 5043 587 3415 4666 3049 404 3152 239 1284 3245 2525 4892 2404 3607 2890 5413 4280 451 2557 2608 0 2384 2573 3282 4035 5660 6546 1817 2825 2531 5251 6401 5983 3884 2059 3074 2956 7364 2180 6736 940 933 2190 3389 4661 759 2169 5989 1963 529 7012 5984 2730 4030 6761 4311 3423 2241 5583 7073 7414 3370 3395 3245 2395 673 6175 1241 3274 5718 6661 2655 3461 345 5089 5208 2602 7269 2217 3569 4521 2862 4831 6586 2455 5445 7265 5812 6445 3416 7531 195 5013 7107 7028 2087 2728 2651 2972 3329 616 5450 438 3280
2195 7316 4396 7558 3955 758 1904 1578 850 2311 438 3140 4498 4178 2668 1415 314 3412 1061 3660 4058 7186 1867 157 1333 728 852 3902 7275 454 3998 1037 4139 6649 4271 729 3049 676 3914 7479 4672 7734 3353 7804 1795 4052 800 3504 2297 473 474 1181 7457 900 1775 1139 1198 3605 2328 549 1199 2381 1248 1204 657 7485 4400 3448 2897 3469 3974 1519 6567 2218 3600 4208 2043 7580 4131 465 3936 3440 3848 850 460 3372 7337 2873 837 2911 6655 6737 3475 7509 987 7056 4319 1447 294 1708 175 890 1706 4012 2429 3974 1723 1376 3648 474 1035 593 538 3572 1094 944 3061 3612 1913 696 6961 2347 4107 7437 4598 3275 4297 1962 705 4419 3039 2078 4067 2515 7191 3115 965 4084 1798 1257 3636 3344 2581 3661 2172 1501 3572 2888 3315 3044 1226 1197 4070 3085 1951 3292 1042 2384 0 550 1017 4074 3686 6593 1420 507 1699 3763 6843 4743 3959 1035 780 1285 7260 1739 6821 3253 2085 1631 1470 3048 1691 1438 4523 1301 2079 7323 4434 2745 1769 6630 4580 3955 434 3793 6978 7388 1468 1020 964 309 2128 4598 1435 3486 4010 6899 2792 1098 2445 3752 3784 976 7557 2155 3804 3002 530 3086 6864 2923 4294 7272 4077 6701 1777 7646 2497 3559 7212 7471 1824 344 1343 3318 2317 1769 4030 2201 3368
2338 7865 4845 8107 4390 1304 2128 1818 307 2373 450 3647 5046 4721 2850 1903 460 3947 1526 4183 4506 7733 2069 703 1421 199 306 4372 7825 934 4443 1349 4616 7199 4709 1139 3541 959 4424 8030 5144 8284 3770 8354 1930 4496 1351 3926 2683 923 304 1095 8007 352 2320 1162 1741 4078 2662 805 1737 2671 860 1422 1132 8036 4932 3946 3272 3939 4400 2069 7117 2451 4132 4653 2529 8127 4644 488 4473 3980 4397 908 299 3919 7887 3420 626 3461 7206 7287 4002 8059 1325 7606 4746 1796 629 2251 376 1294 2037 4556 2637 4471 1286 1484 4102 989 1045 989 724 4100 1240 1405 3588 4129 2305 289 7511 2898 4589 7988 5130 3789 4768 2204 820 4934 3586 2127 4484 2806 7742 3644 1213 4596 2011 852 4147 3880 2693 4188 2390 1463 4109 3411 3746 3549 1169 1707 4531 3587 2178 3796 1581 2573 550 0 1308 4623 3985 7143 1928 860 2249 4202 7390 5210 4507 1570 1084 735 7807 2276 7371 3360 2455 2170 959 3478 1824 1979 4953 1827 2177 7873 4848 3285 1457 7176 5126 4485 980 4156 7526 7936 952 1116 690 266 2449 5002 1831 4027 4391 7449 3327 974 2561 4220 4235 1513 8107 2684 4347 3454 438 3482 7414 3440 4780 7821 4450 7251 2257 8196 2716 4010 7762 8019 2352 581 1888 3851 2854 1984 4477 2305 3913
3133 6988 3588 7228 3122 921 2792 2471 1471 3289 859 2537 4373 4143 3563 1919 864 3482 558 3121 3251 6798 2775 934 541 1500 1571 3152 7007 648 3186 1917 3407 6319 3440 374 3370 356 3304 7211 3919 7499 2488 7527 2750 3235 1032 2647 2950 1329 1013 2197 7198 1540 1572 586 1460 2868 3067 509 1051 3176 1375 238 553 7189 4451 2798 1968 2725 3121 1485 6335 3082 3682 3392 1407 7414 4307 823 3959 3464 3683 536 1014 3297 7007 2844 954 2783 6420 6406 3603 7190 121 6846 3468 2234 1297 1483 1092 308 2491 3964 3309 3310 1807 533 2858 723 596 447 584 3682 332 499 2572 3793 2583 1193 6737 2239 3391 7188 4647 3488 3546 2831 526 4577 2992 3066 3198 3302 6931 3242 123 3480 2701 1415 3037 3409 3528 3770 3053 2516 3616 3069 2478 3306 765 849 3294 2463 2833 3548 972 3282 1017 1308 0 3929 2690 6287 1847 510 1692 2939 6694 3978 3842 1417 239 1894 6868 1938 6522 4191 2783 1826 1818 2213 2651 1658 3676 1670 3045 7102 3558 2805 1568 6247 4486 4036 1041 2848 6599 7024 1832 429 1063 1222 2897 3707 2151 3493 3088 6662 2896 846 3393 2998 2987 921 7318 2358 3778 2219 896 2187 6645 3140 3589 6926 3144 6479 1145 7333 3365 2763 6908 7301 2073 749 1226 3410 1949 2671 3222 3160 3338
4199 3315 3017 3553 3013 3344 3840 3800 4923 4550 4376 2012 446 471 4128 2906 4272 964 3385 1636 2892 3276 3928 3927 4425 4788 4918 2565 3221 3782 2910 3724 2526 2671 3098 3749 1831 4031 1919 3424 2815 3664 3080 3751 4161 2946 3280 3052 2985 3769 4493 4588 3397 4974 2378 4514 2890 2476 3290 4109 2964 3529 5179 4090 3638 3451 917 2112 3386 2502 3136 2569 2501 3809 926 2991 2690 3512 1318 4371 661 831 249 4391 4482 719 3338 1219 4709 1169 2590 2757 1112 3494 3814 2983 3239 3445 4059 2463 4248 3676 3425 383 3953 2169 5658 4385 2729 3693 4509 3854 4207 1029 4259 3478 1691 1271 3069 4737 2891 1736 2433 3373 1033 1438 2665 3767 4294 1360 1051 4522 3261 3524 3135 1265 4038 1907 3886 5207 1881 988 4436 1006 3878 4592 818 1513 2931 1655 4693 3102 2737 2096 3827 1575 3102 4035 4074 4623 3929 0 4158 2585 2815 3976 2377 2919 2780 2916 152 3073 3959 5356 3354 2385 2799 4724 3136 2477 5515 2921 4157 2660 3301 2851 4347 3251 3452 1411 5491 2738 578 892 3643 3693 3063 3432 5517 4351 4847 4366 3385 3629 3269 762 3599 2833 1433 4742 4376 2567 2780 3172 3488 2047 502 2707 4472 3235 2793 1580 2431 3296 3709 2631 2874 3623 3912 2749 3187 3402 2351 4186 2789 1069 2007 3876 2895 4352 776
5587 6163 1759 6375 1386 3255 5191 4906 4101 5814 3536 2156 4533 4582 5917 4014 3553 4344 2722 2568 1580 5821 5206 3575 2647 4170 4223 1793 6350 3255 1519 4398 1992 5563 1564 2962 4760 3046 2413 6534 2225 6887 1078 6795 5255 1523 3330 1128 4986 3886 3683 4860 6547 4169 2934 2923 3505 1740 5213 3198 2977 5396 3766 2565 3075 6432 5020 2060 957 1677 1279 3164 5854 5421 4511 1609 2140 6997 5192 3497 4583 4233 3942 3105 3687 3904 6174 3733 3505 3490 5919 5636 4552 6372 2701 6366 1479 4570 3942 2890 3779 2804 4784 4420 5656 2214 4011 2574 1503 3284 3024 3093 3266 4573 2764 2810 2511 4804 4710 3824 6230 3281 2056 6564 5172 4641 1993 5198 3169 5367 3781 5617 1228 5496 6301 4297 2774 2528 5130 3814 2328 4285 5982 4634 5421 5150 4383 4284 1227 4603 3017 2777 1739 2080 5221 4772 3059 5660 3686 3985 2690 4158 0 5604 3883 3189 3257 1364 6398 2215 4169 3602 2926 4472 5870 3648 5831 6600 4911 3588 4245 1272 5169 3543 1634 3717 5555 6565 1407 3888 3554 5350 4697 4772 3567 578 5668 6093 4268 2902 3558 3911 5111 1440 4420 4216 848 6128 4027 3222 5854 1709 1514 3074 6713 3877 4337 1488 3555 974 6163 4401 2207 6054 807 6008 2254 6517 5687 1452 6160 6885 3786 3439 3019 4340 2679 5101 1556 5653 4033
6735 730 3919 970 4220 5843 6397 6376 7435 7087 6854 3881 2237 2684 6603 5490 6760 3484 5783 3281 4029 796 6488 6441 6725 7318 7444 3821 751 6258 4087 6308 3612 168 4096 6176 4291 6453 3271 947 3482 1285 4640 1246 6729 4088 5793 4530 5509 6325 6983 7172 950 7491 4834 6866 5437 3941 5802 6553 5428 6032 7617 6406 6092 902 2768 3753 5158 4050 4334 5074 486 6335 3372 4027 4912 1445 3336 6843 2999 3379 2779 6793 6973 3302 753 3796 7152 3698 478 215 3562 916 6183 831 4217 6028 6607 4910 6768 6076 5997 2789 6457 3420 8080 6673 4139 6179 6882 6298 6655 3458 6604 5890 3739 3614 5633 7227 690 4251 3550 961 2650 3891 3626 6318 6717 3142 3630 7079 4406 6007 697 3809 6406 3121 6451 7650 3457 3526 6937 3396 6410 7176 3314 4067 4520 4144 7044 5522 3866 3971 6380 3995 5578 6546 6593 7143 6287 2585 5604 0 5395 6428 4899 4248 1099 3534 2726 5626 6364 7878 871 4956 237 7138 5681 5041 7993 4652 6730 5216 4143 5420 6898 975 4375 3997 7846 511 2235 3134 6171 5033 615 870 7998 6716 7285 6895 5921 4470 5854 3314 4808 577 4015 7130 6891 3925 4101 5648 1109 4632 2997 4488 6945 4925 665 4115 3400 719 4890 577 5153 1053 6405 4212 621 1344 4931 6664 5264 3595 4351 6442 4051 6892 3359
1811 6124 3985 6364 3632 930 1393 1187 2235 2109 1824 2513 3209 2842 2054 143 1699 2042 1387 2867 3670 6051 1439 1309 2372 2061 2193 3420 6035 1335 3628 927 3603 5471 3915 1495 1631 1715 3198 6237 4131 6465 3171 6565 1584 3685 820 3282 1147 1010 1892 1782 6208 2273 1031 2304 409 3134 1337 1706 947 1513 2660 2084 1316 6266 3018 2849 2940 3026 3695 737 5311 1566 2220 3827 1769 6268 2716 1836 2574 2094 2616 2064 1878 2096 6147 1599 2219 1723 5400 5558 2080 6307 1736 5778 4005 793 1310 1041 1576 1542 940 2688 1796 3338 3140 2375 3271 1228 2239 1508 1773 2180 2125 1380 2281 2200 831 2116 5694 1236 3543 6182 3214 1860 3781 1373 1922 3006 1765 1981 3816 1615 5948 1728 1895 3343 1369 2673 2934 1979 2181 2268 1582 1839 2210 1488 3075 1624 2452 1185 3623 2496 1410 1873 930 1817 1420 1928 1847 2815 3883 5395 0 1572 728 3440 5528 4222 2683 438 1719 2629 6128 458 5612 2748 1034 413 2881 2845 1536 352 4186 183 1855 6049 4173 1414 3136 5500 3268 2567 1011 3773 5839 6227 2876 2138 2356 1662 1229 4362 606 2148 3902 5641 1430 2398 2066 3295 3404 956 6292 782 2475 2705 1924 3022 5594 1512 3697 6098 3996 5436 1628 6437 1818 3204 6001 6163 464 1660 867 1941 1548 1346 3649 1919 2059
2658 7142 3985 7384 3531 679 2337 2011 1082 2797 448 2815 4414 4136 3107 1613 400 3416 684 3370 3646 6983 2312 436 879 1058 1151 3516 7131 238 3584 1457 3762 6473 3849 282 3178 180 3592 7336 4287 7607 2913 7656 2267 3636 777 3068 2598 860 599 1687 7317 1148 1604 745 1241 3223 2678 140 1013 2763 1203 703 339 7328 4403 3104 2428 3083 3542 1420 6439 2639 3612 3793 1685 7487 4195 427 3921 3421 3738 491 595 3302 7162 2820 733 2808 6526 6560 3509 7340 489 6940 3888 1815 791 1523 591 435 2076 3962 2860 3627 1684 909 3243 344 670 136 231 3598 626 564 2788 3675 2219 828 6838 2243 3737 7303 4601 3351 3912 2384 352 4476 2979 2569 3627 2893 7051 3144 463 3766 2239 1231 3317 3345 3050 3687 2602 2007 3565 2942 2887 3142 882 911 3673 2750 2380 3391 876 2825 507 860 510 3976 3189 6428 1572 0 1624 3343 6756 4353 3874 1137 273 1531 7055 1776 6660 3718 2409 1661 1566 2619 2165 1472 4095 1413 2558 7202 3993 2735 1586 6428 4511 3970 618 3319 6779 7197 1573 591 871 728 2494 4150 1760 3458 3546 6769 2805 832 2914 3363 3376 807 7428 2207 3763 2596 526 2630 6743 2997 3930 7089 3609 6578 1411 7480 2921 3151 7050 7376 1891 279 1188 3332 2086 2209 3618 2676 3321
2538 5624 3258 5866 2911 969 2120 1912 2547 2838 2004 1786 2807 2513 2756 871 1897 1801 1139 2165 2944 5511 2167 1550 2230 2420 2548 2692 5576 1415 2903 1585 2876 4960 3190 1430 1726 1706 2485 5781 3405 6035 2474 6106 2308 2960 903 2577 1734 1440 2116 2392 5758 2600 327 2249 558 2406 1980 1762 643 2184 2822 1901 1292 5789 2783 2122 2302 2300 2977 209 4868 2277 1999 3101 1117 5888 2615 2001 2298 1798 2149 2076 2105 1685 5646 1196 2352 1212 4956 5048 1912 5816 1571 5358 3282 1520 1711 370 1874 1398 1662 2340 2502 2616 3305 2211 2547 1321 2219 1512 1854 1994 2017 1197 1569 2102 1494 2360 5262 649 2817 5738 2981 1801 3053 2096 1961 2886 1358 2705 3100 2269 5493 1550 1781 2636 2098 2846 2217 1729 2903 2082 2299 2507 1945 1381 2370 1636 2421 853 2895 1768 2135 1872 753 2531 1699 2249 1692 2377 3257 4899 728 1624 0 2720 5153 3495 2266 751 1657 2984 5586 390 5125 3451 1684 344 3140 2151 2255 395 3461 634 2582 5624 3454 1120 3191 4955 2896 2356 1272 3096 5301 5705 3141 2078 2492 1997 1910 3645 1334 1835 3206 5200 1205 2431 2791 2568 2679 819 5858 708 2140 1998 2101 2353 5165 1459 2973 5585 3304 5002 1048 5951 2515 2483 5517 5778 531 1815 466 1723 821 2074 2923 2647 1698
5250 4825 649 5043 195 3124 4832 4600 4402 5534 3772 1075 3256 3370 5473 3583 3742 3289 2702 1284 321 4502 4873 3619 3143 4401 4488 429 4996 3310 250 4181 650 4212 508 3066 3873 3258 1066 5183 1035 5533 488 5450 4987 297 3159 331 4398 3798 3928 4837 5194 4471 2409 3382 3147 448 4671 3408 2721 4888 4261 2923 3106 5088 3819 833 1091 470 264 2714 4491 4997 3427 453 1761 5634 4077 3741 3425 3156 2729 3460 3926 2807 4837 2770 3885 2496 4556 4287 3507 5035 2893 5004 570 4218 3953 2406 3902 2908 4380 3224 5221 853 4619 3072 202 3295 3453 3215 3501 3506 3150 2819 1442 3760 4205 4128 4868 2484 701 5209 3951 3667 703 4814 3465 4212 2769 5379 396 4963 4945 3321 3055 1168 4800 4306 1038 3240 5621 3552 5019 5055 3290 3375 461 3692 3528 2611 422 1040 4850 3813 2854 5251 3763 4202 2939 2919 1364 4248 3440 3343 2720 0 5035 1071 2956 3301 3134 4833 4556 3081 4477 6168 4386 3062 4730 727 4921 3091 766 3313 5274 5205 733 2981 4236 4014 3424 3636 3499 813 4340 4769 4747 3293 3980 4048 4623 926 4040 3124 681 4766 3118 3696 5506 360 151 2898 5358 3169 3179 768 3825 827 4800 3497 872 4721 790 4645 2004 5181 5232 240 4813 5522 3192 3621 2679 3311 1942 4775 290 5349 2951
6626 1318 4800 1437 5039 6121 6333 6369 7692 6971 7155 4480 2346 2686 6411 5600 7049 3498 6158 3917 4858 1692 6431 6698 7175 7549 7680 4608 912 6561 4908 6397 4432 1250 4962 6527 4180 6809 3994 1022 4393 1051 5374 1292 6686 4918 6054 5286 5411 6514 7269 7254 958 7741 5156 7280 5649 4675 5678 6890 5744 5890 7960 6844 6418 1196 2587 4423 5837 4765 5160 5347 637 6217 3339 4881 5391 741 3079 7150 2967 3434 3019 7167 7258 3471 1341 3970 7489 3949 623 1249 3508 1343 6582 458 5092 6058 6809 5241 7016 6450 5981 2841 6303 4184 8437 7131 4899 6472 7280 6633 6987 3401 7023 6253 4263 3483 5605 7513 520 4515 4358 895 2414 3806 4478 6245 7073 2823 3804 7001 5248 5842 831 3824 6807 3870 6405 7987 4128 3556 6769 3322 6300 7202 3326 4081 5241 4072 7459 5878 4689 4573 6308 3874 5882 6401 6843 7390 6694 2780 6398 1099 5528 6756 5153 5035 0 4458 2886 5826 6735 8119 1742 5126 1020 6868 5613 5225 8292 5331 6704 5414 5046 5588 6813 672 5269 4118 8261 1605 2265 3025 6410 5843 1593 1588 8294 7120 7627 7130 5830 5385 5902 3380 5647 600 4098 7517 6745 4690 4884 5952 924 4746 3054 5144 7251 5626 475 4097 4236 1430 5739 522 5604 1384 6239 4960 1120 637 5070 6965 5569 3604 4750 6401 4876 6786 3480
6022 4020 463 4219 925 4059 5604 5407 5426 6330 4792 1709 3131 3386 6179 4363 4752 3560 3690 1485 751 3646 5657 4593 4208 5409 5504 841 4256 4297 823 5043 620 3466 658 4072 4296 4282 1117 4427 103 4791 1558 4662 5802 785 4078 1398 5043 4725 4947 5762 4449 5494 3217 4441 3988 1139 5338 4428 3630 5570 5318 3977 4092 4302 3825 1373 2159 1274 987 3537 3859 5728 3650 646 2702 4971 4210 4763 3534 3409 2799 4506 4944 3065 4028 3200 4929 2922 3910 3530 3776 4226 3922 4342 736 5014 4908 3236 4892 3919 5141 3282 5939 910 5685 4138 1120 4270 4508 4221 4525 3744 4205 3810 1973 4012 4913 5156 4201 3101 679 4474 3911 4010 449 5572 4501 4276 3144 6199 997 5627 4219 3686 4097 1048 5589 5363 1329 3530 6372 3767 5762 5947 3509 3809 1523 4102 4591 3559 684 1731 5616 4164 3776 5983 4743 5210 3978 2916 2215 3534 4222 4353 3495 1071 4458 0 3003 4160 4160 5864 3691 3810 3747 6865 5074 3817 5783 1777 5748 3886 616 4122 6076 4509 855 3448 5306 3213 3297 3766 4441 1644 3509 3924 5799 4347 5029 5038 5326 936 4827 3359 1368 4092 3573 4754 6267 991 995 3828 4625 3796 3307 1761 4851 1896 4149 3928 549 3901 1425 4008 2966 4368 5937 1216 4041 4865 3897 4632 3556 3613 2674 5566 782 6137 3217
4049 3454 3085 3692 3058 3235 3692 3655 4809 4400 4269 2015 540 415 3976 2772 4163 812 3295 1679 2945 3423 3780 3813 4345 4669 4800 2615 3352 3676 2959 3588 2591 2814 3157 3652 1680 3934 1980 3554 2901 3787 3094 3882 4015 2997 3168 3073 2834 3645 4383 4452 3525 4858 2282 4427 2770 2510 3138 4009 2863 3377 5078 4009 3537 3585 863 2138 3375 2528 3180 2461 2628 3658 779 3049 2633 3622 1212 4264 541 679 228 4296 4372 590 3478 1093 4607 1067 2717 2900 962 3631 3727 3103 3298 3302 3936 2369 4132 3584 3279 280 3802 2230 5558 4308 2763 3586 4418 3754 4106 883 4174 3385 1680 1129 2922 4626 3014 1631 2498 3500 1003 1287 2735 3618 4197 1280 925 4374 3307 3372 3264 1114 3950 1980 3739 5104 1922 836 4284 864 3727 4451 667 1363 2944 1503 4605 3010 2794 2096 3678 1425 2999 3884 3959 4507 3842 152 4169 2726 2683 3874 2266 2956 2886 3003 0 2951 3865 5239 3501 2259 2937 4572 2986 2353 5406 2921 4011 2537 3368 2725 4198 3372 3511 1274 5401 2886 644 774 3527 3718 3210 3576 5408 4262 4746 4249 3235 3692 3128 610 3636 2959 1290 4649 4225 2609 2820 3068 3613 1911 357 2705 4365 3235 2915 1429 2507 3438 3746 2755 2807 3759 3761 2777 3324 3513 2220 4079 2687 917 1938 3729 2946 4202 633
1994 6353 3883 6594 3496 496 1591 1319 1876 2249 1413 2463 3487 3152 2319 503 1292 2378 989 2893 3555 6251 1611 907 1936 1723 1854 3335 6289 899 3507 885 3540 5691 3794 1060 2049 1278 3197 6493 4076 6736 2983 6820 1694 3564 385 3108 1543 699 1495 1647 6467 1921 954 1866 193 3040 1692 1272 626 1837 2252 1655 879 6510 3365 2796 2682 2920 3546 636 5574 1823 2565 3713 1560 6565 3103 1422 2903 2410 2856 1628 1482 2361 6375 1859 1802 1928 5662 5779 2441 6541 1309 6054 3871 968 986 925 1202 1115 1187 2989 2058 3308 2736 1942 3147 793 1802 1070 1343 2537 1689 965 2289 2583 1191 1728 5963 1383 3489 6445 3564 2249 3713 1597 1488 3389 2027 2081 3659 1952 6204 2080 1461 3354 1536 2268 2923 2311 2385 2626 1819 1791 2539 1856 2902 2026 2015 834 3528 2431 1619 2275 556 2059 1035 1570 1417 3073 3602 5626 438 1137 751 3301 5826 4160 2951 0 1282 2294 6327 706 5849 2999 1396 601 2505 2655 1623 413 4062 278 1988 6323 4024 1716 2709 5696 3561 2920 606 3548 6041 6440 2503 1700 1940 1307 1550 4208 823 2457 3703 5905 1758 1966 2259 3199 3283 562 6561 1121 2779 2542 1514 2795 5865 1896 3657 6318 3791 5704 1368 6675 2094 3071 6240 6458 790 1241 623 2284 1524 1508 3532 2074 2347
2916 7071 3780 7312 3319 791 2584 2261 1269 3063 641 2672 4401 4148 3356 1777 633 3458 581 3244 3442 6895 2563 703 660 1279 1358 3329 7076 439 3378 1706 3580 6402 3638 232 3287 125 3445 7281 4098 7561 2692 7599 2528 3429 900 2849 2792 1112 797 1959 7265 1337 1583 599 1353 3040 2891 280 1018 2989 1257 437 404 7265 4437 2947 2187 2898 3324 1449 6395 2881 3656 3586 1535 7460 4264 608 3949 3451 3717 433 797 3306 7091 2837 805 2799 6480 6489 3566 7272 242 6901 3671 2043 1062 1496 854 288 2302 3971 3105 3465 1716 676 3044 528 562 233 367 3650 408 481 2677 3746 2418 996 6795 2243 3560 7253 4635 3431 3724 2627 360 4539 2992 2837 3404 3117 6998 3202 200 3621 2490 1293 3174 3386 3309 3739 2848 2279 3599 3015 2675 3236 765 857 3477 2602 2627 3482 909 3074 780 1084 239 3959 2926 6364 1719 273 1657 3134 6735 4160 3865 1282 0 1704 6966 1862 6598 3975 2614 1748 1672 2407 2428 1568 3878 1548 2821 7160 3767 2777 1539 6342 4507 4013 840 3073 6694 7116 1683 428 930 985 2714 3919 1972 3484 3307 6723 2859 784 3174 3175 3175 848 7381 2290 3779 2400 691 2399 6702 3079 3755 7013 3366 6537 1265 7413 3164 2950 6985 7348 1989 515 1198 3380 2014 2460 3413 2938 3337
2684 8600 5481 8842 5016 2037 2573 2300 452 2625 1083 4345 5777 5445 3213 2589 1147 4663 2214 4894 5144 8465 2494 1438 1826 571 439 5032 8560 1648 5079 1930 5283 7933 5334 1812 4214 1583 5122 8765 5802 9018 4382 9089 2299 5129 2086 4541 3263 1620 932 1359 8742 390 3053 1550 2470 4743 3193 1440 2466 3157 787 1942 1838 8771 5645 4635 3848 4601 5015 2805 7852 2888 4845 5286 3215 8857 5336 1108 5192 4702 5131 1390 938 4650 8621 4149 972 4195 7940 8021 4709 8794 1943 8339 5362 2375 1320 2982 1111 1955 2589 5283 3037 5157 936 1899 4747 1713 1449 1667 1341 4809 1724 2094 4305 4825 2902 709 8245 3632 5261 8722 5842 4483 5428 2662 1369 5627 4316 2382 5090 3289 8477 4355 1780 5297 2451 744 4847 4597 2983 4897 2813 1699 4827 4117 4372 4237 1471 2420 5181 4281 2623 4481 2311 2956 1285 735 1894 5356 4472 7878 2629 1531 2984 4833 8119 5864 5239 2294 1704 0 8539 2998 8106 3617 3026 2895 470 4106 2200 2706 5569 2542 2484 8606 5447 4008 1329 7909 5854 5196 1713 4708 8258 8670 444 1581 916 990 2974 5591 2448 4750 4961 8183 4045 1259 2863 4879 4878 2242 8841 3398 5072 4104 1015 4076 8147 4138 5455 8556 5010 7985 2942 8931 3124 4653 8497 8749 3067 1260 2620 4565 3580 2430 5114 2611 4640
7542 487 4123 579 4492 6503 7192 7153 8091 7894 7491 4377 3046 3506 7432 6231 7405 4286 6391 3773 4296 79 7281 7105 7273 7988 8111 4144 921 6900 4362 7051 3906 729 4314 6791 5115 7064 3684 973 3661 1316 4993 1069 7516 4351 6462 4864 6320 7023 7627 7910 1031 8149 5486 7436 6135 4315 6617 7174 6074 6851 8223 6966 6724 767 3623 4195 5552 4439 4594 5747 1273 7146 4189 4262 5468 1737 4194 7477 3823 4171 3524 7388 7618 4058 476 4537 7765 4409 1220 658 4381 626 6771 1319 4417 6794 7297 5557 7434 6680 6779 3595 7277 3786 8673 7216 4481 6827 7463 6921 7276 4279 7174 6503 4296 4450 6423 7869 1224 4944 3860 1091 3512 4713 3881 7117 7324 4008 4376 7874 4644 6832 963 4606 6989 3517 7240 8259 3910 4323 7758 4222 7218 7936 4120 4860 4889 4960 7611 6144 4146 4463 7177 4824 6228 7364 7260 7807 6868 3354 5870 871 6128 7055 5586 4556 1742 3691 3501 6327 6966 8539 0 5679 777 7981 6482 5757 8621 5057 7511 5924 4305 6138 7697 1269 4545 4755 8406 631 3063 3972 6847 5292 291 257 8628 7294 7895 7566 6727 4605 6615 4104 5039 1145 4786 7714 7708 4268 4418 6297 1213 5382 3798 4918 7578 5303 1272 4917 3685 342 5107 1287 5723 739 7228 4564 653 1675 5668 7302 5919 4396 4969 7230 4322 7697 4130
2212 5685 3597 5925 3269 1096 1795 1622 2582 2527 2101 2107 2792 2447 2394 584 1983 1674 1409 2427 3291 5603 1852 1606 2479 2426 2559 3026 5607 1546 3254 1384 3196 5028 3540 1630 1431 1888 2765 5809 3718 6045 2853 6137 2019 3311 1002 2951 1346 1389 2192 2234 5782 2626 715 2461 546 2747 1599 1915 907 1809 2938 2162 1468 5833 2662 2442 2692 2648 3340 522 4886 1925 1862 3447 1507 5865 2421 2106 2198 1704 2177 2255 2180 1669 5707 1167 2478 1271 4975 5116 1744 5870 1819 5361 3637 1227 1684 759 1907 1632 1332 2286 2144 2916 3423 2469 2902 1443 2415 1683 1997 1838 2249 1441 1852 1901 1124 2429 5273 779 3132 5758 2860 1575 3375 1762 2126 2704 1335 2415 3465 1890 5520 1381 2011 2906 1787 2957 2506 1606 2563 1927 1954 2298 1834 1168 2745 1374 2624 1146 3233 2100 1805 1620 967 2180 1739 2276 1938 2385 3648 4956 458 1776 390 3081 5126 3810 2259 706 1862 2998 5679 0 5176 3088 1307 115 3208 2532 1978 306 3811 466 2278 5631 3814 1011 3362 5050 2861 2218 1306 3481 5391 5783 3206 2290 2618 2012 1542 4007 1036 1752 3585 5218 1054 2605 2457 2909 3032 1020 5871 431 2075 2373 2201 2740 5174 1222 3278 5655 3684 5014 1429 6002 2152 2842 5566 5758 148 1921 757 1581 1149 1766 3272 2331 1646
6929 525 4138 757 4446 6072 6596 6582 7664 7281 7084 4118 2438 2877 6786 5705 6990 3684 6017 3518 4254 712 6688 6669 6962 7544 7672 4050 519 6488 4314 6523 3839 286 4317 6408 4479 6686 3505 711 3697 1056 4873 1009 6931 4313 6020 4762 5702 6548 7213 7387 717 7719 5064 7102 5661 4174 5992 6786 5658 6221 7850 6642 6324 668 2937 3989 5393 4284 4559 5301 496 6527 3566 4249 5148 1257 3498 7074 3191 3583 2998 7027 7203 3517 550 4013 7384 3921 446 246 3754 695 6418 675 4436 6236 6831 5141 6995 6310 6200 2989 6645 3652 8313 6910 4371 6409 7117 6530 6887 3649 6840 6123 3976 3797 5835 7457 542 4477 3778 733 2810 4081 3850 6516 6950 3293 3847 7277 4630 6193 473 4010 6641 3355 6652 7882 3693 3728 7124 3584 6603 7386 3513 4270 4754 4336 7279 5754 4093 4208 6578 4180 5808 6736 6821 7371 6522 2799 5831 237 5612 6660 5125 4477 1020 3747 2937 5849 6598 8106 777 5176 0 7311 5878 5262 8224 4887 6934 5438 4357 5640 7095 772 4591 4210 8082 617 2427 3317 6397 5259 578 712 8229 6951 7518 7122 6116 4682 6064 3519 5031 436 4224 7364 7081 4156 4331 5878 883 4846 3199 4724 7176 5159 551 4314 3626 548 5112 523 5389 826 6591 4444 391 1162 5148 6894 5494 3795 4584 6644 4277 7087 3570
1060 7833 6679 8052 6357 3386 1418 1726 3533 997 3636 5182 4952 4484 695 2608 3536 3760 3933 5419 6378 7902 1420 3283 4584 3314 3390 6106 7611 3544 6342 2275 6261 7259 6627 3827 2894 3898 5779 7790 6769 7912 5918 8107 1458 6398 3296 6026 1833 2864 3576 2294 7742 3512 3770 4389 3100 5832 1530 3793 3623 1295 4191 4412 3664 7886 4373 5512 5673 5736 6427 3485 6891 1183 3818 6533 4515 7562 3820 3674 4169 3899 4630 4100 3563 4125 7858 3780 3967 4028 6976 7338 3626 7974 4119 7241 6726 2032 2960 3787 3273 3951 1819 4417 952 5958 4524 4622 5990 3472 4281 3747 3791 3721 4338 3871 4893 3532 1964 3650 7203 3764 6191 7696 4509 3293 6441 1402 3957 4053 3894 1244 6551 1248 7516 3476 4175 5898 1496 4171 5540 3741 673 3770 1180 1930 3909 3254 5819 3069 4458 3829 6314 5181 1384 3169 3547 940 3253 3360 4191 4724 6600 7138 2748 3718 3451 6168 6868 6865 4572 2999 3975 3617 7981 3088 7311 0 1793 3108 4076 5592 1563 3099 6898 2899 1186 7507 6902 3518 4802 7398 4920 4009 3154 6519 7694 8007 4054 4272 4049 3219 1547 7094 2181 3968 6649 7189 3425 4296 808 5993 6120 3540 7767 3072 4234 5447 3696 5767 7103 3164 6322 7852 6744 6974 4355 8078 936 5929 7667 7477 2983 3595 3590 3657 4235 1526 6359 1059 4005
1064 6402 4888 6634 4573 1872 721 801 2733 1415 2523 3389 3444 3002 1105 913 2399 2198 2384 3638 4588 6403 818 2036 3272 2517 2639 4313 6245 2184 4554 1109 4469 5782 4838 2412 1433 2578 3994 6438 4978 6617 4157 6765 1074 4610 1764 4258 240 1613 2536 1798 6399 2748 2009 3153 1434 4041 303 2525 1976 503 3295 3020 2230 6501 3026 3719 3963 3948 4646 1749 5511 687 2314 4744 2783 6344 2568 2549 2691 2311 2996 2881 2521 2466 6427 2056 2920 2281 5600 5866 2129 6566 2683 5927 4939 660 1854 2037 2191 2493 441 2892 873 4168 3741 3289 4205 2087 3068 2384 2565 2235 3018 2358 3102 2130 205 2711 5865 1974 4399 6363 3201 1812 4649 638 2731 2851 2190 1399 4772 587 6152 1876 2807 4119 794 3295 3751 2159 1337 2307 747 1642 2367 1623 4051 1549 3275 2209 4522 3390 700 1739 1942 933 2085 2455 2783 3136 4911 5681 1034 2409 1684 4386 5613 5074 2986 1396 2614 3026 6482 1307 5878 1793 0 1341 3388 3835 1101 1368 5109 1210 1217 6200 5118 1800 3850 5871 3453 2594 1792 4778 6191 6544 3375 3000 3042 2216 260 5312 653 2379 4890 5831 1732 3174 1257 4202 4332 1956 6455 1289 2686 3679 2613 4031 5763 1566 4532 6399 4988 5617 2659 6685 863 4146 6256 6247 1194 2403 1900 2087 2447 792 4570 1216 2369
2207 5770 3591 6011 3251 982 1788 1597 2476 2513 1989 2109 2888 2551 2413 550 1871 1783 1300 2454 3280 5681 1840 1496 2366 2324 2456 3023 5697 1432 3241 1323 3200 5111 3528 1516 1544 1773 2786 5900 3726 6140 2817 6227 1994 3298 888 2920 1398 1292 2082 2164 5874 2522 668 2347 435 2740 1638 1800 801 1840 2825 2051 1354 5921 2772 2446 2634 2637 3319 436 4979 1936 1973 3437 1450 5965 2535 1993 2305 1810 2265 2140 2069 1763 5792 1260 2364 1348 5068 5199 1857 5956 1707 5456 3622 1202 1585 700 1800 1520 1328 2387 2160 2929 3311 2357 2887 1329 2300 1568 1883 1949 2136 1330 1870 2015 1150 2319 5367 833 3138 5851 2970 1690 3379 1761 2011 2818 1428 2391 3443 1927 5611 1493 1898 2931 1773 2844 2523 1714 2566 2039 1960 2243 1941 1282 2713 1488 2510 1041 3228 2097 1802 1735 855 2190 1631 2170 1826 2477 3588 5041 413 1661 344 3062 5225 3817 2353 601 1748 2895 5757 115 5262 3108 1341 0 3099 2494 1948 194 3799 381 2261 5725 3795 1115 3247 5127 2960 2329 1198 3438 5470 5864 3097 2176 2504 1908 1566 3986 1013 1856 3550 5310 1163 2490 2457 2902 3018 907 5965 546 2178 2341 2089 2692 5268 1336 3290 5738 3647 5108 1355 6089 2172 2823 5653 5857 249 1808 657 1691 1145 1750 3260 2320 1745
3125 8708 5379 8949 4906 2171 2986 2698 660 3082 1141 4343 5946 5641 3652 2861 1243 4881 2234 4915 5047 8549 2913 1603 1619 871 751 4965 8691 1738 4979 2280 5222 8038 5223 1830 4499 1565 5115 8896 5728 9162 4263 9218 2731 5027 2239 4425 3621 1881 1023 1800 8876 640 3161 1358 2665 4683 3576 1447 2567 3559 481 1807 1901 8891 5870 4613 3701 4541 4894 2946 7994 3305 5070 5183 3207 9027 5596 1150 5403 4906 5282 1282 1035 4824 8728 4329 868 4347 8081 8126 4945 8905 1892 8490 5238 2729 1588 3083 1306 1951 2959 5472 3466 5127 468 1692 4663 1823 1279 1700 1344 5042 1580 2119 4344 5079 3249 781 8391 3779 5208 8860 6068 4741 5357 3071 1312 5886 4494 2837 4958 3692 8610 4585 1696 5291 2865 433 4845 4813 3435 5131 3234 2151 5040 4358 4269 4504 1235 2477 5099 4272 3036 4752 2420 3389 1470 959 1818 5515 4245 7993 2881 1566 3140 4730 8292 5783 5406 2505 1672 470 8621 3208 8224 4076 3388 3099 0 4008 2630 2906 5445 2770 2931 8754 5307 4212 897 7994 6034 5425 1901 4529 8345 8763 28 1437 756 1222 3359 5439 2780 4950 4796 8325 4261 1043 3313 4810 4789 2350 8984 3625 5266 4030 1048 3943 8295 4390 5406 8656 4836 8131 2937 9045 3551 4567 8614 8917 3294 1331 2735 4788 3652 2841 5017 3059 4827
4635 5279 1375 5507 912 2433 4221 3970 3676 4903 3046 909 3317 3330 4898 2985 3018 3073 1988 1415 1040 4997 4254 2906 2433 3676 3763 988 5403 2594 973 3523 1251 4638 1231 2344 3520 2532 1384 5598 1727 5932 328 5884 4349 1023 2477 460 3875 3108 3202 4143 5601 3745 1826 2665 2517 751 4130 2682 2051 4334 3542 2201 2390 5525 3762 909 508 619 927 2108 4834 4411 3239 1180 1095 5977 3921 3015 3316 2961 2696 2735 3201 2632 5294 2469 3160 2221 4907 4718 3281 5490 2166 5356 1272 3600 3247 1805 3183 2185 3781 3164 4640 1274 3910 2363 661 2584 2732 2493 2774 3301 2429 2103 1247 3534 3644 3401 5227 2054 1260 5608 3920 3380 1364 4212 2738 4099 2511 4735 1024 4420 5343 3034 2329 1543 4180 3586 1205 3013 5016 3362 4425 4375 3111 3035 268 3356 2815 1918 1096 825 4244 3514 2175 4661 3048 3478 2213 2921 1272 4652 2845 2619 2151 727 5331 1777 2921 2655 2407 4106 5057 2532 4887 5592 3835 2494 4008 0 4277 2493 1477 2701 4642 5578 1393 2636 3541 4480 3477 3503 2801 959 4820 5254 4025 2571 3256 3328 4058 1566 3429 2944 1058 5132 2776 2977 4897 837 782 2213 5753 2695 3071 217 3099 314 5150 3154 1459 5188 1153 4988 1314 5636 4659 564 5244 5863 2658 2897 2033 3070 1460 4153 1010 4725 2761
515 7456 5492 7691 5115 1914 420 363 2031 646 2075 4039 4496 4068 1029 1398 1974 3252 2454 4402 5169 7433 322 1729 3024 1805 1899 4935 7316 2005 5123 771 5128 6824 5410 2296 2529 2345 4734 7511 5659 7700 4604 7839 106 5180 1840 4731 1323 1324 2021 846 7474 2021 2533 2826 1774 4644 1127 2235 2232 1013 2676 2866 2143 7566 4118 4376 4278 4529 5167 2217 6582 701 3384 5326 3182 7438 3669 2112 3763 3351 3993 2537 2007 3458 7480 2999 2416 3181 6671 6909 3205 7626 2587 7010 5490 752 1398 2523 1711 2431 733 3946 837 4871 3051 3064 4763 1943 2719 2205 2230 3312 2781 2377 3817 3224 1103 2113 6943 2752 5071 7440 4296 2898 5304 519 2395 3952 3152 458 5282 1133 7224 2924 2626 4879 315 2660 4469 3206 890 3388 619 576 3424 2664 4525 2633 2897 2402 5134 4017 464 2834 2125 759 1691 1824 2651 4157 5169 6730 1536 2165 2255 4921 6704 5748 4011 1623 2428 2200 7511 1978 6934 1563 1101 1948 2630 4277 0 1862 5679 1626 394 7283 5646 2764 3280 6892 4517 3681 1631 5157 7220 7586 2611 2711 2505 1663 924 5830 943 3416 5322 6905 2726 2738 754 4804 4898 2101 7536 2161 3735 4164 2138 4408 6842 2626 5229 7446 5408 6692 2979 7748 924 4689 7316 7339 1931 2033 2246 3141 3076 310 5146 510 3381
2159 5944 3641 6185 3283 794 1741 1522 2284 2451 1795 2177 3074 2742 2405 494 1678 1976 1147 2558 3323 5848 1784 1303 2196 2135 2266 3079 5877 1241 3281 1194 3267 5284 3568 1337 1719 1589 2880 6081 3798 6323 2819 6407 1917 3338 697 2931 1456 1110 1888 2015 6055 2331 682 2167 241 2790 1670 1611 662 1856 2632 1887 1171 6098 2965 2514 2596 2680 3344 386 5161 1918 2166 3480 1420 6152 2726 1800 2498 2002 2444 1954 1876 1947 5966 1446 2172 1519 5249 5371 2050 6131 1540 5640 3656 1132 1399 689 1608 1350 1291 2577 2148 3010 3117 2190 2923 1138 2117 1383 1693 2143 1961 1166 1964 2206 1168 2126 5550 984 3209 6032 3164 1879 3444 1724 1823 3009 1613 2313 3465 1953 5792 1686 1725 3030 1713 2651 2612 1907 2531 2232 1934 2117 2135 1474 2723 1672 2327 906 3280 2157 1760 1920 691 2169 1438 1979 1658 2660 3543 5216 352 1472 395 3091 5414 3886 2537 413 1568 2706 5924 306 5438 3099 1368 194 2906 2493 1862 0 3839 239 2194 5909 3822 1307 3058 5293 3149 2523 1005 3423 5637 6034 2904 1996 2312 1717 1574 4012 950 2048 3550 5492 1357 2303 2416 2951 3056 737 6148 736 2368 2353 1895 2673 5452 1525 3367 5910 3645 5291 1291 6265 2168 2854 5829 6045 421 1615 546 1885 1215 1689 3302 2263 1934
5998 4636 284 4835 571 3890 5579 5354 5145 6287 4518 1733 3570 3771 6205 4329 4493 3828 3463 1724 521 4262 5622 4381 3840 5151 5236 822 4868 4070 558 4944 778 4078 271 3820 4491 4003 1390 5040 661 5404 1188 5278 5743 501 3925 1029 5107 4565 4675 5603 5062 5214 3157 4089 3905 1070 5389 4154 3486 5611 4971 3642 3866 4917 4218 1423 1750 1163 555 3467 4455 5734 3943 368 2527 5576 4551 4486 3879 3684 3150 4187 4673 3333 4644 3380 4612 3100 4509 4143 4048 4842 3636 4945 208 4970 4717 3159 4660 3661 5123 3647 5956 1141 5307 3767 917 4057 4167 3969 4245 4030 3869 3579 2068 4294 4934 4868 4804 3170 871 5086 4324 4245 640 5558 4201 4648 3353 6136 492 5680 4830 3907 3789 1397 5551 5017 1507 3788 6364 4065 5760 5820 3802 3994 1209 4303 4227 3377 612 1722 5596 4396 3620 5989 4523 4953 3676 3301 1634 4143 4186 4095 3461 766 5046 616 3368 4062 3878 5569 4305 3811 4357 6898 5109 3799 5445 1477 5679 3839 0 4065 6028 5117 240 3610 4901 3828 3739 4104 4264 1082 4125 4539 5463 4013 4701 4805 5351 346 4789 3642 791 4696 3744 4404 6252 911 783 3664 5237 3866 3640 1534 4568 1502 4750 4115 885 4517 830 4606 2770 4984 5962 991 4656 5468 3915 4372 3441 3866 2663 5526 539 6101 3483
1938 6149 3871 6389 3506 758 1522 1290 2134 2222 1689 2414 3257 2907 2208 299 1567 2122 1204 2798 3551 6061 1559 1180 2197 1971 2103 3311 6073 1176 3507 956 3502 5491 3795 1322 1771 1550 3119 6275 4034 6511 3029 6603 1683 3564 649 3144 1330 926 1767 1786 6248 2176 910 2138 226 3021 1512 1549 766 1682 2528 1905 1145 6298 3106 2750 2778 2909 3565 599 5352 1716 2305 3708 1617 6328 2830 1699 2650 2161 2642 1904 1753 2134 6171 1633 2079 1729 5441 5579 2176 6334 1557 5826 3880 905 1224 907 1465 1364 1081 2748 1948 3248 3011 2199 3148 1070 2077 1342 1621 2273 1952 1199 2203 2311 1006 1997 5739 1209 3445 6224 3303 1976 3678 1511 1765 3118 1801 2079 3684 1787 5986 1817 1721 3269 1487 2543 2850 2056 2316 2362 1725 1879 2286 1587 2937 1749 2289 1003 3511 2391 1543 1999 747 1963 1301 1827 1670 2851 3717 5420 183 1413 634 3313 5588 4122 2725 278 1548 2542 6138 466 5640 2899 1210 381 2770 2701 1626 239 4065 0 1964 6096 4043 1471 2988 5508 3324 2658 878 3621 5850 6244 2767 1970 2217 1562 1396 4231 729 2211 3758 5683 1503 2243 2197 3182 3282 773 6337 858 2536 2569 1790 2868 5640 1623 3604 6118 3850 5480 1463 6466 1974 3078 6031 6222 526 1518 697 2025 1452 1462 3529 2036 2110
231 7619 5835 7851 5468 2302 509 674 2361 261 2452 4367 4661 4219 743 1713 2355 3415 2844 4703 5515 7618 431 2121 3412 2138 2222 5273 7459 2399 5471 1159 5458 6999 5758 2690 2637 2737 5043 7651 5986 7825 4970 7977 301 5528 2225 5093 1403 1718 2390 1132 7612 2344 2874 3209 2129 4984 1141 2624 2605 956 3015 3258 2537 7716 4229 4704 4658 4873 5524 2562 6725 612 3530 5672 3547 7540 3747 2491 3907 3526 4199 2921 2377 3665 7644 3229 2781 3430 6814 7083 3344 7783 2981 7136 5842 1062 1785 2870 2090 2825 960 4110 632 5190 3367 3453 5112 2337 3100 2598 2616 3450 3170 2768 4128 3334 1282 2466 7076 3039 5398 7575 4399 3024 5636 580 2780 4021 3374 192 5640 1045 7366 3092 3019 5183 491 2997 4783 3375 516 3520 523 787 3584 2837 4887 2763 3274 2783 5474 4350 520 2942 2504 529 2079 2177 3045 4347 5555 6898 1855 2558 2582 5274 6813 6076 4198 1988 2821 2484 7697 2278 7095 1186 1217 2261 2931 4642 394 2194 6028 1964 0 7409 6002 2983 3624 7084 4669 3804 2024 5532 7406 7761 2910 3098 2864 2033 984 6188 1249 3593 5692 7044 2929 3110 386 5145 5246 2484 7664 2409 3903 4523 2511 4781 6975 2783 5550 7616 5779 6830 3353 7901 723 5041 7472 7444 2214 2418 2609 3304 3402 512 5493 129 3576
7228 787 4892 830 5184 6587 6922 6941 8172 7576 7613 4774 2840 3226 7033 6129 7513 4046 6580 4185 4995 1241 7018 7175 7563 8038 8168 4777 349 7017 5052 6937 4575 1057 5068 6961 4772 7242 4206 370 4456 418 5584 620 7270 5054 6527 5480 6006 7018 7735 7799 301 8223 5598 7686 6140 4883 6281 7332 6191 6499 8402 7237 6863 575 3182 4673 6086 4986 5299 5811 767 6820 3901 4996 5757 493 3699 7606 3523 3967 3476 7592 7724 3963 804 4465 7932 4412 684 1009 4078 738 6993 273 5189 6617 7308 5679 7497 6873 6554 3366 6915 4368 8873 7514 5089 6932 7694 7075 7432 3971 7426 6681 4598 4075 6180 7979 365 4978 4510 232 3021 4388 4595 6836 7507 3455 4297 7595 5375 6456 326 4375 7218 4064 6988 8432 4376 4099 7386 3896 6901 7766 3872 4635 5460 4652 7865 6307 4830 4866 6899 4467 6335 7012 7323 7873 7102 3251 6565 975 6049 7202 5624 5205 672 4509 3372 6323 7160 8606 1269 5631 772 7507 6200 5725 8754 5578 7283 5909 5117 6096 7409 0 5349 4635 8669 1372 2786 3606 6893 5996 1218 1058 8758 7530 8069 7617 6425 5445 6454 3909 5777 448 4628 7937 7356 4875 5057 6405 260 5270 3581 5406 7708 5860 459 4661 4365 928 5860 624 5986 743 6854 5159 621 412 5586 7423 6020 4155 5153 6983 5016 7388 3990
5981 4874 473 5074 547 3825 5563 5328 5029 6262 4408 1777 3738 3918 6207 4315 4389 3932 3377 1844 581 4501 5603 4295 3694 5045 5125 911 5103 3981 589 4901 930 4313 354 3722 4564 3892 1533 5276 895 5639 1081 5515 5713 539 3866 933 5128 4499 4564 5535 5297 5098 3141 3949 3874 1113 5403 4045 3434 5621 4829 3511 3778 5155 4367 1490 1606 1181 479 3444 4683 5730 4056 461 2473 5806 4679 4375 4012 3792 3289 4060 4564 3440 4882 3454 4484 3177 4738 4378 4152 5080 3525 5175 213 4948 4639 3136 4566 3562 5112 3788 5955 1283 5152 3620 916 3974 4031 3870 4134 4140 3736 3491 2129 4401 4938 4751 5035 3205 1022 5321 4481 4335 821 5546 4081 4788 3439 6104 369 5695 5064 3993 3668 1562 5530 4876 1615 3889 6353 4179 5752 5764 3915 4066 1130 4379 4081 3310 718 1754 5582 4485 3562 5984 4434 4848 3558 3452 1407 4375 4173 3993 3454 733 5269 855 3511 4024 3767 5447 4545 3814 4591 6902 5118 3795 5307 1393 5646 3822 240 4043 6002 5349 0 3677 4736 4066 3907 4233 4194 870 4364 4778 5325 3880 4568 4710 5356 197 4771 3753 574 4927 3812 4264 6238 966 795 3603 5472 3895 3770 1482 4453 1371 4979 4188 1072 4755 600 4833 2704 5222 5965 972 4892 5698 3924 4268 3401 3964 2673 5505 588 6079 3589
2856 4726 3354 4965 3142 2064 2474 2404 3591 3202 3092 1906 1795 1437 2867 1498 2978 681 2249 1964 3103 4677 2556 2608 3339 3437 3569 2788 4625 2517 3087 2313 2884 4080 3352 2550 893 2824 2333 4826 3347 5051 2911 5154 2777 3140 1982 2959 1696 2397 3192 3177 4796 3636 1264 3369 1547 2564 2006 2874 1762 2249 3922 3006 2408 4859 1668 2190 2960 2511 3242 1329 3898 2487 879 3246 1901 4858 1512 3093 1192 695 1231 3194 3179 697 4750 262 3456 527 3988 4167 801 4905 2685 4363 3474 2039 2693 1352 2915 2516 2039 1277 2661 2544 4408 3316 2780 2418 3339 2628 2963 877 3133 2314 1547 1014 1702 3431 4280 646 2802 4769 1867 769 3061 2409 3077 1774 391 3150 3375 2274 4536 453 2898 2428 2508 3944 2131 610 3134 964 2546 3183 831 399 2773 720 3541 1958 2998 1943 2466 888 1871 2730 2745 3285 2805 1411 3888 3997 1414 2735 1120 2981 4118 3448 1274 1716 2777 4008 4755 1011 4210 3518 1800 1115 4212 2636 2764 1307 3610 1471 2983 4635 3677 0 4310 4132 1855 1237 2312 3578 4464 4841 4211 3198 3596 3022 2059 3873 1861 742 3599 4228 140 3549 3058 2712 2887 1936 4878 637 1065 2432 3191 2916 4180 520 2899 4706 3709 4022 1968 5033 2635 2750 4598 4752 953 2907 1583 604 1226 2495 3092 3002 645
3793 8542 4874 8781 4395 2265 3582 3268 1271 3807 1333 4040 5935 5688 4307 3157 1460 4991 2106 4639 4556 8338 3525 1844 1136 1488 1420 4526 8570 1818 4485 2768 4789 7874 4702 1762 4758 1485 4782 8774 5263 9065 3751 9088 3386 4527 2362 3913 4065 2241 1315 2510 8762 1299 3120 982 2826 4266 4082 1447 2556 4111 611 1441 1903 8748 5974 4266 3157 4124 4363 2983 7902 3905 5189 4678 2941 8981 5781 1313 5487 4988 5247 1116 1330 4844 8560 4377 933 4336 7986 7960 5092 8746 1679 8413 4696 3202 2000 3032 1661 1817 3455 5511 4094 4752 493 1198 4202 1923 983 1684 1368 5178 1243 2018 4116 5261 3681 1171 8304 3782 4790 8753 6172 4937 4905 3655 1237 6060 4531 3560 4409 4246 8495 4727 1454 4958 3466 635 4528 4919 4139 5267 3845 2879 5135 4528 3785 4727 804 2392 4633 3959 3632 4976 2439 4030 1769 1457 1568 5491 3554 7846 3136 1586 3191 4236 8261 5306 5401 2709 1539 1329 8406 3362 8082 4802 3850 3247 897 3541 3280 3058 4901 2988 3624 8669 4736 4310 0 7791 6043 5546 2130 3910 8142 8570 925 1141 809 1654 3875 4848 3203 5022 4193 8228 4385 760 4009 4373 4317 2373 8884 3793 5318 3607 1239 3416 8212 4583 4990 8476 4218 8046 2693 8889 4172 4105 8466 8869 3476 1480 2736 4911 3516 3439 4525 3753 4876
6933 813 3625 1030 3965 5873 6578 6533 7461 7285 6863 3771 2449 2915 6836 5604 6776 3680 5766 3166 3770 556 6666 6475 6659 7357 7481 3593 1069 6271 3833 6423 3366 354 3810 6166 4519 6439 3099 1222 3172 1591 4434 1450 6898 3827 5832 4313 5714 6392 6998 7282 1252 7519 4856 6818 5504 3746 6014 6547 5444 6250 7599 6350 6096 1089 3066 3603 4980 3866 4072 5117 997 6540 3591 3750 4851 1864 3641 6849 3231 3560 2901 6766 6989 3436 824 3911 7140 3780 987 371 3784 1022 6149 1291 3922 6171 6666 4927 6804 6056 6161 2994 6675 3218 8051 6604 3925 6198 6843 6294 6650 3684 6556 5877 3676 3866 5807 7240 1156 4313 3314 1287 2971 4117 3358 6504 6700 3475 3751 7260 4133 6235 1053 3996 6369 2937 6624 7634 3314 3714 7157 3630 6611 7312 3516 4248 4325 4359 6994 5517 3614 3858 6564 4233 5598 6761 6630 7176 6247 2738 5350 511 5500 6428 4955 4014 1605 3213 2886 5696 6342 7909 631 5050 617 7398 5871 5127 7994 4480 6892 5293 3828 5508 7084 1372 4066 4132 7791 0 2480 3391 6217 4773 352 781 8001 6674 7270 6936 6119 4144 5991 3493 4532 1047 4166 7093 7103 3711 3872 5667 1436 4757 3192 4333 6950 4736 1152 4309 3147 709 4607 1084 5104 1167 6629 4004 832 1773 5040 6674 5289 3789 4342 6613 3794 7087 3512
4503 2951 3455 3182 3502 3865 4171 4169 5429 4854 4900 2568 169 450 4370 3345 4792 1266 3938 2144 3366 2984 4265 4436 4989 5283 5415 3047 2799 4309 3391 4151 2977 2346 3555 4292 2056 4574 2387 2997 3200 3203 3619 3325 4510 3422 3795 3580 3276 4250 5011 5013 2962 5477 2924 5070 3385 2988 3567 4646 3502 3797 5714 4653 4174 3050 645 2640 3950 3028 3626 3094 2066 4101 1139 3451 3267 3005 1205 4897 764 1182 826 4937 4999 1211 2976 1706 5243 1707 2156 2428 1327 3114 4370 2513 3697 3836 4544 3011 4752 4226 3784 581 4221 2632 6195 4951 3241 4217 5061 4392 4742 1223 4818 4026 2260 1387 3415 5254 2436 2268 2885 2930 649 1656 3099 4091 4836 1118 1541 4852 3747 3773 2708 1595 4594 2346 4230 5739 2389 1316 4702 1161 4177 4986 1093 1855 3471 1910 5248 3652 3204 2654 4152 1761 3635 4311 4580 5126 4486 578 4697 2235 3268 4511 2896 3424 2265 3297 644 3561 4507 5854 3063 2861 2427 4920 3453 2960 6034 3477 4517 3149 3739 3324 4669 2786 3907 1855 6043 2480 0 911 4146 4214 2775 3103 6035 4905 5382 4865 3689 4076 3670 1123 4102 2392 1843 5291 4656 3066 3280 3704 3034 2487 796 3265 4997 3790 2335 1892 2855 2954 4209 2181 3447 3233 4170 3269 2803 2898 2808 4711 3324 1376 2578 4223 3372 4660 1215
3627 3841 3822 4067 3756 3296 3316 3344 4792 3977 4317 2627 963 497 3470 2620 4200 555 3479 2389 3658 3893 3412 3824 4566 4626 4758 3326 3658 3749 3666 3392 3326 3251 3881 3787 1169 4061 2714 3849 3663 4023 3715 4174 3665 3708 3210 3716 2402 3576 4411 4242 3808 4834 2476 4603 2764 3188 2684 4109 2997 2908 5152 4232 3644 3920 452 2805 3916 3187 3874 2565 2925 3222 358 3773 3009 3761 447 4320 233 588 967 4431 4398 874 3866 1208 4687 1355 3013 3332 491 3995 3916 3333 4020 3038 3875 2566 4121 3750 2956 509 3330 2963 5637 4540 3438 3649 4575 3864 4197 388 4366 3548 2263 480 2580 4647 3272 1817 3234 3770 647 783 3478 3231 4313 599 1084 3990 4004 2877 3565 841 4131 2731 3383 5172 2623 628 3808 301 3301 4178 428 1082 3566 1047 4776 3188 3515 2697 3293 866 3108 3423 3955 4485 4036 892 4772 3134 2567 3970 2356 3636 3025 3766 774 2920 4013 5196 3972 2218 3317 4009 2594 2329 5425 3503 3681 2523 4104 2658 3804 3606 4233 1237 5546 3391 911 0 3524 4362 3684 4004 5422 4433 4828 4220 2820 4419 2887 580 4310 3241 1167 4786 3768 3303 3509 3173 3861 1801 464 3285 4417 3810 3171 1080 3258 3852 4421 3026 3128 4108 3275 3440 3684 3661 2133 4135 2818 639 2295 3379 3657 3787 762
2098 6895 4118 7137 3693 383 1751 1430 1282 2276 813 2797 4066 3745 2521 1026 689 2980 849 3292 3781 6773 1736 302 1490 1147 1276 3601 6848 401 3725 879 3829 6230 4005 673 2641 790 3563 7053 4365 7305 3119 7378 1726 3780 390 3262 1984 319 889 1341 7029 1331 1373 1361 765 3303 2061 735 827 2150 1650 1270 513 7061 3968 3116 2716 3172 3724 1100 6139 2042 3169 3935 1745 7148 3708 826 3503 3007 3418 1094 876 2939 6917 2440 1208 2483 6227 6318 3046 7087 964 6626 4064 1203 474 1313 606 801 1463 3579 2268 3640 2133 1513 3369 319 1279 607 784 3142 1235 757 2688 3189 1603 1123 6532 1921 3790 7009 4167 2854 3993 1790 945 3995 2607 2064 3825 2279 6765 2685 1040 3730 1661 1665 3285 2912 2495 3231 2012 1592 3139 2462 3065 2627 1488 888 3780 2748 1792 2876 673 2241 434 980 1041 3643 3567 6171 1011 618 1272 3499 6410 4441 3527 606 840 1713 6847 1306 6397 3154 1792 1198 1901 2801 1631 1005 4264 878 2024 6893 4194 2312 2130 6217 4146 3524 0 3611 6564 6971 1900 1209 1345 725 1878 4366 1142 3052 3806 6471 2360 1407 2361 3456 3506 616 7128 1726 3371 2731 913 2879 6434 2500 3972 6854 3882 6272 1494 7223 2325 3284 6789 7039 1396 651 948 2887 1930 1631 3755 2135 2934
5541 5586 1185 5798 812 3266 5132 4867 4308 5793 3708 1738 4047 4133 5827 3911 3705 3971 2765 2071 1005 5242 5158 3666 2911 4348 4416 1236 5777 3345 945 4392 1422 4989 989 3065 4467 3198 1878 5960 1650 6314 667 6219 5235 947 3326 647 4826 3927 3861 4940 5974 4377 2770 3177 3425 1227 5075 3352 2927 5275 4049 2767 3150 5856 4578 1581 897 1190 701 3037 5291 5336 4125 1030 2004 6432 4794 3671 4161 3849 3490 3319 3862 3508 5596 3396 3736 3137 5354 5061 4185 5795 2835 5801 912 4508 4025 2741 3907 2904 4702 3979 5568 1665 4343 2837 977 3356 3268 3207 3432 4195 2984 2869 2108 4439 4584 4028 5664 3010 1489 5991 4719 4307 1415 5128 3359 4950 3423 5613 651 5364 5729 3960 2949 1981 5083 4097 1826 3916 5928 4250 5345 5203 3992 3977 808 4298 3295 2760 1166 1674 5157 4446 3033 5583 3793 4156 2848 3693 578 5033 3773 3319 3096 813 5843 1644 3718 3548 3073 4708 5292 3481 5259 6519 4778 3438 4529 959 5157 3423 1082 3621 5532 5996 870 3578 3910 4773 4214 4362 3611 0 5090 5515 4550 3127 3808 4047 4996 946 4344 3824 297 5560 3717 3488 5805 1170 964 3061 6141 3654 3914 1150 3741 753 5598 4097 1633 5476 308 5445 2180 5940 5591 945 5584 6321 3610 3586 2935 3979 2418 5055 982 5621 3645
7251 523 3931 710 4284 6222 6901 6862 7811 7603 7213 4120 2756 3216 7142 5942 7126 3995 6117 3515 4089 213 6990 6824 7010 7706 7830 3922 880 6621 4153 6761 3690 458 4119 6517 4825 6790 3441 990 3473 1357 4767 1167 7225 4145 6180 4643 6029 6738 7348 7621 1034 7869 5206 7169 5849 4083 6327 6899 5794 6561 7951 6701 6447 820 3340 3948 5318 4204 4389 5464 1060 6855 3899 4063 5202 1707 3913 7200 3533 3880 3234 7117 7340 3767 527 4247 7492 4122 1020 400 4091 720 6501 1207 4227 6503 7012 5277 7152 6407 6488 3305 6986 3554 8403 6954 4256 6548 7194 6645 7001 3989 6907 6229 4028 4162 6132 7591 1091 4658 3641 1083 3233 4423 3675 6825 7052 3732 4086 7583 4446 6543 893 4314 6720 3277 6949 7986 3660 4032 7468 3933 6928 7646 3829 4569 4660 4669 7345 5868 3935 4207 6886 4535 5948 7073 6978 7526 6599 3063 5668 615 5839 6779 5301 4340 1593 3509 3210 6041 6694 8258 291 5391 578 7694 6191 5470 8345 4820 7220 5637 4125 5850 7406 1218 4364 4464 8142 352 2775 3684 6564 5090 0 434 8352 7026 7622 7284 6436 4434 6325 3813 4843 996 4495 7445 7417 4043 4199 6017 1223 5092 3507 4676 7301 5072 1119 4626 3470 393 4915 1101 5455 860 6938 4337 610 1630 5378 7025 5638 4105 4693 6939 4114 7406 3839
7600 275 4351 322 4711 6633 7258 7231 8224 7952 7630 4552 3100 3551 7472 6327 7541 4346 6539 3947 4516 280 7349 7234 7439 8115 8240 4354 715 7037 4580 7146 4120 762 4541 6937 5159 7211 3875 736 3891 1067 5199 812 7587 4571 6589 5074 6375 7139 7763 8008 798 8281 5618 7596 6250 4516 6669 7318 6208 6900 8373 7129 6864 523 3637 4382 5752 4638 4815 5871 1194 7201 4239 4486 5629 1508 4202 7617 3867 4237 3614 7541 7754 4144 255 4631 7912 4516 1127 677 4429 373 6925 1145 4646 6877 7416 5691 7562 6829 6853 3652 7325 3987 8827 7384 4688 6962 7620 7064 7421 4325 7334 6649 4455 4484 6492 8006 1069 5060 4072 863 3515 4759 4101 7180 7473 4002 4467 7940 4869 6876 773 4669 7145 3711 7310 8408 4093 4386 7805 4264 7275 8023 4177 4927 5093 5010 7772 6287 4363 4639 7241 4864 6361 7414 7388 7936 7024 3432 6093 870 6227 7197 5705 4769 1588 3924 3576 6440 7116 8670 257 5783 712 8007 6544 5864 8763 5254 7586 6034 4539 6244 7761 1058 4778 4841 8570 781 3103 4004 6971 5515 434 0 8770 7452 8043 7693 6786 4843 6701 4171 5265 1006 4865 7870 7759 4475 4630 6431 975 5472 3858 5110 7718 5506 1132 4977 3899 168 5335 1177 5881 482 7274 4770 469 1454 5765 7441 6050 4457 5111 7301 4541 7757 4208
3105 8713 5396 8955 4924 2173 2969 2682 650 3059 1145 4355 5948 5640 3633 2855 1245 4879 2243 4926 5064 8556 2895 1602 1639 859 737 4980 8695 1742 4996 2268 5236 8044 5240 1839 4492 1575 5127 8900 5743 9166 4280 9222 2712 5044 2240 4442 3609 1874 1025 1779 8880 628 3166 1377 2664 4698 3562 1455 2571 3543 502 1824 1907 8896 5868 4626 3720 4555 4911 2948 7997 3288 5068 5200 3218 9029 5592 1155 5402 4905 5285 1297 1036 4825 8734 4330 880 4349 8085 8132 4942 8911 1904 8493 5256 2717 1580 3088 1302 1961 2946 5472 3448 5140 495 1713 4679 1826 1296 1707 1352 5039 1597 2128 4353 5075 3237 781 8394 3782 5222 8864 6066 4736 5372 3054 1324 5881 4495 2815 4976 3676 8614 4582 1710 5303 2848 454 4857 4811 3414 5128 3216 2129 5039 4354 4286 4499 1256 2484 5115 4284 3019 4747 2424 3370 1468 952 1832 5517 4268 7998 2876 1573 3141 4747 8294 5799 5408 2503 1683 444 8628 3206 8229 4054 3375 3097 28 4025 2611 2904 5463 2767 2910 8758 5325 4211 925 8001 6035 5422 1900 4550 8352 8770 0 1454 770 1216 3344 5458 2769 4950 4816 8328 4259 1063 3292 4825 4805 2354 8987 3622 5266 4046 1053 3961 8299 4386 5420 8662 4856 8135 2947 9050 3533 4583 8619 8919 3291 1335 2738 4786 3659 2824 5034 3038 4828
3214 7416 3943 7657 3470 1214 2910 2584 1200 3328 691 2953 4795 4556 3679 2189 758 3877 967 3542 3610 7225 2879 1001 318 1285 1325 3532 7436 819 3542 2032 3790 6748 3787 659 3714 426 3714 7641 4292 7928 2828 7956 2815 3590 1322 2990 3187 1437 815 2138 7627 1267 1984 172 1779 3253 3269 486 1436 3351 974 371 828 7618 4853 3204 2275 3110 3460 1870 6764 3217 4076 3746 1829 7840 4689 649 4364 3866 4106 208 822 3710 7435 3250 609 3199 6849 6834 3990 7619 538 7274 3805 2403 1314 1896 1024 684 2665 4378 3435 3710 1385 372 3227 921 169 630 482 4072 144 886 2998 4172 2809 924 7165 2649 3779 7617 5051 3858 3923 2962 322 4963 3401 3092 3527 3482 7360 3626 313 3891 2808 1017 3450 3805 3601 4160 3177 2485 4016 3442 2832 3664 344 1256 3663 2876 2955 3910 1334 3395 1020 1116 429 4351 2902 6716 2138 591 2078 3293 7120 4347 4262 1700 428 1581 7294 2290 6951 4272 3000 2176 1437 2571 2711 1996 4013 1970 3098 7530 3880 3198 1141 6674 4905 4433 1209 3127 7026 7452 1454 0 688 1119 3083 4018 2350 3897 3383 7091 3282 423 3465 3377 3352 1274 7748 2718 4188 2597 679 2512 7073 3506 3978 7354 3430 6908 1571 7762 3499 3131 7337 7728 2417 681 1615 3802 2377 2779 3580 3220 3747
3020 7995 4629 8237 4157 1532 2788 2470 612 3063 534 3594 5285 5005 3525 2366 660 4276 1505 4171 4296 7824 2735 1049 911 780 763 4210 7992 1080 4228 1962 4466 7325 4474 1110 3985 832 4364 8197 4973 8472 3516 8517 2611 4277 1618 3677 3257 1434 507 1782 8180 668 2473 636 2073 3928 3274 738 1883 3307 333 1059 1209 8185 5264 3860 2963 3785 4148 2290 7305 3110 4470 4433 2459 8357 5037 519 4786 4286 4609 527 522 4173 8015 3689 140 3679 7391 7413 4361 8195 1141 7807 4493 2393 1192 2390 852 1215 2647 4832 3305 4373 813 984 3909 1179 540 994 640 4452 833 1395 3607 4516 2874 404 7704 3114 4452 8167 5463 4186 4602 2858 570 5321 3849 2817 4216 3442 7913 3996 940 4540 2673 365 4095 4205 3380 4541 3053 2151 4427 3785 3518 3966 561 1764 4346 3522 2837 4215 1747 3245 964 690 1063 4847 3558 7285 2356 871 2492 3980 7627 5029 4746 1940 930 916 7895 2618 7518 4049 3042 2504 756 3256 2505 2312 4701 2217 2864 8069 4568 3596 809 7270 5382 4828 1345 3808 7622 8043 770 688 0 853 3068 4705 2395 4325 4067 7634 3661 346 3247 4055 4036 1678 8293 3047 4632 3275 436 3200 7610 3832 4650 7939 4112 7445 2190 8336 3380 3813 7907 8246 2722 699 2059 4189 2935 2646 4266 2992 4190
2177 7618 4685 7860 4238 1067 1935 1616 573 2246 433 3446 4787 4458 2676 1639 368 3682 1350 3969 4346 7492 1883 467 1436 423 551 4198 7573 742 4285 1118 4438 6952 4555 988 3277 866 4221 7777 4968 8029 3629 8102 1769 4338 1104 3782 2440 659 358 1019 7754 615 2083 1201 1481 3902 2435 715 1509 2458 1080 1374 946 7786 4667 3752 3155 3765 4254 1822 6863 2256 3867 4495 2342 7868 4378 474 4209 3717 4143 921 344 3660 7640 3160 755 3207 6951 7040 3736 7811 1215 7349 4600 1559 369 2017 146 1149 1807 4295 2452 4278 1529 1490 3938 777 1087 842 661 3834 1223 1230 3370 3863 2060 495 7256 2646 4406 7734 4865 3523 4594 2004 800 4668 3327 2004 4343 2593 7489 3379 1145 4391 1820 1079 3943 3615 2546 3923 2200 1371 3845 3146 3596 3284 1247 1502 4363 3389 1983 3531 1352 2395 309 266 1222 4366 3911 6895 1662 728 1997 4048 7130 5038 4249 1307 985 990 7566 2012 7122 3219 2216 1908 1222 3328 1663 1717 4805 1562 2033 7617 4710 3022 1654 6936 4865 4220 725 4047 7284 7693 1216 1119 853 0 2225 4870 1583 3764 4272 7195 3063 1077 2412 4047 4073 1285 7852 2419 4085 3291 479 3353 7158 3174 4595 7576 4336 6996 2074 7947 2527 3848 7513 7760 2087 474 1651 3586 2626 1793 4318 2160 3651
815 6641 5133 6872 4811 2004 515 683 2713 1167 2563 3636 3686 3239 855 1097 2442 2441 2533 3894 4831 6649 616 2097 3368 2491 2608 4559 6476 2278 4795 1107 4718 6025 5080 2524 1653 2668 4249 6668 5230 6841 4383 6994 879 4851 1901 4487 419 1663 2561 1691 6628 2721 2233 3229 1613 4285 219 2601 2153 287 3303 3133 2344 6734 3245 3967 4169 4189 4882 1959 5742 428 2550 4986 2995 6558 2770 2592 2926 2558 3250 2951 2546 2721 6665 2315 2953 2541 5831 6109 2363 6802 2803 6152 5179 683 1876 2255 2217 2617 423 3134 616 4421 3733 3390 4444 2186 3138 2482 2632 2469 3113 2496 3353 2350 418 2718 6092 2228 4649 6591 3416 2041 4898 420 2801 3048 2448 1171 5007 405 6383 2123 2911 4375 610 3299 4004 2405 1077 2537 492 1490 2609 1872 4280 1781 3341 2379 4768 3634 483 1958 2104 673 2128 2449 2897 3385 5111 5921 1229 2494 1910 4623 5830 5326 3235 1550 2714 2974 6727 1542 6116 1547 260 1566 3359 4058 924 1574 5351 1396 984 6425 5356 2059 3875 6119 3689 2820 1878 4996 6436 6786 3344 3083 3068 2225 0 5549 747 2626 5115 6061 1989 3226 999 4446 4573 2112 6680 1546 2930 3908 2649 4246 5991 1811 4785 6640 5212 5846 2857 6920 612 4384 6492 6462 1436 2459 2093 2331 2688 617 4812 971 2622
6169 4948 623 5143 742 3999 5752 5514 5177 6448 4560 1974 3907 4097 6399 4505 4545 4124 3543 2031 774 4564 5791 4461 3822 5198 5276 1103 5190 4144 786 5082 1104 4401 538 3882 4760 4045 1712 5360 994 5725 1247 5592 5899 734 4043 1106 5323 4673 4716 5707 5383 5246 3331 4082 4060 1310 5597 4198 3613 5815 4960 3651 3943 5232 4546 1685 1743 1377 668 3633 4791 5922 4246 647 2653 5907 4865 4526 4196 3983 3471 4201 4716 3631 4955 3650 4625 3372 4844 4465 4344 5152 3678 5277 403 5136 4807 3325 4726 3721 5302 3969 6146 1462 5272 3749 1112 4141 4166 4029 4285 4331 3874 3656 2326 4593 5131 4898 5136 3402 1196 5409 4656 4530 979 5736 4228 4970 3633 6288 548 5889 5155 4188 3815 1731 5718 5007 1805 4082 6543 4369 5942 5941 4105 4262 1308 4575 4209 3484 905 1950 5771 4679 3740 6175 4598 5002 3707 3629 1440 4470 4362 4150 3645 926 5385 936 3692 4208 3919 5591 4605 4007 4682 7094 5312 3986 5439 1566 5830 4012 346 4231 6188 5445 197 3873 4848 4144 4076 4419 4366 946 4434 4843 5458 4018 4705 4870 5549 0 4959 3944 655 5028 4009 4396 6427 1162 992 3779 5560 4091 3955 1666 4603 1521 5083 4384 1227 4826 648 4941 2879 5293 6158 1166 4974 5800 4118 4424 3584 4157 2868 5692 782 6266 3781
1210 6582 4590 6820 4232 1260 793 586 2121 1504 1873 3118 3633 3228 1497 464 1748 2409 1794 3462 4273 6537 834 1382 2628 1913 2040 4026 6465 1538 4231 526 4209 5940 4518 1778 1803 1930 3798 6664 4737 6872 3757 6993 983 4288 1157 3873 863 962 1892 1355 6631 2142 1632 2501 920 3739 919 1873 1444 1029 2658 2387 1598 6707 3336 3455 3492 3630 4293 1327 5734 1001 2563 4430 2342 6641 2951 1898 2936 2490 3091 2228 1877 2558 6606 2082 2271 2248 5824 6026 2397 6758 2056 6181 4606 191 1216 1635 1547 1871 364 3092 1236 3942 3112 2648 3873 1444 2415 1740 1912 2504 2374 1752 2882 2463 479 2076 6106 1809 4149 6601 3525 2122 4387 784 2078 3243 2241 1380 4412 1152 6375 2080 2168 3940 764 2660 3536 2355 1587 2586 1002 1323 2582 1822 3666 1861 2622 1658 4228 3102 814 2091 1378 1241 1435 1831 2151 3269 4420 5854 606 1760 1334 4040 5902 4827 3128 823 1972 2448 6615 1036 6064 2181 653 1013 2780 3429 943 950 4789 729 1249 6454 4771 1861 3203 5991 3670 2887 1142 4344 6325 6701 2769 2350 2395 1583 747 4959 0 2551 4485 6062 1840 2521 1468 3900 4006 1379 6704 1237 2877 3298 1964 3591 6006 1807 4302 6565 4577 5852 2174 6884 1271 3804 6450 6539 989 1750 1410 2300 2153 740 4252 1313 2495
3441 4040 3365 4276 3256 2795 3088 3063 4332 3792 3826 2086 1082 696 3366 2222 3714 219 2936 1919 3173 4026 3178 3347 4017 4179 4311 2842 3914 3245 3174 3028 2871 3409 3406 3260 1084 3539 2267 4113 3256 4326 3169 4441 3416 3220 2716 3180 2224 3138 3929 3891 4080 4378 1923 4067 2287 2679 2528 3596 2466 2767 4653 3681 3127 4157 959 2292 3345 2665 3369 2041 3183 3048 304 3297 2430 4121 977 3826 466 69 673 3907 3917 317 4064 649 4185 775 3273 3494 421 4212 3373 3637 3541 2720 3434 2013 3656 3213 2683 543 3191 2509 5137 3988 2923 3149 4044 3347 3688 388 3824 3011 1716 655 2321 4170 3558 1258 2781 4051 1155 707 3033 3013 3795 1176 509 3771 3502 2762 3824 504 3592 2311 3138 4676 2139 227 3674 428 3118 3870 168 756 3021 900 4242 2644 3040 2151 3073 856 2587 3274 3486 4027 3493 762 4216 3314 2148 3458 1835 3124 3380 3359 610 2457 3484 4750 4104 1752 3519 3968 2379 1856 4950 2944 3416 2048 3642 2211 3593 3909 3753 742 5022 3493 1123 580 3052 3824 3813 4171 4950 3897 4325 3764 2626 3944 2551 0 3789 3511 720 4263 3615 2804 3004 2654 4156 1366 328 2727 3925 3248 3457 818 2829 4030 3900 3302 2554 4336 3150 2917 3902 4015 1690 3640 2286 312 1716 3129 3169 3594 184
5689 5344 917 5552 615 3450 5277 5021 4554 5952 3946 1713 3933 4051 5955 4043 3937 3948 2967 1964 790 4991 5307 3878 3178 4586 4658 1068 5548 3558 742 4562 1216 4758 725 3286 4492 3432 1729 5728 1383 6085 732 5981 5397 729 3504 645 4924 4119 4100 5143 5744 4623 2882 3440 3570 1126 5183 3587 3091 5390 4316 3019 3360 5618 4499 1506 1120 1124 491 3165 5083 5468 4092 783 2146 6220 4748 3910 4101 3819 3409 3571 4101 3472 5354 3402 3991 3134 5144 4828 4165 5553 3067 5588 632 4654 4232 2862 4130 3124 4838 3904 5698 1499 4620 3104 874 3563 3528 3430 3670 4167 3239 3076 2086 4418 4700 4275 5449 3061 1292 5764 4632 4308 1182 5268 3604 4889 3415 5779 402 5474 5503 3961 3192 1811 5233 4364 1718 3896 6072 4217 5482 5394 3956 3998 845 4317 3563 2939 958 1662 5300 4451 3206 5718 4010 4391 3088 3599 848 4808 3902 3546 3206 681 5647 1368 3636 3703 3307 4961 5039 3585 5031 6649 4890 3550 4796 1058 5322 3550 791 3758 5692 5777 574 3599 4193 4532 4102 4310 3806 297 4843 5265 4816 3383 4067 4272 5115 655 4485 3789 0 5345 3738 3753 5952 1035 822 3238 5914 3726 3854 1215 3983 927 5387 4119 1415 5232 111 5236 2345 5697 5716 872 5349 6110 3708 3817 3084 3964 2485 5206 772 5776 3614
6869 747 4466 908 4749 6159 6552 6559 7747 7218 7183 4326 2434 2839 6694 5726 7084 3657 6142 3737 4560 1093 6647 6750 7120 7617 7746 4337 422 6587 4616 6538 4139 699 4639 6526 4410 6806 3761 607 4036 838 5141 934 6896 4620 6101 5038 5643 6602 7307 7401 569 7799 5165 7246 5721 4439 5924 6898 5759 6147 7967 6795 6431 704 2832 4226 5640 4541 4865 5384 332 6463 3521 4566 5312 879 3370 7175 3143 3572 3052 7155 7296 3549 771 4051 7498 3988 244 678 3703 819 6554 254 4763 6228 6891 5246 7073 6436 6174 2970 6566 3926 8437 7071 4648 6503 7255 6641 6998 3596 6985 6245 4152 3717 5803 7551 112 4552 4073 541 2683 4020 4164 6469 7071 3141 3883 7229 4943 6109 327 3987 6778 3620 6615 7998 3929 3708 7041 3524 6542 7378 3484 4247 5016 4282 7424 5871 4395 4418 6531 4107 5905 6661 6899 7449 6662 2833 6128 577 5641 6769 5200 4766 600 4092 2959 5905 6723 8183 1145 5218 436 7189 5831 5310 8325 5132 6905 5492 4696 5683 7044 448 4927 4228 8228 1047 2392 3241 6471 5560 996 1006 8328 7091 7634 7195 6061 5028 6062 3511 5345 0 4228 7498 7006 4434 4617 5975 659 4865 3185 4959 7277 5414 127 4280 3931 842 5430 216 5543 900 6508 4716 547 773 5178 6993 5590 3768 4714 6609 4581 7028 3583
2793 4743 3485 4981 3279 2130 2420 2368 3634 3142 3150 2043 1795 1412 2782 1503 3034 620 2341 2088 3238 4708 2505 2659 3432 3473 3606 2922 4629 2583 3223 2309 3013 4103 3486 2630 755 2901 2456 4829 3471 5045 3051 5157 2733 3275 2043 3099 1613 2428 3245 3173 4797 3677 1372 3453 1598 2700 1923 2944 1848 2166 3984 3101 2482 4868 1609 2324 3097 2648 3379 1413 3899 2417 810 3380 2029 4839 1412 3153 1148 664 1271 3271 3232 736 4767 374 3521 651 3989 4189 708 4919 2775 4356 3609 2013 2726 1458 2960 2602 1995 1262 2583 2671 4470 3411 2918 2482 3420 2702 3032 793 3222 2402 1683 904 1647 3482 4276 775 2930 4768 1807 640 3189 2351 3150 1682 469 3100 3513 2185 4539 346 2985 2547 2460 4005 2259 553 3060 882 2479 3162 783 259 2913 581 3623 2052 3131 2082 2410 752 1950 2655 2792 3327 2896 1433 4027 4015 1430 2805 1205 3118 4098 3573 1290 1758 2859 4045 4786 1054 4224 3425 1732 1163 4261 2776 2726 1357 3744 1503 2929 4628 3812 140 4385 4166 1843 1167 2360 3717 4495 4865 4259 3282 3661 3063 1989 4009 1840 720 3738 4228 0 3625 2988 2847 3023 2013 4875 649 1048 2571 3250 3055 4176 381 3024 4727 3848 4020 2088 5045 2553 2888 4610 4734 978 2968 1670 529 1361 2448 3227 2942 657
3252 7832 4344 8073 3869 1509 2990 2665 949 3322 670 3376 5185 4931 3744 2429 786 4231 1359 3964 4014 7644 2945 1139 578 1097 1097 3945 7847 1068 3945 2133 4204 7163 4184 1002 4010 725 4136 8052 4702 8336 3224 8368 2844 3992 1609 3387 3378 1564 721 2065 8037 1009 2367 315 2073 3669 3424 694 1797 3479 566 781 1143 8031 5214 3626 2659 3526 3854 2223 7170 3307 4428 4147 2251 8240 5022 637 4728 4228 4499 355 734 4089 7852 3618 351 3583 7256 7250 4332 8035 947 7679 4197 2544 1368 2280 1033 1067 2803 4754 3513 4130 962 652 3636 1174 253 924 625 4418 555 1265 3418 4503 2994 710 7572 3026 4195 8026 5412 4181 4334 3052 480 5301 3773 3078 3916 3613 7770 3967 725 4313 2879 613 3873 4159 3623 4507 3257 2429 4375 3770 3235 3974 214 1640 4072 3299 3037 4222 1678 3461 1098 974 846 4742 3222 7130 2398 832 2431 3696 7517 4754 4649 1966 784 1259 7714 2605 7364 4296 3174 2490 1043 2977 2738 2303 4404 2243 3110 7937 4264 3549 760 7093 5291 4786 1407 3488 7445 7870 1063 423 346 1077 3226 4396 2521 4263 3753 7498 3625 0 3489 3790 3759 1613 8156 3036 4560 3011 600 2902 7479 3827 4394 7771 3794 7313 1991 8177 3584 3539 7751 8129 2722 770 1977 4150 2785 2851 3984 3237 4118
267 7606 6048 7834 5698 2614 676 949 2746 288 2828 4564 4662 4208 419 1923 2728 3424 3160 4861 5735 7629 648 2479 3777 2524 2607 5480 7424 2745 5694 1484 5653 6999 5981 3032 2602 3094 5210 7613 6174 7770 5224 7937 650 5751 2529 5341 1390 2064 2770 1515 7570 2729 3097 3580 2382 5196 1090 2987 2884 860 3401 3611 2873 7688 4176 4899 4941 5091 5760 2795 6693 571 3520 5892 3806 7463 3666 2866 3892 3546 4247 3292 2757 3719 7631 3313 3163 3534 6781 7082 3330 7762 3324 7085 6071 1298 2152 3103 2465 3161 1129 4112 442 5371 3751 3816 5337 2678 3473 2948 2983 3433 3532 3092 4303 3290 1377 2850 7032 3190 5589 7530 4336 3001 5832 696 3149 3930 3447 492 5880 903 7331 3111 3373 5343 724 3382 4958 3391 136 3497 515 1164 3588 2864 5134 2749 3650 3077 5684 4553 656 2902 2795 345 2445 2561 3393 4376 5854 6891 2066 2914 2791 5506 6745 6267 4225 2259 3174 2863 7708 2457 7081 808 1257 2457 3313 4897 754 2416 6252 2197 386 7356 6238 3058 4009 7103 4656 3768 2361 5805 7417 7759 3292 3465 3247 2412 999 6427 1468 3615 5952 7006 2988 3489 0 5358 5470 2781 7614 2527 3912 4766 2889 5052 6931 2796 5733 7610 6042 6791 3627 7876 511 5270 7452 7371 2374 2787 2870 3314 3602 753 5714 256 3617
5106 4519 690 4741 453 3074 4687 4472 4439 5402 3803 822 2898 3023 5300 3438 3762 2977 2698 931 393 4212 4734 3603 3257 4419 4514 155 4675 3306 377 4084 416 3896 644 3082 3598 3296 708 4865 924 5210 724 5138 4865 428 3097 606 4197 3743 3959 4782 4873 4507 2272 3480 3034 162 4480 3441 2650 4704 4350 3010 3101 4776 3472 524 1298 284 572 2588 4153 4834 3107 544 1713 5297 3746 3775 3088 2839 2382 3529 3955 2488 4532 2489 3951 2211 4220 3972 3196 4730 2938 4669 762 4084 3920 2282 3901 2930 4229 2880 5053 508 4733 3189 215 3279 3541 3231 3538 3189 3237 2819 1165 3447 4029 4170 4534 2259 425 4886 3600 3372 549 4662 3519 3872 2474 5260 702 4771 4621 3029 3118 820 4664 4394 687 2931 5468 3231 4861 4978 2968 3101 627 3413 3635 2571 329 812 4702 3520 2793 5089 3752 4220 2998 2567 1709 3925 3295 3363 2568 360 4690 991 2609 3199 3175 4879 4268 2909 4156 5993 4202 2902 4810 837 4804 2951 911 3182 5145 4875 966 2712 4373 3711 3066 3303 3456 1170 4043 4475 4825 3377 4055 4047 4446 1162 3900 2804 1035 4434 2847 3790 5358 0 214 2843 5034 2955 2843 780 3864 1040 4464 3222 622 4420 1144 4307 1976 4875 5058 296 4499 5185 3009 3642 2586 3005 1760 4640 381 5213 2635
5215 4682 613 4901 256 3128 4796 4572 4443 5504 3810 983 3112 3234 5425 3547 3776 3174 2724 1144 275 4364 4840 3637 3214 4434 4525 281 4850 3333 225 4166 516 4067 512 3097 3777 3298 916 5037 947 5386 593 5306 4961 282 3158 449 4337 3801 3966 4841 5048 4511 2374 3446 3124 327 4615 3446 2715 4835 4323 2982 3128 4944 3684 714 1192 386 365 2684 4341 4953 3308 431 1762 5484 3951 3780 3296 3038 2594 3513 3964 2688 4695 2670 3937 2394 4407 4142 3393 4893 2935 4854 607 4187 3965 2376 3927 2941 4341 3091 5175 702 4691 3144 137 3313 3514 3246 3541 3388 3210 2843 1341 3644 4155 4171 4719 2410 559 5062 3813 3560 594 4775 3512 4081 2663 5355 498 4907 4798 3216 3105 1017 4769 4368 899 3127 5582 3432 4978 5049 3169 3279 532 3594 3596 2618 316 958 4813 3708 2853 5208 3784 4235 2987 2780 1514 4101 3404 3376 2679 151 4884 995 2820 3283 3175 4878 4418 3032 4331 6120 4332 3018 4789 782 4898 3056 783 3282 5246 5057 795 2887 4317 3872 3280 3509 3506 964 4199 4630 4805 3352 4036 4073 4573 992 4006 3004 822 4617 3023 3759 5470 214 0 2899 5211 3101 3050 782 3866 928 4651 3401 738 4580 930 4495 2014 5038 5183 225 4668 5373 3138 3655 2663 3198 1886 4744 250 5318 2834
2515 6366 3510 6608 3093 232 2124 1832 1794 2743 1209 2183 3608 3329 2868 1051 1112 2618 431 2688 3174 6224 2134 818 1460 1700 1819 2988 6342 612 3120 1333 3214 5698 3402 617 2450 888 2951 6547 3751 6812 2536 6869 2184 3176 266 2673 2095 902 1335 1941 6527 1852 814 1446 552 2690 2254 944 224 2399 2010 1150 473 6544 3602 2500 2177 2560 3129 613 5644 2373 2815 3329 1138 6684 3416 1201 3117 2618 2936 1258 1326 2495 6387 2013 1539 2003 5731 5786 2721 6562 803 6142 3465 1510 1088 740 1146 614 1742 3155 2607 3025 2491 1453 2762 531 1407 693 1039 2806 1229 431 2087 2898 1751 1579 6042 1437 3174 6510 3800 2584 3379 2139 1142 3692 2172 2555 3234 2514 6260 2356 992 3120 2058 2036 2673 2546 2910 2895 2363 2162 2763 2168 2472 2392 1613 301 3169 2133 2156 2637 70 2602 976 1513 921 3172 3074 5648 956 807 819 2898 5952 3828 3068 562 848 2242 6297 1020 5878 3540 1956 907 2350 2213 2101 737 3664 773 2484 6405 3603 1936 2373 5667 3704 3173 616 3061 6017 6431 2354 1274 1678 1285 2112 3779 1379 2654 3238 5975 2013 1613 2781 2843 2899 0 6634 1445 2957 2129 1302 2316 5946 2232 3356 6318 3320 5782 899 6701 2648 2679 6268 6573 1152 1018 385 2537 1342 2029 3149 2580 2514
7484 729 5020 695 5329 6818 7176 7193 8405 7833 7842 4964 3083 3476 7291 6375 7743 4296 6800 4370 5137 1201 7272 7408 7774 8274 8403 4930 370 7246 5196 7184 4721 1159 5200 7184 5028 7465 4375 240 4577 181 5748 375 7524 5196 6759 5639 6262 7257 7965 8047 189 8457 5824 7902 6377 5048 6538 7557 6418 6756 8626 7450 7090 453 3439 4851 6261 5155 5441 6043 990 7077 4153 5132 5965 542 3958 7834 3775 4215 3710 7813 7955 4203 737 4705 8157 4646 903 1096 4331 613 7211 529 5318 6867 7547 5905 7731 7094 6807 3614 7173 4528 9096 7724 5248 7162 7912 7300 7657 4224 7641 6903 4801 4331 6434 8210 599 5211 4659 151 3279 4643 4732 7091 7729 3714 4537 7851 5512 6714 412 4625 7435 4228 7243 8657 4554 4349 7645 4150 7158 8017 4122 4885 5627 4906 8081 6530 4975 5056 7154 4723 6564 7269 7557 8107 7318 3488 6713 1109 6292 7428 5858 5358 924 4625 3613 6561 7381 8841 1213 5871 883 7767 6455 5965 8984 5753 7536 6148 5237 6337 7664 260 5472 4878 8884 1436 3034 3861 7128 6141 1223 975 8987 7748 8293 7852 6680 5560 6704 4156 5914 659 4875 8156 7614 5034 5211 6634 0 5514 3829 5586 7936 6030 699 4913 4508 877 5995 857 6197 572 7112 5321 615 512 5829 7652 6249 4405 5371 7237 5159 7644 4233
2305 5361 3632 5600 3349 1528 1904 1798 2991 2642 2527 2134 2431 2060 2392 861 2408 1265 1818 2350 3346 5304 1978 2027 2899 2827 2960 3057 5261 1977 3317 1677 3197 4713 3598 2058 1021 2318 2708 5463 3699 5686 3003 5791 2182 3373 1433 3082 1248 1780 2615 2541 5432 3033 982 2889 974 2796 1543 2346 1314 1777 3365 2578 1898 5496 2248 2456 2921 2715 3433 895 4535 1965 1448 3498 1758 5487 1991 2533 1796 1312 1858 2686 2602 1329 5384 846 2907 1022 4624 4800 1320 5541 2238 4998 3706 1421 2079 1052 2321 2054 1451 1907 2162 2887 3850 2886 2979 1873 2845 2114 2428 1417 2673 1860 1825 1470 1150 2849 4916 698 3124 5405 2446 1144 3377 1850 2557 2274 1006 2567 3563 1831 5173 960 2435 2830 1923 3383 2469 1200 2617 1506 2012 2555 1431 738 2881 948 3053 1544 3267 2145 1903 1192 1388 2217 2155 2684 2358 2047 3877 4632 782 2207 708 3169 4746 3796 1911 1121 2290 3398 5382 431 4846 3072 1289 546 3625 2695 2161 736 3866 858 2409 5270 3895 637 3793 4757 2487 1801 1726 3654 5092 5472 3622 2718 3047 2419 1546 4091 1237 1366 3726 4865 649 3036 2527 2955 3101 1445 5514 0 1693 2514 2628 2935 4816 791 3251 5339 3830 4658 1735 5669 2151 2930 5234 5381 332 2349 1150 1167 1241 1907 3330 2441 1282
3745 3722 3359 3956 3295 3105 3400 3383 4652 4097 4138 2184 761 374 3650 2550 4027 489 3222 1926 3195 3719 3491 3664 4296 4501 4633 2864 3589 3554 3204 3356 2863 3096 3418 3558 1340 3838 2251 3787 3204 3999 3272 4116 3732 3246 3029 3267 2523 3462 4244 4218 3754 4699 2206 4356 2607 2731 2822 3901 2764 3058 4961 3959 3429 3834 712 2349 3500 2734 3414 2343 2857 3349 424 3309 2656 3794 910 4137 247 387 514 4205 4232 492 3746 944 4492 1011 2947 3181 612 3891 3659 3309 3556 3044 3758 2295 3976 3504 3001 215 3484 2499 5445 4264 2981 3459 4338 3649 3994 528 4110 3303 1826 773 2636 4485 3231 1539 2770 3724 894 942 3015 3322 4097 1036 787 4082 3544 3047 3499 812 3880 2270 3454 4985 2161 529 3966 507 3421 4195 326 1071 3123 1171 4532 2932 3052 2257 3383 1075 2889 3569 3804 4347 3778 502 4337 2997 2475 3763 2140 3179 3054 3307 357 2779 3779 5072 3798 2075 3199 4234 2686 2178 5266 3071 3735 2368 3640 2536 3903 3581 3770 1065 5318 3192 796 464 3371 3914 3507 3858 5266 4188 4632 4085 2930 3955 2877 328 3854 3185 1048 4560 3912 2843 3050 2957 3829 1693 0 2854 4237 3382 3130 1120 2796 3715 3966 2975 2801 4014 3439 2986 3581 3688 2016 3951 2584 599 1944 3445 3195 3900 442
4507 5127 1394 5357 963 2355 4091 3849 3666 4783 3032 697 3106 3113 4752 2847 2995 2858 1942 1228 1055 4857 4127 2856 2483 3653 3746 934 5238 2551 996 3419 1193 4480 1274 2316 3318 2522 1234 5435 1700 5765 489 5725 4233 1051 2391 579 3710 3030 3188 4069 5437 3734 1677 2702 2394 660 3971 2668 1954 4180 3571 2231 2346 5368 3546 735 696 517 1004 1971 4658 4269 3023 1207 994 5798 3704 3002 3099 2745 2481 2750 3185 2416 5142 2259 3172 2008 4732 4561 3067 5337 2161 5180 1336 3472 3186 1664 3145 2161 3644 2947 4497 1157 3957 2416 648 2532 2762 2465 2764 3086 2458 2061 1030 3320 3492 3396 5052 1861 1186 5442 3704 3170 1327 4077 2742 3881 2298 4622 1118 4262 5176 2824 2339 1402 4054 3615 1032 2799 4883 3146 4287 4288 2895 2831 372 3152 2859 1843 1078 611 4111 3306 2086 4521 3002 3454 2219 2707 1488 4488 2705 2596 1998 768 5144 1761 2705 2542 2400 4104 4918 2373 4724 5447 3679 2341 4030 217 4164 2353 1534 2569 4523 5406 1482 2432 3607 4333 3265 3285 2731 1150 4676 5110 4046 2597 3275 3291 3908 1666 3298 2727 1215 4959 2571 3011 4766 780 782 2129 5586 2514 2854 0 3090 530 4974 2950 1386 5039 1317 4811 1237 5483 4512 557 5086 5684 2494 2875 1919 2857 1274 4028 1028 4601 2544
2651 7660 4471 7902 4010 1132 2393 2070 577 2726 101 3337 4905 4611 3144 1932 225 3868 1208 3895 4134 7506 2347 615 987 615 675 4018 7643 691 4069 1547 4267 6991 4329 802 3555 569 4113 7848 4788 8115 3381 8169 2244 4120 1209 3539 2827 1002 137 1486 7828 646 2113 735 1655 3728 2852 425 1518 2895 738 990 854 7843 4857 3622 2865 3587 4013 1904 6946 2712 4060 4278 2204 7984 4616 102 4383 3884 4237 471 146 3786 7681 3296 307 3303 7034 7079 3945 7858 932 7444 4360 1970 776 2035 437 941 2226 4440 2915 4143 1223 1048 3735 780 619 662 326 4038 802 1089 3313 4095 2442 307 7344 2736 4246 7812 5056 3763 4414 2458 386 4901 3459 2483 4092 3029 7562 3582 792 4288 2282 756 3840 3798 3024 4128 2660 1845 4022 3366 3366 3539 768 1435 4168 3271 2441 3788 1373 2862 530 438 896 4472 3555 6945 1924 526 2101 3825 7251 4851 4365 1514 691 1015 7578 2201 7176 3696 2613 2089 1048 3099 2138 1895 4568 1790 2511 7708 4453 3191 1239 6950 4997 4417 913 3741 7301 7718 1053 679 436 479 2649 4603 1964 3925 3983 7277 3250 600 2889 3864 3866 1302 7936 2628 4237 3090 0 3083 7249 3409 4440 7609 4039 7084 1930 7997 2988 3641 7566 7874 2300 286 1687 3779 2608 2253 4105 2637 3796
4788 5540 1459 5766 980 2525 4379 4115 3658 5042 3040 1223 3630 3643 5075 3160 3025 3373 2040 1716 1145 5245 4405 2953 2339 3678 3756 1178 5677 2634 1074 3644 1436 4906 1288 2365 3793 2524 1655 5870 1861 6208 339 6152 4485 1113 2581 499 4086 3192 3195 4215 5875 3727 2026 2587 2672 990 4330 2678 2176 4526 3468 2142 2434 5791 4075 1204 264 875 953 2287 5121 4584 3542 1262 1253 6265 4226 3006 3626 3264 3010 2689 3195 2939 5554 2759 3114 2516 5193 4985 3579 5751 2157 5642 1295 3755 3306 1994 3210 2204 3949 3476 4816 1519 3810 2266 836 2636 2665 2511 2765 3602 2368 2149 1559 3831 3836 3380 5511 2317 1461 5884 4233 3667 1520 4376 2710 4407 2807 4864 1015 4618 5619 3323 2297 1806 4330 3515 1498 3312 5175 3664 4592 4467 3416 3313 414 3633 2726 2015 1240 1139 4404 3798 2286 4831 3086 3482 2187 3235 974 4925 3022 2630 2353 827 5626 1896 3235 2795 2399 4076 5303 2740 5159 5767 4031 2692 3943 314 4408 2673 1502 2868 4781 5860 1371 2916 3416 4736 3790 3810 2879 753 5072 5506 3961 2512 3200 3353 4246 1521 3591 3248 927 5414 3055 2902 5052 1040 928 2316 6030 2935 3382 530 3083 0 5436 3431 1654 5445 1004 5275 1429 5897 4839 745 5512 6151 2872 2904 2182 3367 1716 4303 1115 4869 3065
6797 870 4515 1023 4788 6128 6485 6498 7713 7146 7154 4333 2385 2779 6614 5676 7054 3598 6122 3749 4601 1219 6580 6716 7108 7580 7710 4371 518 6558 4656 6485 4178 800 4686 6502 4339 6784 3785 687 4090 871 5167 1006 6830 4661 6068 5067 5573 6560 7276 7348 640 7765 5139 7230 5682 4465 5852 6873 5732 6072 7943 6782 6404 807 2755 4243 5658 4565 4905 5352 317 6391 3458 4611 5304 834 3286 7147 3079 3517 3017 7134 7265 3506 894 4008 7473 3953 244 788 3637 931 6536 206 4811 6170 6851 5220 7038 6415 6111 2915 6491 3957 8415 7060 4677 6473 7237 6616 6973 3530 6969 6223 4150 3644 5739 7520 101 4519 4110 600 2601 3951 4208 6400 7048 3052 3840 7161 4986 6033 424 3928 6761 3648 6549 7973 3945 3651 6964 3457 6470 7320 3425 4188 5040 4214 7409 5849 4435 4425 6463 4035 5876 6586 6864 7414 6645 2793 6163 665 5594 6743 5165 4800 475 4149 2915 5865 6702 8147 1272 5174 551 7103 5763 5268 8295 5150 6842 5452 4750 5640 6975 459 4979 4180 8212 1152 2335 3171 6434 5598 1119 1132 8299 7073 7610 7158 5991 5083 6006 3457 5387 127 4176 7479 6931 4464 4651 5946 699 4816 3130 4974 7249 5436 0 4217 3973 968 5474 166 5531 1003 6432 4744 670 723 5131 6964 5561 3708 4696 6544 4621 6957 3535
2626 4838 3855 5071 3657 2318 2282 2280 3747 2977 3308 2422 1878 1442 2551 1551 3187 632 2594 2443 3612 4838 2374 2802 3681 3571 3704 3294 4690 2766 3599 2313 3378 4216 3859 2848 376 3109 2811 4886 3825 5079 3431 5213 2618 3650 2222 3479 1406 2521 3389 3162 4849 3785 1674 3678 1760 3077 1710 3136 2091 1949 4147 3356 2689 4942 1531 2699 3467 3027 3758 1661 3956 2231 760 3753 2376 4836 1208 3316 1138 750 1467 3476 3376 965 4862 736 3692 1016 4045 4300 590 5004 3019 4388 3984 1961 2821 1757 3084 2838 1894 1326 2373 3031 4631 3665 3297 2662 3635 2904 3217 697 3459 2642 2060 689 1524 3620 4319 1131 3294 4816 1722 354 3553 2203 3347 1496 787 2964 3892 1947 4598 315 3221 2893 2339 4164 2624 595 2855 779 2302 3106 801 122 3293 202 3843 2312 3503 2462 2264 414 2174 2455 2923 3440 3140 1580 4401 4115 1512 2997 1459 3497 4097 3928 1429 1896 3079 4138 4917 1222 4314 3164 1566 1336 4390 3154 2626 1525 4115 1623 2783 4661 4188 520 4583 4309 1892 1080 2500 4097 4626 4977 4386 3506 3832 3174 1811 4384 1807 818 4119 4280 381 3827 2796 3222 3401 2232 4913 791 1120 2950 3409 3431 4217 0 3381 4833 4228 4067 2413 5124 2333 3268 4693 4734 1110 3133 1920 521 1728 2332 3602 2781 841
5491 3959 605 4175 821 3588 5073 4884 5011 5803 4375 1194 2686 2902 5638 3838 4326 3027 3254 937 629 3631 5129 4141 3869 4978 5079 476 4144 3855 688 4537 222 3356 736 3648 3750 3874 570 4327 449 4681 1326 4589 5281 689 3599 1187 4498 4245 4528 5277 4341 5078 2707 4086 3480 726 4794 4015 3150 5027 4951 3613 3652 4226 3347 861 1915 869 934 3027 3668 5190 3124 647 2253 4805 3704 4348 3029 2877 2294 4123 4524 2530 3971 2651 4542 2374 3729 3429 3244 4169 3522 4174 874 4490 4442 2732 4449 3500 4610 2786 5400 364 5342 3801 818 3820 4143 3796 4114 3216 3839 3375 1432 3484 4374 4747 4036 2558 200 4358 3447 3469 251 5039 4105 3786 2598 5678 1014 5082 4096 3143 3710 527 5062 4994 782 2994 5836 3243 5226 5447 2982 3262 1243 3557 4245 3100 468 1229 5084 3623 3300 5445 4294 4780 3589 2431 2207 3400 3697 3930 2973 872 4236 549 2507 3657 3755 5455 3685 3278 3626 6322 4532 3290 5406 1459 5229 3367 885 3604 5550 4365 1072 2899 4990 3147 2855 3258 3972 1633 3470 3899 5420 3978 4650 4595 4785 1227 4302 2829 1415 3931 3024 4394 5733 622 738 3356 4508 3251 2796 1386 4440 1654 3973 3381 0 3853 1504 3821 2524 4315 5395 910 3953 4695 3360 4207 3064 3076 2153 5040 651 5608 2682
7454 148 4321 322 4669 6519 7115 7091 8110 7806 7520 4468 2955 3403 7321 6195 7430 4202 6435 3864 4474 324 7206 7119 7347 7999 8124 4302 580 6926 4538 7015 4073 627 4508 6831 5009 7107 3806 637 3864 991 5143 777 7446 4531 6472 5021 6228 7016 7652 7877 692 8167 5505 7500 6128 4455 6521 7212 6097 6751 8270 7034 6755 442 3480 4308 5689 4574 4775 5754 1026 7054 4091 4451 5535 1396 4043 7508 3718 4095 3483 7439 7643 4010 143 4500 7807 4391 959 540 4281 328 6825 992 4617 6740 7295 5579 7447 6726 6713 3507 7175 3927 8726 7293 4634 6850 7522 6957 7314 4177 7238 6544 4360 4332 6350 7896 909 4938 4021 751 3355 4610 4061 7036 7370 3841 4335 7797 4833 6726 627 4526 7046 3645 7168 8304 4017 4243 7656 4114 7129 7888 4032 4784 5034 4863 7676 6180 4319 4556 7098 4713 6249 7265 7272 7821 6926 3296 6054 719 6098 7089 5585 4721 1430 3901 3438 6318 7013 8556 342 5655 548 7852 6399 5738 8656 5188 7446 5910 4517 6118 7616 928 4755 4706 8476 709 2954 3852 6854 5476 393 168 8662 7354 7939 7576 6640 4826 6565 4030 5232 842 4727 7771 7610 4420 4580 6318 877 5339 3715 5039 7609 5445 968 4833 3853 0 5304 1010 5785 467 7124 4713 317 1333 5635 7331 5937 4313 5005 7159 4499 7611 4071
5779 5419 984 5625 716 3530 5368 5110 4607 6040 4003 1825 4041 4161 6050 4136 3998 4059 3040 2073 884 5060 5397 3947 3217 4644 4714 1171 5628 3627 840 4646 1309 4838 797 3351 4602 3491 1834 5807 1447 6165 831 6056 5483 823 3585 752 5025 4196 4157 5216 5824 4676 2979 3482 3660 1237 5282 3646 3176 5487 4355 3068 3430 5694 4610 1617 1181 1236 591 3259 5171 5562 4204 864 2236 6306 4860 3967 4212 3930 3519 3620 4158 3583 5428 3513 4039 3245 5231 4907 4276 5627 3127 5674 691 4745 4304 2958 4195 3190 4931 4014 5792 1601 4650 3143 985 3634 3572 3495 3728 4279 3286 3147 2197 4529 4797 4328 5535 3167 1388 5845 4741 4419 1266 5360 3658 5000 3526 5865 491 5573 5585 4072 3247 1912 5323 4403 1828 4008 6163 4328 5575 5471 4067 4107 949 4427 3602 3019 1053 1773 5391 4562 3289 5812 4077 4450 3144 3709 807 4890 3996 3609 3304 790 5739 1425 3746 3791 3366 5010 5107 3684 5112 6744 4988 3647 4836 1153 5408 3645 830 3850 5779 5860 600 3709 4218 4607 4209 4421 3882 308 4915 5335 4856 3430 4112 4336 5212 648 4577 3900 111 5430 3848 3794 6042 1144 930 3320 5995 3830 3966 1317 4039 1004 5474 4228 1504 5304 0 5324 2429 5770 5812 984 5427 6196 3808 3878 3173 4075 2589 5296 868 5865 3725
6654 931 4369 1111 4635 5964 6338 6347 7550 7003 6990 4169 2227 2627 6478 5519 6890 3446 5956 3586 4449 1227 6433 6553 6942 7418 7547 4216 637 6394 4503 6329 4025 731 4538 6337 4195 6618 3626 823 3947 1033 5008 1148 6682 4509 5904 4910 5428 6400 7112 7192 782 7602 4974 7064 5521 4306 5709 6708 5567 5931 7778 6615 6240 916 2616 4080 5496 4404 4753 5189 154 6248 3308 4461 5138 991 3154 6983 2930 3362 2854 6969 7101 3346 957 3848 7308 3790 103 736 3489 1024 6370 371 4664 6017 6690 5055 6876 6250 5961 2760 6351 3799 8250 6894 4520 6309 7071 6451 6808 3382 6803 6057 3984 3501 5590 7356 260 4356 3956 749 2467 3806 4058 6254 6883 2926 3680 7015 4835 5894 542 3775 6595 3490 6401 7808 3783 3497 6826 3310 6327 7167 3273 4036 4880 4067 7243 5683 4282 4261 6316 3892 5712 6445 6701 7251 6479 2631 6008 577 5436 6578 5002 4645 522 4008 2755 5704 6537 7985 1287 5014 523 6974 5617 5108 8131 4988 6692 5291 4606 5480 6830 624 4833 4022 8046 1084 2181 3026 6272 5445 1101 1177 8135 6908 7445 6996 5846 4941 5852 3302 5236 216 4020 7313 6791 4307 4495 5782 857 4658 2975 4811 7084 5275 166 4067 3821 1010 5324 0 5365 1111 6293 4586 737 878 4973 6800 5397 3556 4530 6396 4469 6813 3377
3362 5849 2627 6089 2199 1121 2956 2687 2494 3613 1859 1409 3320 3148 3668 1760 1804 2594 731 1981 2289 5654 2980 1627 1577 2455 2556 2125 5879 1332 2232 2218 2364 5181 2511 1130 2724 1375 2184 6083 2895 6378 1637 6396 3056 2287 1164 1773 2744 1796 2011 2834 6072 2560 754 1715 1255 1829 2961 1506 748 3142 2512 1254 1128 6054 3504 1693 1318 1692 2231 921 5219 3173 2791 2442 273 6314 3464 1835 3010 2540 2626 1672 2006 2309 5868 1924 2069 1791 5302 5267 2755 6053 1052 5734 2570 2332 1951 684 1927 991 2536 2966 3407 2216 2952 1530 1878 1303 1739 1276 1608 2815 1453 852 1427 2981 2457 2236 5621 1327 2334 6064 3693 2725 2520 2957 1624 3707 2046 3436 2335 3242 5804 2420 1267 2359 2904 2550 1911 2522 3752 2897 3177 3062 2700 2314 1573 2607 1892 607 2295 1341 2983 2823 863 3416 1777 2257 1145 2874 2254 5153 1628 1411 1048 2004 5604 2966 2807 1368 1265 2942 5723 1429 5389 4355 2659 1355 2937 1314 2979 1291 2770 1463 3353 5986 2704 1968 2693 5104 3447 3128 1494 2180 5455 5881 2947 1571 2190 2074 2857 2879 2174 2554 2345 5543 2088 1991 3627 1976 2014 899 6197 1735 2801 1237 1930 1429 5531 2413 2524 5785 2429 5365 0 6196 3436 1791 5773 6200 1575 1686 766 2545 869 2876 2262 3441 2382
7731 357 4787 160 5132 6896 7404 7397 8488 8082 7906 4899 3254 3683 7572 6529 7813 4495 6833 4296 4937 755 7497 7493 7764 8370 8497 4760 486 7310 5000 7346 4533 1016 4974 7226 5275 7504 4253 373 4330 617 5598 331 7742 4994 6845 5478 6504 7374 8036 8210 443 8543 5887 7910 6487 4907 6790 7605 6480 7016 8667 7448 7144 196 3711 4750 6139 5024 5239 6126 1188 7327 4371 4915 5951 1112 4258 7895 3994 4399 3824 7841 8026 4342 344 4838 8203 4747 1103 930 4557 146 7230 928 5083 7055 7657 5963 7820 7126 7014 3802 7438 4380 9128 7711 5090 7232 7929 7349 7707 4451 7648 6941 4776 4586 6647 8280 912 5303 4480 512 3569 4880 4524 7323 7767 4035 4672 8084 5298 6983 579 4824 7452 4094 7463 8700 4457 4542 7915 4383 7404 8205 4324 5083 5487 5139 8088 6573 4781 4988 7385 4974 6630 7531 7646 8196 7333 3623 6517 1053 6437 7480 5951 5181 1384 4368 3759 6675 7413 8931 739 6002 826 8078 6685 6089 9045 5636 7748 6265 4984 6466 7901 743 5222 5033 8889 1167 3233 4108 7223 5940 860 482 9050 7762 8336 7947 6920 5293 6884 4336 5697 900 5045 8177 7876 4875 5038 6701 572 5669 4014 5483 7997 5897 1003 5124 4315 467 5770 1111 6196 0 7382 5168 436 1083 5973 7716 6317 4606 5401 7455 4961 7889 4391
491 7116 5745 7343 5421 2513 594 919 2941 773 2914 4248 4182 3724 243 1680 2801 2953 3056 4501 5442 7149 647 2499 3799 2715 2815 5172 6927 2725 5406 1467 5330 6516 5691 2994 2115 3100 4858 7115 5841 7267 4984 7438 827 5463 2416 5091 940 2063 2882 1769 7071 2935 2835 3632 2182 4897 630 3013 2714 387 3574 3595 2821 7194 3677 4579 4752 4800 5490 2554 6197 283 3039 5598 3587 6956 3160 2947 3407 3081 3795 3345 2867 3274 7141 2894 3280 3131 6285 6598 2848 7270 3282 6584 5789 1143 2217 2854 2551 3104 907 3635 91 5031 3965 3830 5054 2643 3531 2931 3027 2950 3547 3005 3964 2796 1029 3000 6533 2837 5261 7030 3834 2516 5510 538 3197 3422 3019 900 5615 399 6834 2648 3364 4981 707 3563 4614 2924 533 3010 327 1466 3114 2409 4884 2270 3723 2929 5380 4246 547 2411 2649 195 2497 2716 3365 3912 5687 6405 1818 2921 2515 5232 6239 5937 3761 2094 3164 3124 7228 2152 6591 936 863 2172 3551 4659 924 2168 5962 1974 723 6854 5965 2635 4172 6629 4170 3275 2325 5591 6938 7274 3533 3499 3380 2527 612 6158 1271 3150 5716 6508 2553 3584 511 5058 5183 2648 7112 2151 3439 4512 2988 4839 6432 2333 5395 7124 5812 6293 3436 7382 0 4993 6960 6864 2049 2840 2669 2845 3299 735 5423 633 3165
5014 4812 837 5034 429 2907 4596 4366 4218 5300 3585 848 3102 3192 5235 3347 3550 3077 2499 1126 498 4507 4637 3413 2997 4208 4300 434 4963 3108 441 3953 695 4186 724 2872 3643 3073 966 5154 1163 5497 430 5429 4754 497 2938 326 4158 3580 3741 4620 5162 4286 2173 3227 2915 288 4432 3221 2497 4649 4102 2761 2903 5068 3639 639 1005 252 502 2479 4432 4759 3220 651 1541 5576 3877 3555 3233 2947 2549 3290 3738 2599 4825 2544 3714 2272 4500 4263 3294 5022 2711 4949 802 3983 3742 2171 3702 2716 4143 3041 4983 792 4474 2927 97 3089 3293 3021 3316 3296 2989 2618 1219 3547 3966 3946 4815 2246 716 5173 3777 3445 800 4577 3288 4021 2549 5147 633 4724 4908 3098 2882 1096 4565 4147 882 3026 5384 3344 4782 4832 3084 3146 333 3464 3378 2396 533 807 4614 3589 2633 5013 3559 4010 2763 2749 1452 4212 3204 3151 2483 240 4960 1216 2777 3071 2950 4653 4564 2842 4444 5929 4146 2823 4567 564 4689 2854 991 3078 5041 5159 972 2750 4105 4004 3269 3440 3284 945 4337 4770 4583 3131 3813 3848 4384 1166 3804 2917 872 4716 2888 3539 5270 296 225 2679 5321 2930 2986 557 3641 745 4744 3268 910 4713 984 4586 1791 5168 4993 0 4790 5464 2953 3429 2450 3094 1702 4540 471 5114 2742
7304 200 4447 385 4773 6462 6974 6964 8055 7655 7474 4490 2821 3253 7152 6094 7380 4064 6405 3889 4580 621 7067 7060 7344 7936 8063 4388 274 6878 4641 6911 4169 606 4630 6797 4850 7075 3861 391 3997 761 5219 640 7311 4638 6411 5104 6077 6939 7603 7775 427 8110 5454 7487 6052 4524 6365 7175 6048 6592 8238 7026 6713 283 3295 4352 5750 4637 4883 5692 784 6901 3942 4567 5530 1102 3848 7464 3565 3966 3388 7414 7594 3906 224 4402 7773 4312 705 527 4129 311 6804 677 4744 6621 7222 5531 7386 6698 6582 3370 7014 3999 8701 7292 4714 6799 7503 6919 7276 4023 7225 6512 4357 4164 6216 7847 602 4868 4112 473 3159 4454 4171 6894 7339 3633 4236 7655 4949 6561 311 4392 7027 3706 7032 8271 4057 4110 7493 3957 6978 7771 3892 4651 5104 4711 7664 6143 4421 4580 6955 4550 6198 7107 7212 7762 6908 3187 6160 621 6001 7050 5517 4813 1120 4041 3324 6240 6985 8497 653 5566 391 7667 6256 5653 8614 5244 7316 5829 4656 6031 7472 621 4892 4598 8466 832 2803 3684 6789 5584 610 469 8619 7337 7907 7513 6492 4974 6450 3902 5349 547 4610 7751 7452 4499 4668 6268 615 5234 3581 5086 7566 5512 670 4693 3953 317 5427 737 5773 436 6960 4790 0 1032 5537 7284 5885 4175 4972 7024 4603 7462 3956
7256 1189 5236 1197 5510 6746 6966 7005 8321 7600 7778 5035 2973 3322 7032 6236 7674 4134 6770 4457 5323 1650 7064 7326 7775 8179 8310 5093 758 7184 5378 7033 4900 1446 5408 7143 4814 7425 4503 728 4808 540 5886 859 7320 5383 6681 5788 6044 7147 7895 7891 660 8370 5773 7887 6279 5184 6308 7508 6363 6519 8579 7446 7037 946 3222 4955 6371 5282 5628 5971 1032 6847 3976 5333 5981 114 3705 7773 3604 4070 3638 7781 7883 4100 1203 4600 8108 4571 966 1405 4145 1111 7190 523 5532 6695 7441 5857 7644 7062 6617 3475 6929 4677 9055 7730 5398 7095 7890 7252 7607 4038 7628 6867 4838 4117 6241 8138 664 5138 4832 593 3046 4442 4930 6878 7689 3444 4433 7633 5708 6468 737 4461 7415 4368 7039 8607 4658 4193 7393 3958 6930 7839 3962 4718 5758 4707 8066 6492 5157 5128 6941 4508 6503 7028 7471 8019 7301 3402 6885 1344 6163 7376 5778 5522 637 4865 3513 6458 7348 8749 1675 5758 1162 7477 6247 5857 8917 5863 7339 6045 5468 6222 7444 412 5698 4752 8869 1773 2898 3661 7039 6321 1630 1454 8919 7728 8246 7760 6462 5800 6539 4015 6110 773 4734 8129 7371 5185 5373 6573 512 5381 3688 5684 7874 6151 723 4734 4695 1333 6196 878 6200 1083 6864 5464 1032 0 5704 7588 6189 4241 5354 7036 5344 7416 4112
2135 5661 3696 5901 3378 1213 1722 1571 2659 2458 2200 2201 2747 2386 2291 565 2080 1596 1549 2492 3395 5591 1785 1697 2613 2496 2629 3123 5571 1658 3360 1383 3286 5008 3645 1757 1299 2010 2837 5773 3803 6002 2977 6101 1965 3416 1114 3071 1217 1450 2285 2243 5744 2702 852 2587 651 2848 1480 2030 1050 1697 3039 2299 1591 5802 2580 2533 2829 2753 3453 669 4847 1831 1780 3550 1646 5810 2315 2207 2126 1639 2152 2374 2272 1632 5684 1136 2583 1270 4937 5095 1652 5843 1954 5316 3745 1180 1748 900 1989 1766 1258 2229 2046 2997 3523 2605 3011 1554 2538 1803 2109 1748 2380 1578 1929 1795 1020 2518 5231 825 3219 5719 2778 1464 3465 1681 2242 2601 1301 2358 3579 1772 5484 1292 2143 2973 1723 3056 2583 1530 2476 1837 1866 2283 1761 1066 2866 1252 2748 1290 3331 2198 1728 1500 1102 2087 1824 2352 2073 2351 3786 4931 464 1891 531 3192 5070 3897 2220 790 1989 3067 5668 148 5148 2983 1194 249 3294 2658 1931 421 3915 526 2214 5586 3924 953 3476 5040 2808 2133 1396 3610 5378 5765 3291 2417 2722 2087 1436 4118 989 1690 3708 5178 978 2722 2374 3009 3138 1152 5829 332 2016 2494 2300 2872 5131 1110 3360 5635 3808 4973 1575 5973 2049 2953 5537 5704 0 2023 903 1499 1253 1703 3376 2260 1597
2539 7380 4264 7622 3809 847 2248 1921 809 2647 190 3086 4619 4325 3012 1677 121 3584 957 3635 3925 7230 2211 369 997 779 872 3795 7360 406 3863 1377 4040 6712 4127 560 3288 393 3864 7565 4566 7831 3190 7887 2137 3915 925 3345 2608 796 328 1475 7545 874 1831 795 1375 3501 2655 241 1236 2717 1017 903 581 7561 4574 3379 2698 3362 3819 1618 6662 2560 3777 4072 1959 7698 4338 186 4099 3599 3952 506 322 3500 7401 3010 561 3017 6750 6799 3665 7577 751 7159 4166 1776 635 1753 354 714 2037 4154 2773 3903 1503 1043 3522 494 692 412 199 3757 766 835 3049 3818 2224 567 7060 2450 4015 7529 4773 3487 4191 2304 362 4623 3173 2412 3904 2850 7279 3301 672 4037 2142 1037 3588 3514 2923 3846 2515 1813 3738 3087 3165 3267 885 1165 3952 3023 2294 3516 1089 2728 344 581 749 4186 3439 6664 1660 279 1815 3621 6965 4632 4079 1241 515 1260 7302 1921 6894 3595 2403 1808 1331 2897 2033 1615 4372 1518 2418 7423 4268 2907 1480 6674 4711 4135 651 3586 7025 7441 1335 681 699 474 2459 4424 1750 3640 3817 6993 2968 770 2787 3642 3655 1018 7652 2349 3951 2875 286 2904 6964 3133 4207 7331 3878 6800 1686 7716 2840 3429 7284 7588 2023 0 1403 3496 2334 2113 3897 2541 3510
2607 5984 3267 6226 2874 585 2197 1938 2173 2870 1593 1875 3226 2955 2902 995 1496 2262 674 2348 2937 5845 2224 1187 1764 2071 2193 2724 5957 997 2887 1503 2937 5316 3173 974 2171 1254 2630 6162 3474 6427 2361 6485 2316 2944 558 2485 2000 1189 1719 2213 6142 2231 433 1786 490 2428 2203 1322 180 2378 2391 1437 850 6160 3240 2203 2083 2305 2923 259 5259 2408 2461 3094 938 6300 3081 1586 2752 2253 2552 1621 1709 2117 6005 1641 1920 1621 5346 5404 2378 6179 1105 5757 3249 1573 1418 366 1516 933 1771 2780 2641 2722 2871 1746 2527 915 1759 1068 1419 2458 1552 732 1743 2567 1697 1963 5657 1056 2890 6126 3438 2265 3107 2194 1513 3352 1798 2704 3036 2481 5876 2016 1316 2793 2150 2418 2352 2190 2993 2546 2413 2392 2402 1845 2279 2092 1959 394 2915 1835 2222 2331 315 2651 1343 1888 1226 2789 3019 5264 867 1188 466 2679 5569 3556 2687 623 1198 2620 5919 757 5494 3590 1900 657 2735 2033 2246 546 3441 697 2609 6020 3401 1583 2736 5289 3324 2818 948 2935 5638 6050 2738 1615 2059 1651 2093 3584 1410 2286 3084 5590 1670 1977 2870 2586 2663 385 6249 1150 2584 1919 1687 2182 5561 1920 3064 5937 3173 5397 766 6317 2669 2450 5885 6189 903 1403 0 2187 982 2122 2913 2692 2142
3146 4318 3593 4551 3453 2658 2802 2793 4158 3498 3679 2251 1357 929 3059 2002 3562 111 2853 2150 3383 4317 2894 3186 3943 3994 4127 3055 4176 3111 3379 2792 3103 3695 3622 3152 772 3426 2508 4373 3510 4573 3316 4700 3137 3427 2572 3341 1925 2946 3773 3650 4337 4200 1862 3973 2126 2872 2226 3471 2366 2463 4513 3610 3008 4425 1082 2485 3442 2845 3563 1932 3442 2751 282 3514 2452 4344 919 3682 638 244 983 3796 3760 550 4342 631 4049 850 3532 3779 215 4485 3289 3882 3754 2462 3245 1951 3486 3120 2409 806 2888 2744 4999 3919 3108 3010 3942 3227 3559 273 3738 2919 1878 464 2041 4010 3809 1218 3014 4305 1280 406 3270 2724 3676 1172 559 3484 3696 2455 4084 220 3502 2565 2857 4533 2358 88 3371 360 2822 3612 283 480 3171 588 4144 2562 3258 2307 2785 560 2473 2972 3318 3851 3410 1069 4340 3595 1941 3332 1723 3311 3604 3613 917 2284 3380 4565 4396 1581 3795 3657 2087 1691 4788 3070 3141 1885 3866 2025 3304 4155 3964 604 4911 3789 1376 639 2887 3979 4105 4457 4786 3802 4189 3586 2331 4157 2300 312 3964 3768 529 4150 3314 3005 3198 2537 4405 1167 599 2857 3779 3367 3708 521 3076 4313 4075 3556 2545 4606 2845 3094 4175 4241 1499 3496 2187 0 1749 2850 3377 3301 400
3352 5060 2448 5301 2127 1561 2934 2733 3129 3657 2522 965 2453 2283 3542 1689 2438 1782 1433 1373 2143 4897 2984 2159 2425 3041 3160 1878 5063 1934 2107 2392 2056 4390 2392 1827 2082 2103 1674 5268 2584 5552 1763 5586 3129 2164 1540 1841 2456 2163 2659 3167 5253 3189 572 2534 1339 1598 2730 2207 1118 2949 3267 2093 1755 5252 2652 1302 1739 1501 2204 887 4386 3074 1973 2299 715 5467 2659 2507 2161 1710 1758 2444 2651 1453 5080 1118 2803 942 4472 4478 1964 5260 1840 4897 2492 2340 2401 619 2487 1726 2473 2102 3293 1796 3730 2383 1758 1866 2541 1953 2309 2010 2275 1540 767 2205 2271 2901 4788 602 1996 5242 2838 1993 2234 2906 2367 2886 1215 3526 2332 3022 4986 1661 2065 1831 2916 3300 1402 1713 3710 2086 3102 3310 1870 1613 1640 1930 2713 1175 2084 952 2947 2113 1274 3329 2317 2854 1949 2007 2679 4351 1548 2086 821 1942 4750 2674 1938 1524 2014 3580 4969 1149 4584 4235 2447 1145 3652 1460 3076 1215 2663 1452 3402 5153 2673 1226 3516 4342 2578 2295 1930 2418 4693 5111 3659 2377 2935 2626 2688 2868 2153 1716 2485 4714 1361 2785 3602 1760 1886 1342 5371 1241 1944 1274 2608 1716 4696 1728 2153 5005 2589 4530 869 5401 3299 1702 4972 5354 1253 2334 982 1749 0 2893 2124 3464 1537
487 7167 5329 7401 4968 1865 145 201 2218 764 2180 3858 4206 3774 900 1204 2070 2961 2411 4192 5011 7152 106 1780 3084 1992 2097 4766 7021 2024 4968 754 4949 6538 5256 2304 2223 2389 4531 7216 5476 7401 4481 7543 287 5025 1778 4601 1013 1350 2147 1101 7178 2216 2370 2906 1636 4478 824 2294 2132 734 2844 2895 2139 7273 3814 4194 4189 4369 5026 2061 6287 468 3088 5169 3060 7134 3360 2215 3466 3064 3719 2619 2132 3183 7191 2736 2545 2930 6376 6624 2907 7335 2595 6710 5342 557 1485 2369 1818 2426 457 3655 662 4679 3244 3117 4610 1950 2804 2229 2303 3014 2834 2347 3617 2919 809 2267 6645 2528 4888 7143 3991 2597 5127 233 2472 3643 2885 659 5144 863 6929 2634 2660 4671 30 2833 4271 2916 882 3088 408 874 3132 2375 4394 2332 2993 2324 4968 3842 195 2529 2042 616 1769 1984 2671 3876 5101 6442 1346 2209 2074 4775 6401 5566 3729 1508 2460 2430 7230 1766 6644 1526 792 1750 2841 4153 310 1689 5526 1462 512 6983 5505 2495 3439 6613 4223 3379 1631 5055 6939 7301 2824 2779 2646 1793 617 5692 740 3129 5206 6609 2448 2851 753 4640 4744 2029 7237 1907 3445 4028 2253 4303 6544 2332 5040 7159 5296 6396 2876 7455 735 4540 7024 7036 1703 2113 2122 2850 2893 0 4990 574 3101
5460 4607 367 4821 171 3377 5041 4819 4682 5751 4050 1200 3203 3357 5665 3792 4017 3347 2970 1270 31 4270 5086 3884 3432 4676 4766 332 4795 3579 42 4415 444 4007 269 3340 3978 3537 986 4978 749 5332 776 5238 5209 51 3407 616 4570 4050 4206 5090 4992 4750 2620 3670 3372 534 4850 3686 2965 5072 4549 3210 3374 4875 3807 903 1378 623 284 2931 4315 5195 3472 181 2011 5454 4102 4019 3438 3207 2722 3745 4204 2855 4618 2868 4170 2590 4378 4080 3566 4816 3173 4823 382 4433 4213 2624 4172 3183 4585 3221 5416 743 4909 3361 387 3560 3740 3489 3780 3556 3437 3088 1545 3816 4395 4409 4685 2636 520 5010 3928 3748 443 5019 3747 4218 2851 5603 381 5142 4748 3406 3339 1048 5015 4594 1035 3303 5826 3596 5221 5299 3332 3481 748 3793 3817 2866 187 1185 5058 3897 3102 5450 4030 4477 3222 2895 1556 4051 3649 3618 2923 290 4876 782 2946 3532 3413 5114 4322 3272 4277 6359 4570 3260 5017 1010 5146 3302 539 3529 5493 5016 588 3092 4525 3794 3372 3657 3755 982 4114 4541 5034 3580 4266 4318 4812 782 4252 3169 772 4581 3227 3984 5714 381 250 3149 5159 3330 3195 1028 4105 1115 4621 3602 651 4499 868 4469 2262 4961 5423 471 4603 5344 3376 3897 2913 3377 2124 4990 0 5564 3004
161 7611 5903 7842 5542 2403 539 755 2490 201 2578 4429 4657 4210 626 1776 2479 3412 2947 4752 5586 7618 480 2239 3533 2268 2351 5339 7444 2513 5543 1263 5520 6995 5830 2803 2617 2855 5095 7635 6046 7803 5053 7961 410 5600 2324 5174 1385 1832 2517 1260 7594 2473 2944 3333 2208 5052 1108 2745 2695 906 3144 3375 2648 7704 4206 4766 4750 4943 5600 2635 6711 569 3521 5743 3631 7511 3714 2616 3897 3527 4210 3044 2504 3677 7636 3251 2909 3460 6799 7079 3333 7773 3095 7116 5916 1131 1907 2943 2215 2936 1002 4105 545 5247 3496 3574 5184 2449 3225 2714 2738 3439 3291 2874 4183 3313 1301 2595 7058 3084 5459 7556 4373 3010 5698 593 2903 3986 3393 270 5718 982 7351 3092 3136 5233 550 3126 4838 3374 388 3506 487 913 3580 2839 4967 2751 3400 2878 5541 4414 538 2922 2598 438 2201 2305 3160 4352 5653 6892 1919 2676 2647 5349 6786 6137 4202 2074 2938 2611 7697 2331 7087 1059 1216 2320 3059 4725 510 2263 6101 2036 129 7388 6079 3002 3753 7087 4660 3787 2135 5621 7406 7757 3038 3220 2992 2160 971 6266 1313 3594 5776 7028 2942 3237 256 5213 5318 2580 7644 2441 3900 4601 2637 4869 6957 2781 5608 7611 5865 6813 3441 7889 633 5114 7462 7416 2260 2541 2692 3301 3464 574 5564 0 3584
3433 4088 3208 4326 3086 2664 3068 3024 4217 3783 3698 1908 1150 815 3387 2143 3587 345 2782 1762 3008 4052 3155 3227 3859 4069 4201 2678 3980 3112 3008 2957 2716 3447 3244 3116 1151 3396 2116 4181 3114 4406 2988 4509 3386 3054 2589 3002 2230 3035 3805 3821 4151 4264 1767 3916 2171 2508 2538 3458 2321 2779 4519 3523 2987 4216 1124 2120 3161 2490 3199 1901 3253 3048 480 3135 2252 4219 1161 3696 629 205 630 3763 3793 152 4111 501 4050 595 3343 3533 565 4264 3219 3719 3378 2669 3329 1856 3540 3063 2649 645 3202 2355 5003 3828 2750 3017 3896 3206 3552 554 3670 2862 1537 812 2296 4046 3635 1100 2626 4124 1316 805 2881 2997 3654 1359 346 3750 3332 2784 3892 533 3440 2169 3112 4544 1977 314 3682 604 3114 3817 350 756 2841 958 4091 2492 2878 1971 3056 959 2446 3280 3368 3913 3338 776 4033 3359 2059 3321 1698 2951 3480 3217 633 2347 3337 4640 4130 1646 3570 4005 2369 1745 4827 2761 3381 1934 3483 2110 3576 3990 3589 645 4876 3512 1215 762 2934 3645 3839 4208 4828 3747 4190 3651 2622 3781 2495 184 3614 3583 657 4118 3617 2635 2834 2514 4233 1282 442 2544 3796 3065 3535 841 2682 4071 3725 3377 2382 4391 3165 2742 3956 4112 1597 3510 2142 400 1537 3101 3004 3584 0
