60 60 12
32 62 80 20 51 2 38 63 29 37 64 42 86 52 21 88 38 41 82 45 96 81 53 19 35 46 7 31 78 80 20 20 55 65 55 20 25 3 7 83 24 75 34 27 88 7 5 84 49 90 76 16 88 58 26 39 55 38 19 32
124 96 112 112 110 122 137 122 122 115 119 117
0 10424 9479 7325 9112 10883 3755 6998 7320 8282 11789 1031 1950 7896 4048 5739 4545 2781 10380 1044 4859 11066 12099 9474 8328 9726 8729 6519 3102 10175 6978 7208 9641 7051 1870 8750 6573 2716 10571 12161 388 5254 3204 8739 3872 9478 7071 11909 7448 11807 6808 7151 7071 8036 5196 5242 8697 5653 10860 11186 10111 6414 8808 4745 7524 10948 7906 5397 2481 6227 2954 10897 7541 12719 9006 2321 11492 7623 8817 7770 7751 8663 6850 5343 11025 9886 10561 11410 13420 6205 7170 1477 10753 6479 3547 5067 7589 3263 8176 10427 5113 4366 9946 6897 1702 5847 13627 11641 6301 4957 7911 6728 6741 3823 4849 5730 6383 9468 5977 10858 1993 10548 9141 6210 5813 8903 4820 1399 9753 9321 903 6765 4898 4874 10539 9280 4595 10284 9908 10896 1418 6898 7143 6528 7419 10447 6074 11985 1224 5980 8402 8950 7774 1847 2405 2746 8438 6289 5271 7987 2331 9704 8154 6537 9681 7519 6611 7783 8028 9620 8099 3978 5658 5098 2484 4231 1046 4162 5389 8405 3567 10189 1609 9351 4533 11364 4149 10490 9190 7007 8450 9923 8121 10471 7281 7245 5350 3748 9254 8953 5449 3183 9693 9601 9500 10197 6692 9917 7124 876 7714 8366 5158 8053 9432 6012 5713 7355 7003 12728 9179 5043 8046 6754 12341 7148 10299 7937 8485 659 9569 5632 8066 8145 6810 7546 10075 5044 3450 6877 5797
10365 0 1865 4760 7946 2181 7073 5620 3517 2649 2616 10196 9439 3314 6828 5963 6881 8857 1184 10124 6576 4342 2054 6908 8087 8206 4747 7011 8665 5684 4615 5539 4213 5920 8910 6890 5398 8204 3718 2468 10777 7942 8817 2950 8103 1578 4111 1387 3924 1968 6384 6731 4570 3910 6395 6486 4110 8017 2720 1182 1223 5329 3347 6517 4008 1241 2970 5525 8611 5809 8405 2989 3056 1901 3052 8545 2477 4376 6209 4183 3240 6246 5142 8123 3275 7399 3937 1848 2230 4766 3838 9648 3855 8512 9158 7365 6085 7580 6119 2977 5513 7157 4158 4217 10408 6232 2887 1373 7013 7665 8214 7915 5580 7378 7659 7199 4832 1238 5354 2408 9871 971 2783 4732 7933 3452 7883 9305 8324 5341 10038 7946 6011 8151 2096 7384 6420 1687 1874 3803 10755 7162 3894 7882 3586 4280 6894 2223 10047 6429 6072 2145 6636 9415 8415 8726 6932 6781 5919 4243 9711 2409 2597 7111 1534 8168 4358 4417 3340 8024 8411 8304 7324 7278 9190 7299 10809 7846 5384 5778 8029 5295 9421 5173 6653 2033 6479 3308 6928 5775 2855 4302 3314 990 5223 6379 8289 7696 5138 8142 6828 8827 5605 4947 2552 5087 7842 2423 6372 10420 4019 5841 6026 7181 7811 6475 5015 5165 4880 1731 5749 8120 3158 6006 1734 4574 5646 4193 3027 11142 4648 4982 7788 2833 4354 8599 2771 8250 8244 4758 5807
9407 1883 0 4853 6322 3869 6135 5473 2745 1091 2078 9504 7852 3025 6091 4366 5720 7923 1990 9220 5892 5213 4049 5352 6209 8617 5394 7393 7142 6433 4244 5359 2504 3922 7883 5067 5333 7130 4981 2693 9434 6528 6747 3029 6811 302 2490 2759 2441 3571 4378 4829 2921 4098 4888 5746 2119 6259 1702 1782 2192 5012 3776 4882 3971 3156 1490 3761 7401 5633 6982 4111 2412 3136 3509 7331 1640 4457 4641 2234 2108 4484 3230 7783 4431 7645 5037 3565 4013 3854 2756 7832 2577 6726 7185 5486 4271 6081 6836 1876 4471 6672 5108 2695 8893 4512 4040 3064 4981 6616 8432 5544 5752 6688 5712 5502 3420 626 4305 1470 7856 1203 1094 3503 6333 1799 7740 8221 6422 3670 8677 8105 4819 6656 3398 7817 5186 533 104 2680 8716 5768 2763 5819 3573 5040 4842 2327 8977 6175 4151 365 7147 9038 6986 6986 7127 6666 5460 2214 7884 732 2180 7390 2686 6007 3323 2808 3821 8730 6319 6855 7256 5218 7966 6865 9042 6357 4228 4134 7340 6179 7718 3507 5821 2026 5582 1827 5457 3914 1072 2770 1707 1352 4897 4453 7500 6296 5738 8910 5109 7669 3658 3463 792 3474 8098 3522 6537 8624 2140 6461 4532 5238 5912 4634 3846 5718 4310 2679 6180 7657 2658 3969 3450 2791 7025 4473 1105 9317 5384 3858 6191 2068 3057 6322 3575 7803 6392 4227 5401
7615 4875 4875 0 9830 3841 5045 533 2489 4622 6922 7760 6528 1973 3444 5933 2965 7775 3801 6395 2980 2932 4989 9370 9360 3823 853 2321 7425 2419 1425 568 6843 7017 5878 8632 1068 5962 3314 7444 7823 7582 6974 2121 3719 5043 4641 6083 4595 4265 6521 7908 4835 1044 5622 2563 5862 7577 6818 6298 3737 1322 1693 5066 1161 4885 4466 4449 5515 1600 6098 2951 3003 7151 1936 6811 6487 716 8351 5675 3267 7994 5352 3559 3159 3059 2721 4761 6924 3106 3322 6610 7410 8320 7504 6384 7403 4929 1431 6765 3704 3447 2251 4872 6477 5945 7630 5637 7069 2966 2962 8381 998 3926 6462 6970 3904 4690 2990 6253 7448 5538 5751 4712 7787 5911 3591 6056 10075 7690 6841 3132 4042 7045 3209 3112 4698 5614 5079 7805 8054 8405 3892 7862 1608 2598 7017 7137 6487 1781 7672 4902 1681 5822 5824 4829 2434 2070 2462 5351 6912 5761 2966 2358 3539 9075 3527 6110 1495 3824 9557 7013 2703 6448 7133 3446 6906 6835 3446 7534 4210 2486 6842 7861 3158 6518 4237 6844 9081 6430 4528 7887 4876 5598 80 7311 3124 5962 1991 3537 6162 7067 7815 7902 5146 8329 3086 2890 1602 7648 5098 1870 5095 8318 9915 6211 2981 452 1223 6962 2232 3648 2462 6967 5519 4938 2682 657 5030 7557 1761 4098 9256 3298 3679 9093 2366 3373 6688 1378 1773
8893 8041 6645 9646 0 10198 6276 10280 7600 6039 6410 8115 7271 8384 8954 4653 8785 6144 7982 9414 8672 11871 10162 1254 1046 13476 10443 11333 5793 11983 8152 9901 4197 3101 7545 1486 9912 7399 10729 7576 8785 3500 5957 8649 9063 6510 5073 8448 5119 9814 3323 2070 4884 9951 4903 9068 4355 3691 6224 7529 8291 9105 9497 5617 8582 9169 5892 5939 7844 8984 6021 10408 7103 8772 9049 7284 6203 8877 1848 4393 6592 2053 4318 11548 10472 12499 10751 9618 9532 7271 6785 7732 4653 2547 5642 4423 2807 7219 11713 5746 6410 9184 10619 5033 9315 4528 9853 9100 3102 9278 12577 2488 9975 8460 4538 3750 6296 6978 7410 6139 7037 7240 5292 5324 3401 4893 10078 8514 537 2951 8796 11952 6633 4516 9543 12679 6417 6439 6587 5051 7933 2092 6009 2622 8436 11091 3582 7413 9198 9954 2448 6243 10986 9783 7229 8456 11961 9812 8457 4829 6520 5926 7168 11057 8792 1234 6289 3846 8984 13328 930 4947 10462 4037 6764 8873 9666 5277 6992 2386 10017 11777 7891 3038 8221 7558 6798 5269 1096 3463 5840 4445 5515 7749 9710 2655 10852 5850 11667 13916 4359 6308 2915 3003 5740 3000 11935 9988 11528 8032 4999 12083 5103 1430 455 3588 7194 10004 8840 8532 12154 11007 8031 3136 10156 5171 12061 9797 5432 8838 10686 5796 1099 6873 6205 1308 9274 10838 5894 8932 9537
10762 2170 3821 3675 10101 0 7619 4243 3528 4138 5059 10328 9342 3207 6588 7391 6100 9872 1641 9524 6049 1960 1318 9033 9632 6073 3246 5762 9458 3749 4224 4197 6279 6964 9210 8862 4635 8734 1309 4987 10908 8900 9009 2476 7495 3412 5100 3065 5424 741 7238 8498 6059 2751 7476 5978 5900 9357 4878 3501 1412 4509 2301 7041 3221 1489 4356 6168 8453 4906 8969 786 3510 3891 2088 8808 4856 3376 7932 5653 3848 7624 6017 7631 1029 5430 1887 962 2997 4769 4490 9527 6063 10017 9641 8117 7864 7903 4740 5099 5736 6601 2175 5564 9339 7065 4342 1858 8105 6597 6006 9340 4668 6913 8521 8073 5181 3177 5098 4708 10164 3232 4718 5968 9761 5315 7094 9834 10183 6983 9682 6740 6128 8815 669 5235 6738 3857 3802 6234 10262 8634 4851 9435 3233 2076 7812 4442 10292 5506 7714 3856 5187 9244 8457 8166 5168 5755 5639 5280 10285 4410 3035 6294 1246 9868 5035 6428 2502 5753 9521 9700 6652 7836 9248 6699 10723 8256 5604 7549 7476 3318 9670 6983 6450 4345 6841 5125 9236 7196 4050 6311 4712 3377 3645 7550 6662 7902 3026 6273 7543 9305 7284 7199 4304 7313 6533 876 5223 10854 5373 4457 7094 9017 9613 7235 4987 4170 3937 3777 3564 7593 3225 6977 1829 5592 3900 3050 4604 11266 2886 5900 9268 3398 5149 9545 1243 7203 9122 4030 5072
3605 7249 5965 5409 6648 7787 0 4810 4240 4812 8083 3249 1744 4704 2283 2218 2519 2219 6515 3252 2401 7928 8620 6404 5636 8652 6278 5170 2090 7381 3772 4749 6284 4051 1751 5687 4471 994 7927 8388 3675 3238 1549 5128 2936 6160 3604 8534 3464 8314 3681 4718 3362 5742 1797 3011 4720 3362 7177 7418 6424 4047 5572 1203 4636 8174 4489 2088 1734 3764 1110 7270 4451 9327 5507 1584 7268 4643 5354 4622 4309 5349 2997 4687 7407 7921 7717 8403 9739 2855 3524 2259 7240 4561 2516 1983 4500 625 6214 7154 1943 2789 6972 3392 3443 2297 10322 8209 3673 3496 6518 4142 4624 2121 2068 2820 2806 6184 2646 7182 2284 7020 5613 2707 3350 5333 3888 2648 6962 5734 2935 5433 1348 2445 6887 7769 931 6554 6103 7499 3030 4287 3352 3886 4417 7370 2765 8070 3363 4042 5611 5461 5843 3248 1209 1799 7371 4516 2652 4210 2214 5678 4751 5179 6460 5334 2778 4518 5317 8558 5847 2277 4289 2531 2004 2794 3625 1627 2061 5382 3166 7568 2052 6061 2425 8227 864 6376 6183 3515 5053 6958 4459 7234 5190 4333 4515 952 7495 7846 2291 2188 6116 5901 5659 6381 5670 7117 5493 2995 3980 6681 1932 5007 6233 3084 2601 5502 4221 8535 7268 4341 4783 3825 8311 3411 7865 5622 5223 3466 6659 2094 5573 4543 3060 5529 6472 4721 1393 3972 3825
7473 5377 5241 534 10295 4241 5049 0 2883 5070 7537 7707 6375 2286 2980 5700 2801 7066 4389 6319 2720 3419 5606 9862 9578 3509 1244 1771 7014 2726 1526 55 7002 6740 5676 8713 682 5611 3627 8175 7314 7974 6541 2620 3348 5510 4841 6802 4791 5176 6752 8020 5302 1554 5794 2125 6307 7641 7327 6654 4123 1035 2248 5021 1560 5575 5039 4318 5112 1095 6139 3696 3251 7465 2371 6044 7255 969 8458 5858 3531 7726 5293 3017 3808 3185 3304 5129 7062 3052 3432 6659 7494 8493 7169 6336 7483 4793 1338 7281 3877 3122 2581 4575 5895 5678 8459 5901 7392 2629 2613 8351 533 3558 6398 6795 4055 5090 2692 6871 7259 6029 6171 4674 7592 6356 2975 6141 10584 7593 6103 2628 4108 6930 3620 2973 4623 5634 5546 8083 7267 7899 4037 7820 1971 2870 6522 7207 6040 1193 7998 5503 1387 5338 5494 4563 2381 1552 2144 5740 7018 5993 3410 1871 3769 8967 3773 6432 1877 3893 9667 7387 2181 6398 6870 2948 6729 6716 3568 7873 3893 2763 6190 8038 2621 7137 4163 6846 9751 6372 5073 7880 5142 6140 462 7242 2750 6105 2494 3362 6111 6972 8261 7677 5916 8375 2598 3451 1160 7237 4899 1860 5135 8280 9412 6466 3066 472 1226 7462 2444 3016 2840 6598 5930 5098 3133 1188 5638 7403 2303 4173 9536 3378 3982 9408 3091 2977 6228 1406 1282
7559 3416 2824 2474 7464 3591 3971 2669 0 2124 5055 7070 6165 632 3486 3711 3260 6454 2491 6447 3045 4216 4645 6683 6893 6157 3020 4528 6082 4571 1359 2816 4634 4489 5426 5871 2602 4880 4055 5216 7809 5973 5270 1253 4426 2842 2239 5097 2205 4108 4366 5335 2787 2072 3894 3032 3380 5815 4353 4304 2554 2230 1850 3313 1330 3959 2053 2354 5111 2709 5312 3461 529 5365 1850 5543 4740 1954 5848 3352 852 5162 3048 4903 3691 5860 3789 4250 5920 1447 943 6232 5235 6563 6101 4583 4756 4239 3850 4466 2278 3816 3408 2170 6551 3726 6418 4315 4905 3833 5442 5769 2840 4117 4921 4949 1771 2855 1711 4077 6487 3714 3282 2469 5765 3644 4846 6021 7453 4887 6742 5045 2874 5349 2818 5844 3202 3447 3022 5108 6871 6006 1451 5767 979 3786 4567 5162 6809 3135 5550 2765 4167 6510 5248 4875 4858 3901 2763 2779 6451 3208 782 4375 2460 6682 1553 3662 1633 6402 6750 5869 4228 4715 5968 4152 7091 5172 2129 5374 4900 4690 5721 5062 3097 4800 3556 4162 6435 4115 2176 5342 2221 3832 2560 4756 4746 4848 4035 6312 4286 6412 5342 5388 2856 5612 5141 2960 3841 7257 2404 4189 3310 6270 7474 4378 1507 3027 1589 5297 4349 4903 486 4237 4612 2617 5112 2324 2589 7663 3628 2236 6494 850 1569 6872 2650 4770 5315 1602 2499
8257 2626 1034 4707 6131 3984 4953 4686 2222 0 3087 7950 6521 2681 5306 3505 5048 6425 2542 8048 4632 5484 4338 5035 5701 8220 5017 6683 6400 6246 3689 4755 2464 3274 6549 4575 4877 5771 4998 3777 8696 5263 5773 2542 5989 1249 1398 3789 1412 4415 3704 4574 1936 3890 4012 4677 1505 5600 2540 2807 2789 4557 3311 3889 3403 3916 392 2957 6205 4711 5968 4240 1648 4097 3322 6264 2622 3826 3965 1651 1331 3713 2430 7125 4602 7919 5420 4046 5069 2700 1895 7506 2888 5757 6195 4680 3476 5240 6372 2547 3363 5653 5019 1574 7750 3576 5045 3992 4311 6097 7753 4781 5157 5810 4924 4831 2258 1431 3149 2345 6841 2259 1071 2442 5663 1613 6880 7475 6038 3304 8126 7515 3965 5308 3374 7478 4211 1579 1074 3107 7567 4914 1677 4834 3003 5422 4253 3185 8304 5445 3519 773 6371 7927 6407 6585 6813 6041 4479 1495 6575 1101 1609 6608 2798 5462 2293 2169 3499 8479 5903 5805 6102 4508 6616 5964 8734 5453 3205 3647 6701 6384 7235 3110 5081 3111 4470 2061 4961 3229 151 3073 663 2560 4653 3540 7060 5287 5721 7929 4153 6233 3616 3198 785 3692 7091 3810 5853 7767 1157 6042 3561 4748 5336 3612 2842 5279 3645 3694 6162 6626 2158 3346 4462 1939 6511 4402 554 8645 5382 2885 5674 1419 2112 5816 3601 6868 5583 3760 4842
11097 2540 2111 6852 6851 4785 7716 7134 5173 3151 0 11377 9778 5380 8504 6208 8035 9225 3361 11355 8199 6448 4581 5501 6465 10519 7498 9253 9287 8636 6507 7375 2522 5066 9496 5131 7847 8967 6259 800 11771 7712 8587 4987 9198 2125 4239 2285 4146 4615 5541 6066 4628 5920 6968 8212 3337 7296 653 1379 3612 7120 5530 6690 5778 3506 3209 5718 9736 7751 8292 5467 4370 1978 5480 9484 449 6665 5047 3611 4344 4926 4778 9748 5546 9399 6622 4310 3601 5659 5058 9648 1771 7343 9260 6964 5035 7855 8786 802 6123 9122 6376 4580 10833 6353 2941 3391 5940 9348 10262 6887 7467 8709 7426 6840 5455 2145 6210 788 9710 1679 2387 5420 7755 2431 9866 10509 6650 3779 11257 9944 6920 8154 4687 9915 6715 1557 2039 1713 10325 6361 4569 6891 5601 6875 6289 515 10724 8134 4658 2251 9164 11063 9433 9563 8964 8337 7688 3809 9515 1957 4042 9276 4204 6989 5400 3954 5358 10016 6578 8340 9369 6877 9152 8512 11018 8122 6255 4532 9336 7961 10104 3589 7579 717 7573 1692 5562 5173 3001 2272 3576 1594 6990 5271 9749 7813 7458 10223 6182 9095 3827 3344 2457 3347 10487 4967 8764 10708 4034 8502 5918 6017 6024 6177 6165 7499 6181 1610 8160 9449 4855 5337 3838 4731 8260 6885 2756 11208 7259 5915 6768 3939 4875 7024 5339 9788 8209 6492 7319
978 10181 9339 7517 8619 10971 3109 7192 7217 8172 11101 0 1482 7397 4515 5290 4915 1858 9895 1717 4786 10754 12290 8368 7135 10365 8407 7065 2111 10301 6831 7118 9080 6788 1798 7844 7074 2216 10411 11995 918 4785 2657 8651 4258 9852 6770 11726 6756 11558 6008 6634 6127 8580 4260 5404 7735 4780 9965 11315 9571 6866 8856 4328 7518 11423 8029 5219 2587 6294 2378 10527 7770 12106 8958 1635 10834 7380 7972 7504 7244 7955 6139 5943 10764 9849 10105 11807 12896 6152 6642 1074 9634 5636 2819 4276 6824 3209 8768 10118 5273 4623 9638 6717 2399 4814 12764 11503 5846 5446 8276 6007 6812 4051 3919 4991 6032 9214 5758 9934 1140 10122 8887 5745 4967 8826 5320 1860 8964 8637 1432 6803 4381 3737 10374 9872 4357 9716 8940 10667 413 6500 6409 5997 7428 9947 5207 11425 2085 6177 8004 9181 8214 2548 2120 2831 8991 6212 5183 7310 1410 9522 8366 6733 9797 6632 5806 7251 8415 10131 7519 3222 6022 4818 1706 4781 1929 3426 5226 8179 4306 10363 1294 9016 4877 10967 3797 9848 8703 5965 8312 10137 7848 11071 7649 6547 5914 3177 9782 9692 4820 2193 8703 8508 8643 8989 7518 10347 7756 444 7151 9341 4759 7305 8100 5240 5556 8078 6731 11492 9840 5146 7802 6120 11413 6636 10699 8609 8485 319 9917 5650 6814 8025 6120 6782 10092 5835 2663 6934 6288
1840 8847 7646 6940 7041 9717 1767 6361 5656 6848 10038 1404 0 6305 3144 3786 3443 1341 8744 1980 3537 9095 10505 7348 6443 9538 7798 6201 1399 8600 5383 6224 7232 5600 781 6470 5678 897 9330 10255 2023 3798 1474 6902 3404 8113 5120 10655 5305 9647 4870 5812 5160 6898 3192 4058 6564 3942 8975 9826 8595 5592 7634 2848 6309 9716 6529 4018 1506 5405 1149 8920 5876 11270 7595 294 8967 6219 6405 5914 6037 6760 4928 5391 9227 9047 9366 10269 11899 4658 5109 529 8926 4976 2024 3007 5521 1785 7292 8849 3755 3640 9001 5132 2413 3722 12248 10022 4508 4093 7337 4779 5907 2748 2914 3872 4504 7806 4275 9034 765 8941 7468 4635 3861 7024 4480 1535 7632 7304 1640 6604 3175 2890 8749 9018 2752 8359 7928 9237 1144 5517 5285 4599 6095 9093 3868 9984 2310 5102 6973 7865 7128 2520 697 1906 8344 5518 4235 5775 749 7436 6352 5991 8340 6000 4756 5877 6802 9222 6253 2360 5306 3488 845 3625 2385 2087 3956 6512 3514 8699 386 7614 3553 9531 2479 8463 7571 4962 6691 8097 6097 9189 6809 5757 5078 1750 8780 8638 3574 1461 7756 7481 7199 8015 6359 8854 6447 1148 5755 7976 3535 5795 7253 4370 4314 6742 5387 10746 8608 4644 6606 5239 10623 4829 9663 7058 7039 1508 8474 4131 6259 6757 4788 5890 8325 5223 1645 5280 4960
8008 3530 3161 1949 8354 3159 4408 2290 603 2551 5361 7517 6259 0 3663 4483 3415 6614 2347 7070 3055 3473 4355 7393 7400 5574 2551 3935 6568 4070 1117 2299 5059 5208 5824 6747 2293 5420 3502 5458 7739 6547 6172 813 4295 3310 2719 4927 2811 3774 5297 6137 3391 1410 4498 2872 3813 6587 4865 4382 2361 2027 1270 3827 773 3708 2628 2869 5388 2394 5336 3003 1042 5600 1185 6141 4990 1335 6122 3957 1460 6113 3687 5119 3393 4934 3289 3833 5755 1757 1500 6313 5625 7400 6523 5525 5289 4253 3573 5183 2795 3847 3045 2795 6750 4401 6371 4318 5560 3810 5022 6231 2582 4218 5633 5820 2228 2956 1993 4738 6748 3660 3570 3108 6565 4197 4848 6493 8210 5470 6743 4751 3115 6348 2633 5032 3776 3632 3281 5515 7306 6191 2053 6378 388 3213 5446 5432 7155 2910 6218 3083 3623 6610 5566 4831 4256 3510 2668 3560 6675 3748 1044 3998 2287 7448 2068 4120 1095 5947 7562 6029 4122 5487 6776 3892 7436 5459 2420 5637 4826 3703 6362 5526 3233 5154 3599 4715 7197 5010 2815 5575 2737 3930 1992 5506 4713 5135 3474 5598 4778 6301 6102 5614 3468 5968 4900 2479 3539 7322 3147 3756 3732 7074 7994 4642 1942 2533 1196 4993 3904 4659 468 5013 4667 3256 4255 1780 3268 7681 2972 2762 7647 1187 2094 7452 2186 4731 5555 1330 2281
4121 6976 6509 3519 8754 6633 2360 3023 3544 5088 8277 4500 3426 3857 0 4345 418 4145 6269 3284 543 6279 8124 8534 7821 6291 4379 2925 3972 5701 2591 3074 6971 5748 2610 7429 2323 2502 6530 9141 4498 5716 3818 4475 918 6199 4322 8383 4404 7345 5577 6248 4600 4053 3844 881 6070 5628 7834 7712 6224 2250 4546 2906 3491 7290 5351 3057 1832 1850 3166 6556 4174 9114 4549 3237 7968 3461 6884 5852 4117 7087 4423 2477 6403 5944 6459 7704 9163 2458 3490 3424 8139 6629 4714 4297 5857 1852 4045 7599 2340 592 5435 4282 2894 3961 10285 8163 5427 1133 4539 6161 2531 516 4463 4829 3276 6397 2137 7625 3858 6971 6134 3941 5964 6359 1828 2898 8758 7299 3318 3243 2025 4628 6299 5551 2376 7062 6108 8253 4454 6358 3915 6439 3542 6073 4893 8850 3384 2105 7094 6220 3695 2592 2558 1556 5146 2121 997 5034 4093 6624 4248 2776 6109 7095 3077 5782 4166 6339 8219 4415 2077 4630 3859 598 3729 4033 2213 6927 1304 5827 3257 7447 509 8694 1692 7127 8237 5537 5263 8043 4929 7635 3459 5986 2254 3162 5614 5481 4575 4425 7872 7875 5966 8177 3446 5837 3497 3800 4850 4889 3452 7312 8807 4753 2394 3453 2720 9111 5273 1912 3902 5615 8370 4435 6010 3890 5788 4437 5322 2889 7538 4542 3381 7451 5678 2172 3681 2578 1795
5910 6307 4381 5767 4652 7540 2297 5586 3746 3405 6336 4950 3762 4511 4177 0 3952 3401 5908 5238 3898 7921 7868 4554 3575 9551 6296 6606 3156 8422 4348 5693 3971 1670 3988 3418 5196 3043 7996 6586 5840 2107 2519 4866 5073 4586 2045 7435 2105 7741 1335 2445 1614 5974 698 4509 2745 2061 5672 6524 6050 4877 5620 1380 4852 6985 3015 1567 3954 4901 2695 7456 3677 7585 5412 3505 5723 5336 3081 2637 3457 3024 1200 6671 7215 8669 7431 7220 8823 2894 3006 4450 4788 2805 3003 1112 2016 2890 7425 5305 2036 4523 7004 1843 5469 60 8947 7827 1443 5328 8418 2224 5487 4047 1267 1253 2106 4914 3039 5126 4014 5662 3616 1285 2311 3595 5706 4753 4675 3463 5361 7277 2085 1859 6554 8690 1848 5061 4534 5210 4895 2312 2537 2213 4717 7712 870 6653 5796 5621 3062 4052 7220 5794 3505 4274 8354 6033 4176 2249 3518 4236 4265 6668 5900 3258 2270 2218 5238 9524 3732 2282 6314 893 3339 4852 5855 1824 2422 2948 5380 8209 4232 3488 3832 6443 2668 4649 4170 1224 3591 4910 2912 5695 5738 1966 6282 1975 7810 9169 506 3044 3691 3734 3847 3985 7088 6572 7053 4909 2447 7447 628 2867 4377 740 2912 6513 4575 6971 7794 6105 4409 1559 7517 1615 8717 6065 3447 5078 7694 1630 3348 4026 2232 3549 6462 6414 2346 4642 4972
4642 6532 5705 3023 8392 6577 2376 2732 3367 5079 7915 4897 3640 3345 421 4136 0 4322 5464 3721 168 5969 7546 8602 7859 5588 3810 2670 4296 5368 2129 2735 6705 5844 2861 7206 2125 2710 6483 8449 5146 5949 4145 4167 1210 6169 3958 8015 4073 6994 5177 6237 4134 3576 3722 518 5745 5808 7859 7744 5791 1868 3998 2849 3004 7049 4902 2829 2227 1573 3332 5642 3598 8903 4233 3409 7675 2872 7312 5429 3956 7190 4450 2503 6320 5236 5793 7329 9285 2292 3155 3811 7446 6863 4878 4442 5965 1960 3872 7222 2185 777 5191 4133 3256 4095 9900 7587 5449 1206 4207 6389 2184 953 4445 4875 3071 6086 1745 7370 4135 6598 6109 3689 5843 6055 1916 3365 8842 6924 3721 3385 2026 4670 5480 5424 2472 6251 5921 8229 4638 6774 3578 6034 3093 5337 4682 7955 3584 1742 7054 5702 3256 3137 2818 1875 4624 1907 557 4944 4249 6332 3990 2520 5749 7190 2955 5343 3647 6343 7952 4813 1947 4515 4395 800 4086 3969 2092 6468 1643 5199 3381 7236 115 7772 1754 7047 8425 5414 4836 7513 4561 6811 3092 5877 2140 3367 5102 5549 4541 4318 7120 7044 5776 7403 3379 5708 3166 4465 4608 4597 3519 7242 7956 4942 2158 3184 2183 8219 5068 2021 3467 5626 7928 3965 5433 3436 5160 4834 4848 2840 7852 3907 3259 7800 5298 2321 4005 2219 1388
2796 8944 8020 7079 6289 9706 2245 7251 6180 6743 9848 2041 1331 6531 4445 3186 4343 0 8992 3019 4267 10612 10658 6658 5185 10534 8295 7153 309 9888 5830 6778 6901 4925 2007 6151 6668 1728 10128 10393 2872 2567 839 7293 4874 7827 5360 10215 5089 9922 4225 4538 4661 7986 2801 4939 6033 2706 9022 9934 8519 6277 7736 2873 6941 10262 6391 3933 2748 5842 1111 9656 6220 11061 7922 1115 9056 6901 5819 5916 6486 5518 4446 6563 10013 10099 9803 9897 11585 4700 5653 1673 8554 3595 813 2320 4986 2440 7967 8319 4019 4634 9585 5182 3775 3178 11569 10245 3706 5505 8798 3727 6564 3707 2184 2863 4538 8388 4896 9057 836 9274 7047 4447 2866 6890 5932 2696 6645 6687 2684 7418 3410 1866 9357 9509 2939 7919 7959 8469 1517 4574 5147 3666 6669 9249 3355 9757 3608 6136 5804 7610 7630 3614 1644 3207 9635 6232 4911 5838 583 7258 7021 6862 8706 5007 5019 5730 7700 10349 5161 1290 6537 2853 443 4726 3573 1431 4319 6043 4771 9769 1649 6824 4489 10117 3172 7971 6587 4496 6453 7654 6123 9007 7500 4594 6346 1653 9665 9541 2869 263 6677 7238 7090 7286 7662 9519 7633 1941 5506 9115 3387 5108 6577 3788 4940 7794 6036 10793 9488 5649 6842 4473 10640 4852 10005 7995 6495 2183 9593 4306 5376 6704 5033 5186 8542 6124 1068 6082 5658
10045 1146 2031 3640 8160 1741 6847 4309 2601 2557 3580 10066 7975 2315 5973 5765 5753 8228 0 9104 5510 3330 2215 7545 8246 7045 3657 6078 8439 4870 3528 4114 4576 5877 7854 6647 4345 7517 2919 3505 10721 8031 7621 1674 6828 1756 3764 2532 3560 1774 5912 6596 4201 2655 6225 5216 4045 7432 3558 2307 261 4472 2237 5729 2773 1576 2851 4757 7474 4758 7787 2193 2248 3083 1841 7854 3134 3331 6417 3882 2462 6380 4487 7218 2559 6214 3204 1684 3079 3742 3034 8648 4427 8302 8669 6998 6209 6423 4883 3671 4769 6563 3108 3811 9334 5655 4126 1917 6595 6268 6388 7617 4439 6481 7076 6871 4106 1494 4189 3112 9045 1880 3054 4426 7931 3724 7100 8577 8363 5543 8898 7142 5022 7292 1261 6244 5572 2083 2031 4485 9262 7556 3447 7256 2505 3174 6531 3237 9478 5126 6011 2252 5596 8384 7867 7534 5472 5718 4978 3832 8342 2723 1791 6217 534 8169 3742 4655 2213 6756 8386 8063 6438 6925 8922 6069 9572 7379 4302 5886 7016 4464 8156 5543 5566 3013 6047 3707 7162 5805 2587 4766 3151 2075 3949 6064 6879 7043 4301 6587 6044 8686 5543 5356 2791 5781 7007 1605 5565 9768 3677 5212 5379 7553 7665 5838 4081 4322 3458 2852 4671 6785 2128 5746 2179 3993 5110 3123 2896 10161 3682 4483 8170 1824 3717 8095 1731 6977 7841 3706 4884
1059 10012 9076 6481 9292 9811 3160 6528 6634 8308 10946 1743 1940 6798 3238 5345 3764 3117 9469 0 3854 9771 11476 9926 8497 8777 7458 5540 3299 8554 6005 6040 8986 7427 1417 8590 5477 2310 9899 11236 1445 5376 3468 7959 3009 9153 6566 11509 6725 10503 6915 7118 6206 7416 4680 3965 8145 5821 10217 10505 8993 5317 7483 4440 6868 10633 7544 4845 1573 5015 2976 9078 6732 11363 7524 2220 10865 6671 8183 7470 7031 8104 6120 4088 9933 8818 9333 10526 12127 5119 5881 1396 9959 6774 4050 4765 7306 2743 6693 10550 4726 3124 9117 6468 647 5158 12653 11508 6463 3621 6919 6929 5838 2625 4574 5537 5899 8809 4924 9822 2374 10375 8826 6036 5659 8686 3501 536 9853 9047 351 5425 4180 4659 9387 8405 4047 9532 8807 10255 2098 7027 6480 6939 6876 9121 5621 10729 371 4959 8241 8534 6620 841 2043 1719 7607 4944 4306 7482 2598 8637 7330 5107 8891 7899 5914 7510 7403 8907 8662 4279 4640 5084 2735 3105 489 3807 4631 8167 2438 8639 1585 9251 3734 10844 3515 9958 9041 6586 8164 10023 7343 10138 6475 7565 4100 3566 9017 7830 5417 3302 8777 8943 8628 9348 5356 8702 6075 1433 6890 7684 5046 8280 8913 6048 5192 6784 6155 11111 8811 3649 6786 6618 11201 6714 9336 7128 8102 1495 8303 4960 7857 7271 6069 7754 8323 4235 3530 5962 5037
4516 6623 5523 3065 8174 6129 2457 2860 3175 4838 7594 4561 3415 3203 512 3915 167 4646 5420 3885 0 5770 7370 8461 7797 6057 4087 2756 4299 5295 2102 2568 6823 5497 3004 7129 1992 2886 6112 8762 4831 5318 3827 3961 1302 5659 3857 8161 3907 6756 5044 6592 3968 3799 3511 568 5335 5525 7734 7336 5564 1720 4068 2665 3030 7292 4844 2562 2282 1618 3318 5710 3649 8272 4136 3375 7115 2953 7031 4980 3684 6988 4118 2748 6325 5531 5590 6885 9046 2103 2892 3641 7689 6395 5014 4018 5952 1940 3677 7700 1902 946 5477 3849 3331 3822 9654 7196 5321 1343 4555 5895 2179 998 4067 5026 2815 6113 1567 6842 4460 6774 5578 3514 5609 5915 2121 3413 8742 6554 3847 3349 1879 4738 5778 5298 2254 6323 5678 7711 4473 6179 3177 6252 3071 5449 4787 7670 3760 1816 6765 5659 3614 3116 2966 1985 4922 1964 524 4764 4201 6016 3976 2865 5701 7101 2753 5078 3845 6070 7734 4743 2143 4485 4154 998 4205 4080 1830 6869 1890 5388 3558 7289 68 8074 1578 6813 8292 5010 4801 7328 4399 7271 2998 5811 2396 3358 5258 5748 4193 4376 7211 7135 5544 7546 3615 5476 3200 4341 4223 4508 3242 6692 8098 4848 1913 3272 2272 8183 5316 2208 3646 5219 7675 4012 5549 3510 5183 4743 4839 2678 7477 4090 2861 7297 4997 2550 3961 2089 1338
10145 4019 5112 3027 11042 1857 7556 3544 4083 5552 6850 11054 9701 3509 6751 7957 6223 9739 3378 9934 6213 0 3040 10902 11209 4287 2148 4763 10149 2146 4113 3582 7619 8466 9171 10061 4026 8811 673 6689 11333 10149 9869 3122 6536 5284 6249 4996 6041 2449 8938 9889 6687 2435 8147 5458 7189 9981 6515 5500 3009 4134 2379 7519 3271 3538 5453 6420 8094 4416 8979 1250 4258 5458 2491 9682 6287 3311 9727 6916 4725 8883 6946 6347 906 3589 246 2707 4962 5516 5085 9974 7800 10476 10588 8987 9118 7972 3248 7171 6410 6301 774 6105 9138 7611 5994 3606 9047 5902 4659 9867 3812 6712 9451 8903 5924 5039 5612 6232 9784 4821 6552 6790 10070 7011 6484 8847 11787 8633 9922 5256 7012 9719 2140 3898 7122 5456 5549 7583 10941 9729 5543 10094 3374 524 8496 6262 9248 4611 9410 5339 3914 9159 8467 8294 3326 5029 5437 7009 10386 5972 4135 5172 2803 10570 5762 7399 2596 3950 11306 10063 5517 9122 10074 6633 10288 8879 5900 8661 7522 1561 9800 8666 6151 6363 6915 7308 10265 8283 5860 8169 5662 5417 3118 8466 6304 8910 1538 4284 8736 9664 8682 8505 6059 8878 5296 1743 4103 10397 6446 2730 7805 10596 11539 8739 5206 3003 3884 5940 1743 6479 3920 8305 3613 6614 1958 2527 6163 10860 1410 6259 10324 4248 5664 11313 1664 6408 9438 4177 4738
11867 2033 4014 5146 10384 1309 8952 5538 4485 4454 4531 11753 10871 4212 8000 7742 7652 11076 2252 11578 7109 3005 0 9479 9881 7056 4542 7100 10215 5206 5292 5384 6075 7671 10465 9173 5832 9790 2320 4308 12509 9774 10395 3637 8646 3588 5715 2200 5819 527 7982 9151 6519 4027 8571 7247 6193 9526 4675 3017 2100 6173 3570 7808 4531 867 5160 6585 9309 6238 9777 1979 4517 2797 3449 9910 4312 4629 8575 5850 4617 8298 6610 8507 2054 6493 2916 474 1881 6145 5170 11255 6116 10039 10652 9052 7754 8687 6017 5024 6601 7943 3223 5998 10481 7805 3307 957 8728 7517 7788 9521 6251 8033 9073 9543 6079 3120 6426 4301 11429 3097 5029 6931 9783 5437 8299 10877 10475 7108 11353 8205 7138 9704 1912 6817 7595 3631 3749 5717 12062 9472 5429 9116 4369 3396 8287 4209 11294 6667 7662 4196 6294 10501 10114 8948 6011 7102 6847 5961 11141 4776 3976 7453 1987 9682 5789 6613 3603 6757 10280 10634 8041 8972 10532 8153 12031 9189 6704 8036 8706 4656 10392 6946 7484 3737 8150 5402 9592 7883 4839 6666 5074 3034 5043 7849 8476 8975 4445 7071 8413 10202 7168 7217 4803 7571 8241 2026 6408 10975 5759 5502 7748 8989 9436 8157 5798 5092 5272 3048 4821 8722 3924 8025 732 6500 4915 4270 5038 11379 4170 6892 9578 3991 5657 10556 2575 8654 9895 5503 6631
9632 7043 5648 9634 1310 8946 6365 9355 7065 5323 5244 8953 8078 7639 8428 4546 8000 7121 7346 9657 8127 10227 9043 0 1909 13428 10364 10949 6532 11804 7907 9129 3046 2783 8550 1010 9517 7340 9827 6047 10009 4017 6226 8022 9304 5471 4808 7303 4598 9351 3052 2174 4208 8702 5051 8944 3483 4200 4762 6773 7836 8807 8371 5680 8263 8583 4921 5394 7978 9151 6450 9721 6500 7669 8194 7414 5404 8651 1344 3472 5967 1488 3933 10969 9818 12969 10387 8869 8428 6649 6139 8247 3742 3397 6322 4974 2408 7489 10739 4696 6290 9328 9907 4744 9863 4449 7997 8485 3206 9199 12588 2886 9108 8165 4874 4032 5636 5904 6707 4923 7598 6283 4255 5026 4179 3709 10174 9175 1234 1919 9284 11276 6138 5083 8507 12667 6201 5656 5414 3712 8299 2374 5451 3106 8027 10535 3848 5806 10068 9136 1491 5310 10706 9989 7451 8918 12076 10116 8469 3995 7221 4545 6383 10195 7834 1932 5727 3228 8658 12796 1847 5780 10000 4219 6875 9076 10057 5355 6367 1724 9990 11050 8232 2076 8074 6289 6849 4066 403 3079 5227 3065 4883 6411 9738 2459 10203 6329 11096 12357 4277 6666 1779 2068 4673 1982 11366 8966 10423 8690 4571 10854 5204 1725 796 3730 7018 9835 8441 7065 11233 10546 7071 2835 8836 4488 12130 8948 4667 8760 10063 5391 1870 6632 5516 2125 8688 10334 6096 8530 9141
8196 8253 6366 9538 1096 9895 5751 8919 7043 5376 6637 7350 6257 7180 7381 3551 7760 5074 7949 7880 7348 11192 10056 1953 0 12515 9762 9956 4811 11351 8102 9139 4078 2434 7130 1443 8782 6186 10630 7637 8064 2597 5029 7990 8489 6643 4540 8646 4840 10068 2332 1298 4200 8982 3994 8066 3884 2521 6313 7738 8064 8628 8383 4815 8054 9274 5199 5124 7109 8802 5246 9622 6316 9009 8209 5893 6132 8510 1745 3846 6266 1878 3869 9674 10096 12441 11085 9742 9971 6035 6073 6685 5245 1582 4445 3363 2195 6206 10227 5621 5499 8627 10633 4831 8406 3429 9497 9103 2037 8529 11238 1558 9405 7461 3631 2573 5557 7014 6544 6198 6074 7302 4978 4445 2404 4445 9637 7861 1591 2884 7885 10716 5697 3509 9056 12373 5035 6145 6056 4867 6744 1164 5630 1595 8085 10798 2858 7333 8586 9408 2356 5780 10270 8956 6397 7446 11330 8982 7369 4064 5876 5608 7008 10571 8705 229 5773 3569 8316 13257 205 3896 9918 3138 5573 7870 8617 4312 5618 2372 8645 11363 6344 3266 7433 7011 5785 4991 1495 2638 5531 4486 5153 7233 8869 2129 9394 4832 10572 12248 3276 5024 3117 3160 5564 3208 11032 9603 9850 7443 4785 11493 4090 753 1191 2853 6066 9971 8236 8235 11123 9630 7241 2475 9814 4459 11246 9606 5271 7672 10164 5025 119 6446 5388 352 9227 9777 4536 7999 8314
9200 8362 8507 3773 14110 6039 8599 3670 6278 8619 10238 10196 8822 5480 6170 9696 5714 10425 6870 8158 5975 4100 7124 12560 12994 0 3432 3365 10300 2223 5335 3665 11000 10825 8531 11746 4187 8382 4998 10598 10136 11095 9406 5535 5774 8666 8218 9420 8231 6998 10903 12121 8658 4514 9637 5597 9978 11573 10595 9035 7096 4617 4804 8424 4760 7251 8609 8266 7511 4616 9225 5085 6714 9812 5377 9159 10474 4378 11961 9723 6951 11843 9429 4131 5269 777 4145 6849 8720 6670 6695 8963 11188 11927 10926 10272 10558 7712 2370 10749 7390 5596 3986 8631 7805 9487 10137 7740 11192 4991 1796 11658 3987 6543 9768 10342 7604 8409 6182 10153 9758 8856 9535 8688 11855 9842 5058 8042 14390 10876 8808 3203 7718 10620 5933 677 7761 8731 8703 10900 10322 12278 7505 12019 5152 3920 10631 9965 8459 4051 11413 8836 2538 7554 8306 7288 1304 3778 5527 8826 10020 8889 6845 3188 6644 13156 7199 10243 5111 398 13180 10705 3992 9696 10323 5397 8994 9916 7344 11560 6088 2700 9207 11723 5604 10254 7449 10534 13307 9968 8313 11896 8781 9377 3651 11366 4247 9190 2823 495 9891 10712 11455 11999 9199 12067 2825 5772 2757 9402 8360 2125 8542 11693 13095 10516 6422 3342 5074 10101 2532 4818 6267 10614 7985 9014 2416 4024 9143 9661 3356 7690 12431 7054 7496 13310 5430 4578 9648 5195 4887
8686 4867 5354 820 10299 3237 5781 1205 3063 5194 6876 8734 7777 2351 4451 6596 3832 7853 3716 7187 3870 2309 4529 9545 10092 3238 0 2865 7992 1779 2334 1308 7437 7737 7100 8832 1772 6707 2570 7551 8433 8347 7352 2385 4450 5078 5270 6204 5335 4140 7629 8802 5634 1149 6646 3378 6544 8620 6849 6139 3768 2113 1681 5662 1730 4695 4960 4832 5937 2425 7149 2519 3505 6520 1852 7486 6952 1379 8469 6090 3944 8803 5969 4154 2537 2645 1980 4110 6095 3773 3840 7693 7647 9484 8765 7430 7910 5559 1381 6876 4407 4095 1495 5102 7056 6773 7694 4998 7996 3916 2959 8532 1764 4838 7312 7919 4546 5161 3705 6702 8141 5513 5747 5391 8919 6714 4355 6940 10443 8465 7868 3515 4772 8043 2961 2703 5393 5598 5525 7655 8169 8811 4324 8994 1996 1796 7477 7100 7095 2350 8753 5348 1873 6933 6581 5722 2028 2572 3228 6045 8326 6142 3425 2752 3194 9992 4437 6891 1646 3549 10112 8065 3139 7512 7973 4295 7556 7087 4205 8465 5074 1611 7524 7699 3953 6853 4948 6992 10216 6917 5097 8297 5270 5664 887 7994 3651 6663 1257 3291 7302 8450 8195 7912 5467 8149 3427 2589 1890 8412 5484 1378 6200 9446 10392 6977 3570 847 2093 6802 1427 4195 2820 7130 5181 5661 2082 645 5379 8556 1031 4727 9596 3632 4389 9671 2026 4142 7512 2246 2587
6614 7260 6826 2333 11258 5923 5150 1763 4330 6768 9076 7064 5940 3835 2713 6656 2619 6804 6143 5612 2838 5145 7000 11006 10564 3411 2771 0 6647 3375 3037 1755 8958 8110 5280 9481 1723 5244 5306 9178 6869 8192 6835 4227 2378 7272 6179 8435 6068 6484 7875 9208 6343 3478 6095 2269 7446 8316 8910 8010 6178 2050 4038 5431 3347 7188 6704 4913 4426 1659 6171 5215 4789 8981 4292 6042 9163 2695 9042 7349 5101 9607 6777 1354 5171 2944 4812 6991 8972 4060 4727 5991 9432 8904 7335 6661 8568 4468 1637 8810 4705 2394 4126 6103 4726 6315 10216 7822 8208 1727 1571 8975 1531 3263 7187 7674 5256 6716 3768 8192 6433 7426 7635 5658 8722 7875 1832 5055 11023 8831 5432 816 4402 7863 5328 2725 5229 7564 7323 9846 7173 9311 5231 8607 3638 4468 7152 8818 5048 1177 9286 6829 1069 4496 5653 4195 2471 759 2394 7113 6970 7433 5045 53 5784 9544 4913 7512 3966 3616 9904 7290 780 7419 6500 2376 5856 6948 4498 8856 2903 3588 5776 9097 2695 8651 4324 8642 10205 7460 6484 9432 6185 7842 2209 8632 1223 5975 3588 2828 6685 6991 9731 8949 7568 10026 838 5315 961 6261 6751 2438 5882 9709 10913 7599 3965 2100 2746 9406 3322 1604 4265 8133 7458 6103 3646 2895 6896 7070 3543 5012 10339 5298 5141 9903 4900 1347 6556 2863 1972
2914 8686 7540 7497 5866 9990 1945 7088 6036 6481 9233 2191 1327 6421 4314 3011 4273 285 8454 3128 4275 10105 10613 6597 5049 10106 7922 7008 0 9976 5877 6737 6642 4511 2185 5570 6625 1599 9937 10202 2985 2415 562 6899 4609 7849 4760 10219 5073 9618 3940 4521 4302 7799 2300 4676 5588 2474 8845 9442 8335 5952 7874 2652 6812 10281 6006 3648 2701 5710 903 9044 5813 10061 7371 1118 8701 6816 5774 5527 5753 5377 4202 6170 10102 9704 9811 10165 11255 4778 5345 1869 7736 3708 720 2088 4543 2438 7830 7981 3785 4682 9552 4627 3806 3145 11475 10525 3457 5238 8931 3513 6543 3581 1891 2734 4409 7892 4720 8009 1025 8419 7000 3889 2750 6377 5680 2966 6406 6361 2841 7612 3112 1715 8803 9867 2753 8028 7795 8188 1842 4264 5051 3448 6678 9466 2964 9297 3665 6147 5998 7137 7697 3709 1685 3143 9264 6160 4962 5565 781 7059 6739 6886 8197 4655 4336 5429 7051 10351 5134 1090 6330 2423 572 4704 3637 1179 4180 5498 4464 9728 1682 6441 4480 9380 2873 7400 6097 3989 6337 7399 5793 9224 7455 4741 6429 1313 9337 10130 2703 144 6828 6451 6636 6812 7641 8480 7366 2199 5272 8963 3083 4932 6051 3471 4508 7217 5808 9751 9366 5794 6361 4050 10902 4675 10365 7356 6270 2425 8943 3674 4949 6675 4482 4990 8678 6292 793 5786 5556
10218 6060 6846 2534 12514 3753 7940 2783 4545 6730 8519 10511 8869 4212 5555 7945 5325 10233 4883 8530 5318 2066 5204 11140 11292 2167 1671 3339 9434 0 3961 2846 8748 9545 8229 10909 3363 7855 2733 8188 10427 10662 8792 3717 5837 6894 7089 7214 6935 4490 9520 10753 7489 2735 8073 4722 7644 10754 8379 7050 4542 3777 3096 7121 3367 5500 6878 7032 7567 3728 8773 3094 5013 7571 3438 9302 8080 3009 10446 8017 5338 10194 7600 4707 2843 1451 2040 5015 7148 5267 5537 9190 9402 11198 9814 9352 9437 7439 1760 8293 6352 5350 1877 6799 8429 8452 8105 5836 9981 4946 2826 10000 3072 6496 8936 9659 6331 6373 5636 8352 9869 6974 7253 7442 10539 7903 5065 8675 12151 9669 9249 3647 6668 10131 3980 1715 7157 6764 6888 9545 9963 10921 6281 10501 3937 1790 8817 8491 8371 3673 9818 7011 2392 8068 8133 7463 1344 3636 5116 7314 9528 7489 4780 3491 4523 11392 6348 8575 3175 2135 11899 10084 4318 9059 9406 5497 8941 9317 5758 10159 6418 541 8536 10067 5513 7707 6625 8225 11049 9241 6514 9890 6793 6927 2585 9637 4443 8468 798 2193 9113 9604 10018 10087 7479 10196 3722 3287 2558 10018 7053 1035 7438 11005 12264 8486 5446 2286 3649 7611 417 4946 4452 8709 5807 7358 326 2498 7014 10270 1133 6671 11374 4961 6368 12181 3116 4710 9054 3826 3979
6655 4478 4207 1476 8593 4178 4003 1485 1372 3483 6617 6905 5377 1117 2512 4428 2187 5829 3658 5972 2116 4122 5413 7939 7800 5321 2303 2799 5706 3966 0 1495 5854 5565 4838 6809 1297 4383 4001 6969 6955 6461 5639 1778 3326 4388 3408 5803 3404 4933 5458 6563 3747 1579 4472 1850 4573 6383 5899 5397 3412 907 1879 3360 835 5006 3526 2923 4235 1375 4787 3761 1900 6444 1960 5452 5936 980 6724 4452 2168 6354 3979 3608 3848 4649 3783 4621 6927 1486 1875 5754 6321 7250 6021 5148 5839 3760 2809 6187 2294 2897 3382 3174 5422 4468 7494 5651 6066 2591 4212 6568 1469 3206 5418 5487 2294 4055 1413 5876 6304 5155 4346 3348 6301 5231 3489 5505 8639 6266 5594 3820 2760 5929 3648 4482 3207 4656 4292 6644 6537 6784 2375 6250 904 3487 5089 6255 6010 1771 6199 4238 2814 5176 4976 4176 3919 2392 1653 3961 5974 4762 2190 3015 3583 7686 2290 4900 1653 5330 8253 5727 2797 5390 5821 2728 6262 5290 2088 6501 3871 3818 5706 6438 2141 5922 3203 5885 7787 5231 3789 6842 3371 5285 1519 5952 3249 4758 3327 5038 4578 5761 6904 6452 4294 6898 3926 3409 2644 6319 3688 3276 3942 6803 8188 5186 1557 1857 251 6594 3594 3473 1669 5381 5815 3631 4259 1765 4124 7058 3051 2645 7319 2295 2360 8041 2861 3441 5337 163 1179
7072 5204 5227 548 9708 4267 5032 59 2834 5023 7375 7251 6056 2367 3088 5913 2653 6960 4189 5950 2647 3664 5411 9141 8932 3695 1241 1868 6685 2670 1535 0 6928 6873 5499 8221 584 5639 3868 7572 7576 7450 6604 2517 3319 5232 4684 6724 4727 5224 6600 7980 5031 1539 5958 2111 6258 7383 7437 6357 4267 933 2096 4762 1525 5464 4727 4276 4946 1084 5949 3763 3285 7127 2451 6267 7097 1039 8240 6094 3525 8251 5555 3003 3912 3002 3362 5314 7136 2921 3208 6065 7826 8205 7545 6329 7174 4631 1335 7157 3638 2930 2784 4767 5654 5468 7836 6113 7331 2558 2692 8270 452 3723 6729 7253 3740 5234 2780 6716 6829 5962 6115 4997 7811 6198 3157 5820 10012 7896 6423 2717 4070 7369 3805 3026 4418 5741 5278 7686 7067 8437 3868 7923 1896 2863 6654 7765 5917 1151 7638 5627 1428 5339 5661 4413 2445 1464 2134 5763 7015 6116 3195 1895 3909 9249 3515 6371 1997 3793 8995 7271 2210 6747 6886 3084 6394 6547 3388 7542 3907 2858 6289 7986 2654 6956 4199 7317 8841 6613 4935 7894 4979 6373 483 7415 2758 5777 2583 3433 5895 6754 8114 8000 5886 8225 2659 3325 1193 7312 4974 1834 4953 8417 9424 6236 2854 546 1280 7280 2431 2943 2825 6972 6245 4837 3049 1215 5482 7619 2225 4032 9409 3538 4004 8807 3097 2812 6352 1390 1306
9200 3915 2353 6830 4272 5818 5779 7118 4540 2331 2518 8878 7602 4822 7049 3968 6841 6839 4475 9043 6918 7597 5969 3207 4171 10674 7293 8317 6807 8973 5834 7516 0 2562 8067 2637 7305 7226 7001 3332 9496 5141 6577 4908 7885 2620 2761 4595 2869 6061 3100 3310 2695 6309 4467 6767 1259 5178 2020 3430 4526 6359 5563 4622 5843 5458 2240 4185 7434 7010 6328 6430 3897 4539 5384 7401 2366 6242 2514 1516 3669 2260 2768 9367 7175 9749 7748 5577 5719 4787 3939 8187 1188 4693 6880 4673 2561 6384 8160 1787 4863 7580 7251 2717 9509 4014 5402 5328 3534 7583 9649 4004 7449 7387 4901 4229 4040 2877 5226 2046 7529 3290 1426 3338 5124 731 9007 8710 4336 1243 8858 9214 5087 5409 5448 10358 5171 2474 2335 1358 8499 3593 3335 4151 5542 7217 4140 2973 9423 7491 1811 2098 8511 9099 6933 8012 9472 8158 6310 1844 7651 1727 4206 8651 5006 4002 3902 1743 5926 10945 4375 6059 8650 4334 7495 7436 9917 5859 4890 1841 8697 8824 7664 994 6697 3031 5762 1000 3254 2940 2304 910 2388 3240 6743 2621 9292 5666 7947 10116 3983 6688 1286 1075 1656 1288 9918 5668 8587 8923 2188 8558 4151 3567 3813 3626 4885 7239 5744 4085 8321 8796 4379 2581 5663 2887 8881 6614 1775 9274 7454 3977 3910 3865 3780 4632 5941 9140 6090 5819 6590
7361 5506 4105 6759 3185 7280 4023 7180 4481 3263 4911 6661 5241 5132 5767 1752 5794 4713 5867 7168 5248 8330 7506 2844 2557 10881 7571 8044 4513 8769 5538 6684 2444 0 5989 1797 6442 4871 7823 5672 7286 2779 4041 5410 6896 4146 2258 6945 2323 7618 571 1190 1710 6591 2285 5989 1727 2534 4438 5698 5676 5943 6324 2852 5767 6838 2795 2837 5864 6299 4135 7620 3928 6524 6142 5209 4501 6283 1500 1677 3730 1337 1414 8260 7691 9775 7845 7430 8219 3771 3414 6077 3609 2595 4088 2522 427 4525 8324 4376 3599 6444 7611 2217 7642 1803 7551 6966 1223 6555 9756 1925 6730 5846 2725 2052 2979 4747 4336 4346 5599 5238 2842 2038 2534 2602 7189 6349 3419 1730 6990 8973 3674 2914 6373 10109 3483 4288 3879 3869 6353 1644 3021 1920 5291 8073 1530 5416 7693 7077 1435 3609 8467 7291 5189 5729 9071 7199 5703 1703 5232 3401 4491 8045 5976 2428 3089 1114 6122 11127 2782 3477 7743 1928 4950 6431 7322 3352 3537 1274 7045 8466 5646 2025 5625 5576 4167 3334 2381 442 3000 3271 2593 5439 6852 461 7550 3484 8339 9838 1867 4668 2139 2244 3247 2589 8546 6515 7842 6569 2118 8242 2224 1698 2947 1160 4043 7523 5783 6543 8825 7933 4728 244 7278 1775 8967 6504 2745 6738 7962 2833 2261 4093 2861 2547 6552 7738 3901 5269 6303
1881 9393 7933 6087 8115 9383 1814 5544 5453 6984 9568 1848 772 6015 2519 4196 3069 2014 7831 1406 3040 8732 9936 8555 7142 8544 6918 5346 2107 8529 4834 5895 7659 5907 0 7087 5036 816 9132 10570 2181 4226 2031 6361 2767 8018 5378 10598 5265 9905 5029 5993 5078 6518 3324 3565 6832 4231 9363 9624 7857 4794 6969 3010 5577 9925 6087 3772 805 4691 1570 8594 5635 10421 7082 983 9578 5696 7271 6453 5850 7019 4793 4532 9127 7983 8775 9971 10776 4093 4953 721 8948 5610 2884 3416 5814 1461 6453 9011 3332 2805 8294 5344 1742 3865 11788 10285 5190 3528 6700 5339 5023 2161 3347 4110 4432 8024 3803 8599 1562 9238 7358 4603 4540 7288 3822 873 8686 7630 1107 5578 2919 3500 8795 7798 2751 7952 7701 9239 1649 5622 5274 5475 5986 8861 4329 9613 1770 4508 7483 7130 6239 1781 655 1162 7796 4502 3444 5707 1565 7448 6648 5432 8137 6553 4383 6093 6893 8511 6856 2963 4613 3921 1620 2899 1835 2633 3492 7280 2491 8303 595 7726 3127 9687 2170 8377 7628 5521 6650 9043 6416 9215 6151 5878 4244 2203 7921 7800 4055 2137 7481 7514 7012 8404 5612 8407 5796 1313 5972 7694 3482 6895 7937 4803 4305 6110 5216 10617 8159 3724 5919 5530 9864 5271 8895 6635 6848 1814 8140 4010 6736 6274 4860 6944 8232 4402 2118 4826 4318
8462 6469 5048 8736 1480 8922 5647 8803 5834 4371 5412 8086 6884 6892 7321 3465 7461 6134 6913 8715 7448 9675 8506 970 1469 11779 9276 9630 5631 10528 6928 8496 2694 1814 7033 0 8565 6245 9383 5863 9089 3235 5410 7288 8582 4953 3892 7059 3915 8796 2115 1262 3346 8048 4004 7253 2964 3101 4728 6454 7038 7543 7659 4492 7468 7717 4330 4621 7489 7750 5656 8655 5640 7277 7278 6747 4818 8042 373 2940 5415 630 3164 10302 9501 11827 10075 8294 8365 5760 5320 7276 3397 2519 4982 3737 1427 6346 9939 4517 5195 8175 9527 3708 9317 3400 8198 8158 2176 8556 11009 2229 8641 7755 4011 2981 4729 5704 5936 4517 6447 6004 3656 3781 3045 3096 8918 8137 1822 1403 8307 10320 5259 4079 7926 12119 5300 5308 5035 3542 7616 1643 4708 2284 6921 9305 2856 5603 9034 8953 832 4666 9641 8894 6309 7846 10667 9208 7210 3031 6661 4386 5648 9727 7344 1462 5128 2573 7632 12897 1540 4602 9747 3457 6265 7729 8960 4824 5437 918 8647 10185 7126 1684 7297 5676 6162 3688 688 2084 4269 2978 4085 5837 8891 1340 9222 4879 9636 11774 3439 5765 1481 1772 3997 1888 10568 8514 9285 7791 3562 10649 3897 959 1198 2580 5868 9224 7612 6629 10771 9652 6608 1947 8585 3418 10474 8170 4150 8326 9508 4575 1337 5824 4645 1838 8552 9434 5275 6902 7655
6815 5495 5490 1102 9978 4862 4506 672 2711 4819 7324 6535 5892 2203 2353 5107 1973 6411 4360 5484 2018 4146 5950 9093 9057 4043 1917 1756 6211 3472 1251 572 6757 6380 5145 8539 0 5029 4171 7874 6678 7236 6038 2875 2684 5260 4696 7103 4558 5163 6641 7805 4812 2034 5385 1535 5626 7507 7203 6770 4600 447 2523 4445 1545 5814 4819 3865 4236 490 5628 4018 3192 7907 2596 5719 7097 1200 7560 5600 3471 7831 5262 2586 4458 3585 3941 5623 7264 2506 2999 5741 7463 8035 6668 6029 7194 4107 1822 6923 3200 2439 3180 4277 5407 5092 8590 6319 6862 1900 3036 7449 292 2904 5908 6574 3518 5354 2332 6755 6197 6164 5678 4409 7661 6145 2627 5094 9613 7296 5978 2417 3284 6380 3994 3542 3849 6020 5730 8241 6811 7526 3472 7404 1918 3505 5965 7456 5582 694 7638 5430 1754 5119 4907 4043 2950 1175 1607 5486 6378 5946 3422 1742 4229 8886 3241 6101 2302 4493 8946 6517 1853 5991 6222 2388 5682 6002 2895 7486 3104 3415 5343 7628 1963 7383 3573 7174 8636 6091 4975 7693 4917 6092 1025 6638 2388 5275 3084 3911 5740 6325 8126 7750 5737 8018 2479 3807 1473 6675 4737 2403 4907 8352 9381 6193 2560 1082 1043 7433 3183 2529 2640 6336 6414 4751 3538 1743 5415 6521 2809 3561 9039 3355 3427 9241 3272 2618 5957 1047 660
2596 8406 6937 5907 6909 8752 966 5304 4893 6144 8734 2334 861 5373 2637 3132 2910 1717 7788 2326 2775 8456 9750 7657 6183 8419 6462 5487 1661 8554 4710 5288 6980 4676 817 6170 4717 0 8311 9523 2864 3734 1461 6354 2849 6907 4694 9458 4578 9479 4581 5116 4391 6408 2592 3328 5772 3758 8644 8657 7605 4495 6253 2140 5404 8901 5820 3061 1135 4338 912 8395 5126 9579 6752 736 8776 5525 6238 5691 4992 5786 4045 4690 8353 8471 8597 9334 10104 3647 4296 1226 7940 4828 2286 2569 4889 950 6699 8229 2880 2814 8010 4461 2656 3009 10864 9035 4332 3557 6640 4757 5291 2025 2530 3298 3647 7528 3470 7896 1493 8416 6580 3837 3960 6274 3964 1737 7293 6622 1964 5832 2228 2808 7999 8298 1935 7724 6732 8226 2017 5034 4504 4748 5119 8460 3494 8998 2637 4662 6340 7033 5963 2605 205 1447 7761 4659 3264 5084 1410 6751 5726 5328 7795 5794 3629 5066 6470 8567 6484 2446 4605 3000 1320 2998 2687 1953 3024 5868 2914 8389 984 7134 2706 9194 1583 7701 6702 4295 6137 7523 5234 8335 5762 4952 4686 1276 8178 8317 3074 1799 7217 7132 6690 7499 5998 7764 5712 2010 4973 7352 2779 5647 7161 3693 3527 6147 4701 9193 7782 4274 5296 4530 10062 4225 8864 6074 5877 2497 7949 3279 6049 5677 4123 5914 7121 4538 1377 4514 4125
10540 3587 5049 3138 10800 1304 8005 3819 4218 5049 6204 11127 10053 3595 6716 7636 5967 10218 2912 10222 6209 623 2261 9922 10329 4891 2670 5458 9548 2703 4330 3909 7192 7968 9205 9312 4189 8352 0 5828 11219 9780 9032 2765 7036 4618 6038 4446 6119 1866 8726 9714 6560 2437 8328 5779 6509 9849 6396 4506 2507 4376 2352 7402 3452 2759 5595 6735 8120 4876 8818 708 4260 5123 2206 9506 5949 3364 8820 6470 4641 8936 7093 6777 334 4189 641 2087 4056 5505 5123 9971 7455 10448 10330 8869 8546 7548 3934 6308 6100 6526 1119 6108 9920 7959 5303 2993 8962 6528 5154 9802 4494 7034 8503 9237 5869 4375 5218 5601 10162 4356 5729 6682 10289 6536 7199 9671 10840 8104 10252 5802 6710 9263 1611 4330 7557 4835 5003 7237 10339 9466 5250 9437 3465 1039 8445 5920 9558 5156 8668 5258 4451 9347 8576 8496 4155 5470 5729 6330 10378 5426 3584 5648 2226 10396 5547 6918 2562 4634 11229 9920 5815 8448 9728 6598 10133 8820 6177 8491 7386 2114 9677 8199 6058 5395 7495 6541 10027 8429 5372 7733 5798 4697 3202 8351 6604 8355 2054 4990 8325 10235 8626 8399 5360 8604 6181 1288 4383 10121 5983 3503 7331 9828 10817 8270 5338 3362 3861 4843 2542 7158 3576 7891 2940 6597 2585 2552 5806 11334 1832 6478 10788 3904 5796 11271 1419 6836 8890 4122 4954
12512 2575 2618 7311 7017 4689 8448 7898 5320 3729 773 11317 10765 5769 9284 6697 8944 9829 3639 12058 8504 6650 4170 5909 7472 10702 7634 9268 9972 8605 6794 7920 3440 5842 10412 6059 7793 10005 5935 0 12798 8655 9194 5161 10003 2450 5116 1919 4942 4243 6422 6447 5188 6569 7165 8365 4039 7957 1446 1352 3919 7472 5925 7251 6403 3400 4034 6521 10140 7858 9182 5660 5017 1427 5286 9849 1206 6930 5895 4422 4787 5454 5877 10799 5777 10203 6519 4023 2846 6604 5636 10996 2494 8314 9623 7805 6036 8949 8909 1648 6739 9235 6832 4984 11332 6978 2079 3054 7203 9863 9870 7536 8403 9692 8070 8009 6209 2531 7163 1562 10925 1863 3166 6121 8657 3300 10253 11096 7527 4396 11768 10383 7265 8724 4692 9604 7675 2233 2582 2372 11203 6854 5287 7558 5847 6534 7460 431 11707 8401 5298 2847 8844 11768 9955 9520 9411 8701 8371 4545 10228 2561 4584 9829 3975 7610 5871 4770 5956 10242 7440 9060 9754 7810 10224 9624 11893 8989 6860 5150 10513 8208 10415 4360 8276 649 8144 2533 6226 5882 3795 2995 4189 1604 7418 6173 10035 8260 7844 10845 7182 10143 4456 4217 3116 4206 10265 5298 8647 11818 4597 8805 7038 6591 6942 6916 6652 7915 7109 1114 8298 10359 5099 6078 3385 5531 8128 6747 3460 11952 7315 6319 7238 4528 5457 7409 5634 10764 9296 6668 7617
398 11265 10037 8042 9045 11007 3749 7731 7925 8484 12055 874 2030 7911 4701 5910 4918 2813 10262 1481 5157 11023 12512 9625 7902 9731 8541 6843 2907 10241 7268 7534 10008 7358 2135 8844 6768 2849 11006 12835 0 5496 3319 8644 4397 10432 7534 12655 7199 11509 6593 7212 6762 8479 4972 5495 8609 5443 11413 11202 9886 6673 9273 4835 8090 11551 8631 5734 2745 6617 3147 11203 7907 12707 9096 2261 11252 8090 8872 8605 7639 8572 7033 5563 11302 9963 11193 11441 13766 6130 7397 1551 10939 6640 3723 4748 7802 3745 8539 10742 5566 4613 9899 7163 2062 6064 13665 12167 6432 4994 8049 6594 7263 4053 4998 5480 6428 9932 6060 11019 1939 11089 9314 6271 5490 9272 5121 1759 9821 9117 1224 7095 5169 4724 10888 9534 4845 10472 9535 10563 1262 7251 7330 6657 8171 10215 6090 11889 1667 6593 8637 9258 7861 2363 2569 3085 9371 6583 5700 7677 2386 10009 8209 6907 10283 8166 6673 7792 8606 10312 8379 3957 6236 5178 2376 4596 1415 3953 5551 8985 4198 10300 1771 9494 5144 12414 4257 10339 9630 7257 8487 11043 8329 11203 8272 7652 5959 3800 9676 9686 5658 3089 9367 9576 9756 9539 7039 10692 7460 1007 8092 9073 5791 8086 9178 6042 6489 8357 7422 11896 10398 5259 8123 7165 11948 7194 10029 8434 8799 565 9432 6237 7725 8432 6707 7786 10015 5543 3505 6935 6282
5312 8403 6565 7555 3537 9404 3224 8103 5864 5693 7440 4605 3699 6700 5760 2103 5586 2647 7597 5719 5426 9785 10317 4069 2584 11146 8404 8059 2382 10013 6617 7530 5298 2583 4381 3391 7146 3547 9604 8413 5426 0 2233 6871 6317 6541 4322 9164 4008 10008 2110 2151 3581 7645 2103 5811 4494 110 7204 8345 8031 7102 8006 2975 6784 8957 5012 3523 4891 6800 2699 9542 5806 9105 8070 3418 7290 7454 3135 4084 5798 3256 3099 8101 9557 10918 10017 9606 10781 4954 5266 4250 6419 1088 1903 1327 2673 3897 9041 6820 4045 5938 9186 4047 6156 2234 10378 9232 1403 6690 10382 1158 7816 5479 1271 924 4286 6873 4912 7097 3428 7464 5518 3464 193 5309 7340 5014 4111 4065 5371 9137 3960 885 8293 10630 3246 6888 6602 6428 4082 1801 4463 1112 6769 9781 1382 8158 5994 7013 3832 6258 9226 5948 3786 5012 9929 7269 5680 4013 3341 6196 6361 8141 7884 2383 4419 3739 7860 11993 2658 1425 7453 1256 3105 6418 6187 1792 4435 3524 6573 10647 3950 4479 5740 8085 3858 6047 3827 2396 5229 5909 4780 7834 7555 2488 7824 2408 9447 10541 1644 2401 4280 4716 5688 5026 9215 8489 8228 4379 4178 9815 2667 2394 3626 1947 4683 8474 6467 9191 9756 7165 6632 2357 9699 3826 10448 8010 5530 5098 9628 3643 2485 6210 4504 2241 8322 7646 2142 6238 6668
3413 8036 6788 6793 5673 9274 1574 6808 5626 5631 8889 2551 1499 5708 3947 2571 3859 843 7548 3363 3955 9089 9649 6521 4780 9939 7508 6628 578 9113 5431 6194 6458 3956 2069 5278 5643 1484 9388 9085 3273 2258 0 6420 4372 7100 4322 9598 4555 9151 3617 4030 3969 6709 1785 4401 5060 2367 8223 9052 8318 5775 6918 2034 6433 9517 5220 3004 2471 5511 543 8893 5541 9902 7413 1136 8116 6494 5204 5209 5346 5213 3697 6226 9250 9759 8893 9804 11014 4105 4736 1911 7488 3292 889 1587 4182 1934 7808 8001 3215 4213 8818 4181 4006 2559 11113 9909 3254 4768 8352 3357 6308 3262 1487 2337 3915 7674 3825 7455 1416 8370 6464 3598 2456 6128 5553 2832 6560 5617 3022 7274 2633 1345 8348 8853 2188 7572 6879 8034 2236 3864 4459 3156 6113 8885 2539 8517 3674 5503 5500 6524 7671 3681 1509 2814 8614 5924 4464 4935 1125 6598 6187 6521 7811 4461 4151 4592 6949 10602 5038 897 5880 2010 975 4471 3727 714 3497 5379 4407 9203 1840 5801 3840 8944 2410 6730 5842 3511 5621 7171 5421 8557 6782 3972 5753 734 8448 9606 2120 664 5862 6432 6426 6542 7261 8246 7198 2380 4571 8470 2559 4436 5597 2932 3960 7232 5598 9373 9353 5455 6009 3823 9579 4177 9114 7069 6124 2930 8474 3364 4646 6031 4185 4768 8190 5997 210 5489 5135
8843 2828 2905 2113 8738 2506 5324 2490 1253 2614 5009 8049 6698 804 4251 4852 4015 7732 1739 7313 3912 2869 3498 7537 7620 5501 2314 4207 7272 4055 1833 2698 5266 5497 6864 6794 2666 5990 2881 5193 8706 7186 6458 0 5000 2973 3236 4098 3128 3023 5884 6715 3778 1235 5101 3584 4247 7335 4610 3684 1717 2703 801 4523 1210 3013 2732 3559 6091 3164 6122 2169 1371 4577 611 6827 4383 1671 6424 4170 1667 6280 4094 5712 2540 5159 2697 2924 4787 2541 2027 7307 5281 7512 7256 6275 5797 5263 3697 4702 3392 4885 2533 3236 7596 5102 5576 3467 6083 4395 5029 6774 2990 4865 6226 6527 2882 2772 2653 4420 7366 3388 3660 3565 6976 4144 5232 7060 8842 5708 7519 5323 3979 6969 1691 4825 4457 3464 3173 5672 8244 7022 2546 7271 940 2812 6049 4682 7506 3626 6350 3029 3957 7413 6214 5979 4516 4024 3388 3786 7195 3409 1055 4503 1546 8094 2756 4629 735 6039 8402 6979 4743 6196 7567 4827 8418 6418 3113 5995 5845 3426 6954 5607 4067 4612 4692 4807 7294 5438 2735 5627 2945 3593 2131 5629 5332 5750 3314 5339 5575 7316 6065 6110 3379 6072 5058 1626 3833 8236 3327 3524 4459 7112 8174 5331 2602 2566 1805 4652 3538 5272 771 5325 3684 3785 4185 1690 3237 8060 2767 3404 8111 1343 2910 8121 1399 5041 6409 1998 2994
4215 8079 7232 3899 9690 7039 2959 3173 4386 6162 8845 4476 3627 4397 847 4767 1157 4875 6621 3021 1362 6709 8163 9251 8642 5850 4412 2551 4776 5869 3286 3231 7988 6896 2795 8159 2576 2901 7167 9487 4520 6457 4161 4855 0 6928 5032 9141 5356 7891 6552 7653 5128 4623 4683 1463 6456 6158 8414 8791 6799 2553 5016 3738 3842 8376 5839 3872 1959 2212 3776 6474 4779 9752 5193 3648 9051 3674 8336 6315 4851 7627 5097 1792 7116 5586 6835 8177 10155 3425 4389 3330 9056 7090 5051 5231 7177 2370 4110 8536 3325 382 6080 4946 2564 4958 10498 8463 6498 801 3919 6955 2820 922 4879 5960 4030 7181 2975 8263 4307 8033 6753 4550 6183 7594 1059 2754 10261 7845 3224 2765 2866 5245 6910 5258 3231 7926 7132 9462 4606 7162 4445 7005 4130 6186 5628 8918 2931 2106 8364 7128 3362 2178 2986 1652 4902 2016 1686 5808 4401 7192 5025 2340 6614 8288 3948 6661 4891 5985 8308 5012 1658 5140 4072 357 3302 4649 3255 8167 555 6029 3502 8427 1316 8779 2316 8042 9359 6191 6264 8721 6125 7981 3786 6816 1530 3746 5810 5443 5138 4639 8589 8426 7050 8852 2862 6477 3422 4067 5637 4621 4290 7965 9609 5450 3296 3651 3195 9319 5786 1209 4846 6139 9139 5498 6307 4249 6443 4431 5463 3872 8615 5304 4437 8573 6088 1613 4144 3195 2065
9487 1583 311 5280 6405 3334 6480 5416 2947 1262 2095 9246 7664 3174 6605 4604 5808 7720 1778 9199 5928 5256 3435 5945 6611 8244 5067 7502 8027 6364 4176 5290 2536 4209 7673 5288 5642 7267 4712 2615 10427 6476 7109 2992 7021 0 2827 2587 2859 3296 4906 5287 3132 4303 5285 5859 2361 6439 1678 1587 2042 5336 3737 4998 4017 2783 1660 4322 7566 5843 7210 4062 2379 2845 3207 7873 1707 4292 5072 2536 2293 4644 3507 8382 4242 7977 5056 3271 3844 4015 2959 8257 2689 6632 7486 5955 4339 6388 6709 1970 4499 6848 4747 3082 9452 4688 3944 2863 5463 6711 8350 6267 5566 6507 6212 5905 3450 373 4353 1369 8182 958 1376 3760 6415 2084 7882 8608 6660 3687 8854 7875 5035 6919 3210 8016 5479 412 320 2771 9157 5619 2934 6339 3462 5238 5344 2089 9519 6177 4328 669 7129 9336 7639 7553 7528 6536 5677 2629 8349 945 2112 7264 2417 6630 3341 2954 3725 8836 6766 7140 7104 5746 8071 7032 10026 6583 4539 4095 8074 6438 8548 3767 5955 1854 6000 2006 5668 4211 1337 3111 1909 1175 5251 4706 7468 6734 5707 8139 5300 7598 4081 3856 1050 3756 8235 3289 6335 9438 2416 6546 4881 5533 6041 5030 4049 5761 4209 2380 5995 7800 2637 4227 3074 3206 6410 4737 1384 9576 5622 4015 6447 2008 3220 6880 3600 7587 6685 4438 5544
7251 4064 2549 4516 5118 4986 3725 4982 2280 1419 4158 6982 5262 2791 4445 2159 3951 5514 3687 6976 4033 5962 5605 4880 4849 8699 5044 5995 4879 7137 3434 4904 2647 2163 5256 3843 4305 4803 5925 4824 7639 4008 4296 3165 5186 2647 0 5127 49 5705 2381 3245 606 4138 2697 4100 1385 4159 3568 4319 3899 4135 4082 2543 3547 4893 1074 1521 4949 4279 4347 5235 1771 5584 3943 5147 3772 3830 3510 1252 1545 3159 1045 6662 5738 8150 5748 5343 6345 1972 1409 5654 3705 4558 5116 3151 2674 3752 6319 3742 2165 4810 5833 212 6489 2137 6618 5551 2968 5463 7308 3731 4908 4789 3532 3225 1155 2975 2459 3503 5827 3641 1948 896 4282 2067 6046 6055 5873 3057 6478 6736 2601 3855 4601 7563 2655 2990 2589 3838 6550 3693 815 3966 3043 6046 2853 4690 6920 4880 3137 2132 6274 6586 4733 5316 7136 5575 4014 858 5240 2357 2215 5994 3913 4629 1237 1499 3890 8216 4887 4354 5670 2971 5091 4945 7016 3868 2140 3062 5753 6513 5540 3084 4142 4574 3446 2856 4360 2126 1353 3775 798 4015 4483 2686 5999 3791 6426 8256 2557 5287 3459 3237 1900 3581 6910 4890 5913 6742 457 6482 1951 3912 5096 2365 2142 5171 3555 5060 6797 6217 2484 2308 5542 439 7178 4631 1497 6872 5757 1531 4487 1930 1003 4742 4657 6048 4324 3386 4029
12071 1394 2823 6295 8516 3009 8692 7070 4817 3733 2257 11806 10142 4985 8539 7623 7973 10479 2439 11101 7724 5228 2253 7396 8609 8722 6196 8230 10414 7158 6322 6820 4649 6839 10093 7427 7116 9901 4303 1957 12065 8842 9629 4283 8978 2431 5267 0 5521 2592 6822 7636 5967 5305 8113 7483 4738 9302 2729 1157 2676 6888 4743 7413 5558 1702 4153 6383 10254 7503 9211 3949 4556 620 4294 10165 2391 5805 7267 5061 4311 6880 6226 9846 4268 8620 4841 2266 1191 6004 5374 10890 3815 8997 9985 8077 6653 9167 7872 3076 7141 9078 5409 5701 11140 7145 1509 1309 7653 8783 8941 8329 7013 9215 8537 8500 5930 2299 6445 2668 10703 1585 3640 6195 9326 4004 9561 10485 8497 5975 11293 9787 7402 9298 3099 8358 7761 2307 2888 3920 11867 8221 5320 8211 5325 5140 7622 1784 11277 8050 6635 3111 8342 11526 9766 9923 7845 7863 7367 5047 10196 3235 4158 8288 2747 8644 5997 5349 4911 8803 8509 10114 8500 8554 10688 9017 12427 8826 6735 6567 9974 6510 10987 5716 8354 1622 7789 3495 7749 6579 3920 4384 4434 1405 6511 7046 9741 9047 6378 9435 8114 9840 6016 5773 3516 5681 9696 3493 7760 11158 4961 7166 7069 7780 8090 7195 6272 6562 5868 757 6465 9654 4338 6677 1565 5743 6740 5705 3962 12349 5779 6272 8684 4003 5884 8868 4150 9918 9786 6325 6948
7461 3939 2408 4561 5286 4982 3582 4674 2219 1413 4286 6555 5232 2814 4370 2103 4244 5203 3709 6953 3759 6202 6094 4546 4617 8404 5256 6119 5069 6856 3404 4507 2681 2295 5330 4018 4275 4629 6224 4894 7413 3997 4416 3286 5369 2809 50 5055 0 5453 2358 3525 612 4338 2704 4231 1485 4069 3703 4300 3985 3974 3849 2490 3645 4950 1084 1530 5077 4213 4158 5206 1785 5524 3833 4931 3851 4031 3398 1309 1415 3257 1066 6778 5796 7528 6113 5246 6477 1965 1422 5799 3623 4746 5124 3260 2565 3788 5878 3876 2076 5032 5403 196 6808 2113 6528 5496 2947 5254 7442 3828 4541 4393 3342 3308 1136 3046 2405 3405 5769 3649 1985 926 4188 2082 6231 5958 5648 3106 6384 6525 2454 4021 4554 7847 2638 3008 2552 3879 6362 3847 779 3839 3099 5864 2836 4389 7069 4749 3246 2206 6431 6342 4629 4969 6788 5114 3668 891 5205 2284 2167 6236 3816 4723 1285 1547 3806 8333 4720 4565 6021 2917 5029 4739 7098 3769 2147 3024 5425 6721 5472 3068 4010 4344 3255 3112 4662 2180 1465 3839 859 3949 4631 2692 5987 3562 6323 7894 2611 4984 3290 3262 2043 3721 7078 4681 6053 6156 504 6237 1915 4053 5222 2297 2169 5255 3617 5034 6669 6300 2568 2194 5872 476 6930 4658 1526 6650 5936 1462 4452 1966 917 4973 4538 6379 4269 3518 3981
11485 1981 3567 4289 10559 722 8072 5149 4108 4324 4463 11480 9900 3816 7107 7465 7247 10647 1813 10093 7190 2524 576 9465 10058 6685 3860 6911 10099 4330 4601 5225 5947 7220 9465 8815 5447 8892 1820 4445 11712 10103 9677 3110 7611 3301 5370 2537 5652 0 7922 8338 6221 3501 7825 6388 5544 9870 4798 2951 1579 5345 2899 7620 3827 973 4596 6686 8716 5900 9698 1501 4093 3163 2737 9691 4513 4055 8643 5770 4276 8172 6540 8392 1612 6021 2443 288 2399 5302 4815 10740 5741 9833 9861 8825 8055 8409 5184 4897 6540 7565 2905 5934 10671 7424 3574 1277 8382 7669 7012 9217 5554 7678 8968 8410 5839 3051 5801 4380 10452 3000 4998 6176 10138 5438 7975 10344 10200 7032 10923 7738 7196 9211 1241 6340 7533 3782 3653 5933 11363 9337 5189 9010 3775 2741 8578 4027 10983 6249 7538 3908 5991 10210 9495 9193 5883 6596 6476 5840 10253 4516 3421 6597 1506 10207 5326 6265 3116 6756 9978 9945 7121 8576 10631 7505 11176 8899 6388 7697 8711 3973 9644 7020 6684 3821 7880 5488 9581 7420 4382 6168 5025 2969 4683 7735 8004 8387 3975 6652 7936 10653 7254 6855 4475 7136 7250 1571 5736 11212 5436 4968 7330 9508 9853 8082 5691 4738 4810 3346 4358 8096 3668 7387 1096 5737 4263 3647 4747 11917 3432 6260 10184 3522 5273 9859 1917 8052 9642 4712 5978
6655 5948 4590 7045 3239 7733 3493 6723 4458 3398 5677 5839 4804 5323 5545 1367 5409 4329 6112 6353 4990 8901 7747 2966 2339 10333 7463 8095 3898 9304 5130 6642 3092 615 5180 2044 6571 4287 8337 6299 7034 2038 3548 5493 6379 4758 2315 7144 2470 7998 0 1115 1803 6274 1882 5558 2313 2062 4942 5804 6100 5768 6390 2513 5941 7555 3185 2683 5256 6206 3882 7487 4380 7296 5983 4444 5168 5917 1795 2187 3753 1701 1486 7978 8450 9640 8606 7418 8496 3755 3734 5445 4102 2075 3418 1813 759 4228 7868 4797 3356 5826 7910 2304 6918 1341 8162 7210 691 6444 9242 1415 6854 5610 2070 1434 2875 5001 4125 4894 4812 5357 3504 2105 2101 2932 7534 6317 3580 2344 6590 8593 3337 2330 7121 10098 3045 4549 4259 4371 5545 1360 3037 1374 5358 8498 934 6146 7191 6500 1957 4217 8105 7153 4464 5673 9175 6980 5337 2059 4417 3935 4832 7789 6083 2282 3146 1660 5930 10849 2546 3050 7320 1426 4297 6011 7164 2689 3625 1766 6509 8863 4937 2602 5293 6174 3960 3827 2865 281 3506 3739 3003 5907 7120 726 7483 3053 8868 10262 1318 4063 2706 2850 3679 3160 8917 7055 7788 6082 2342 8900 1914 1744 3007 633 4010 6982 5435 6677 9084 7052 5068 391 7979 1967 9089 6977 3393 6464 7843 2600 2338 4271 3122 2516 6874 7947 3155 5284 6188
7496 7097 5213 7812 2041 8500 4747 7847 5730 4185 5822 6386 5749 5942 6331 2358 6669 4513 6960 7260 6032 9906 8528 2116 1296 11944 8379 9243 4417 9804 6440 7825 3351 1227 5960 1183 7352 5001 9151 6405 7765 2254 4141 6321 7626 5393 3275 7918 3279 8882 1099 0 3009 7361 2676 6890 2804 2121 5444 6675 7041 7044 7187 3682 6530 7887 3843 3721 5929 7251 4310 8647 5131 7344 7030 5053 5328 7462 1106 2810 5095 1137 2494 8831 9192 11006 9335 8237 8710 4888 4873 5866 4379 1601 3966 2567 860 4981 9429 4828 4588 7245 8969 3226 7635 2395 8578 7970 1009 7454 10702 1052 8065 6734 2785 1889 4123 5794 5326 5365 5357 6221 4066 3070 2013 3371 8581 6785 2553 2102 7046 9976 4402 2772 7616 11089 4286 5450 5068 4268 6163 519 4220 1027 6546 9413 1713 6136 7749 7643 1475 4555 9642 7810 5505 6412 9947 8069 6542 3048 5066 4492 5513 8891 7016 1182 4079 2390 6919 11826 1489 3521 8757 2115 5056 6809 7591 3289 4660 1426 7486 10288 5922 2546 6251 6456 5007 4257 1724 1379 4283 3780 3776 6421 7786 769 8272 4073 9499 10875 2309 4561 2416 2570 4442 2779 9541 7736 8662 6243 3444 9449 2967 648 1997 1587 4998 8636 6761 7229 10017 8525 6082 1259 8835 2924 10544 8191 4065 7170 8839 4013 1246 5167 4219 1445 8281 8582 3854 6411 7045
6987 4675 2934 5132 4747 5875 3274 5134 2629 2038 4487 6287 4957 3217 4504 1577 4345 4796 4370 6596 4086 6771 6235 4543 4113 9179 5895 6476 4595 7459 3672 5022 2875 1676 5179 3389 4864 4311 6856 5389 6855 3509 3804 3775 5357 3214 582 5960 588 6282 1843 2812 0 4865 2066 4372 1525 3476 4174 4647 4288 4264 4491 2213 3817 5475 1523 1452 4720 4657 3783 5747 2329 5954 4477 4532 4071 4428 3180 1238 2103 2734 445 6799 6511 8265 6527 6229 6579 2189 1814 5204 3995 3909 4578 2560 2090 3744 6210 4023 2048 5017 6427 439 6247 1572 6924 6017 2550 5105 7952 3240 5138 4560 2728 2629 1276 3609 2583 4052 5136 4018 2253 613 3707 2397 5980 5882 5193 2864 6315 7173 2368 3445 5013 8085 2467 3294 3126 3996 6269 3262 1214 3183 3574 6330 2285 5196 6461 5147 2783 2633 6224 6588 4681 4740 7240 5413 4082 856 4964 2673 2815 6544 4572 4174 1464 1246 4350 9136 4296 3954 6138 2415 5026 5059 6961 3324 2144 2781 5805 7191 5475 2928 4029 4918 3124 3215 4303 1531 1866 3652 1371 4564 5097 2141 6188 3344 6592 8313 1995 4521 3077 3104 2275 3571 7451 5119 6522 6320 822 6799 1563 3348 4411 1756 2392 5694 3978 5610 7009 6367 2981 1747 6305 135 7322 4833 1854 6603 6570 1418 4265 2521 1255 4430 5076 6595 3834 3705 4324
8438 4069 4306 1026 9602 2797 5271 1580 1942 3888 5897 8806 6980 1418 4280 5691 3844 7970 2679 7042 3616 2416 4009 8578 9096 4496 1084 3538 7452 2820 1592 1553 6467 6598 6417 7703 1986 6109 2486 6576 8694 8167 6938 1300 4405 4277 4377 5291 4263 3312 6416 7472 4820 0 5665 3277 5507 7494 5917 4899 2623 1982 625 5188 881 4066 4179 4090 5852 2339 6694 2153 2455 5849 834 7231 5528 831 7952 5472 2819 7558 5270 4795 2485 3600 2256 3542 5658 3058 2962 7281 6502 8667 7868 6321 7044 5131 2468 5803 4023 4025 1715 4289 6755 5900 6912 4312 7192 3910 3822 7480 2076 4632 6489 7259 3732 3951 3046 5408 7541 4478 4892 4600 7907 5431 4559 7181 9403 7005 7460 4195 4268 7543 2256 3803 5050 4630 4094 6540 8534 8184 3389 8130 1068 1993 6607 6307 7258 2708 7523 4409 2840 6715 6529 5734 3137 3204 2992 4679 7915 4951 2125 3567 2490 8505 3314 5634 497 4351 9407 7630 3838 6878 7487 4213 7950 6940 3543 6833 5264 2497 7248 6794 3796 6013 4563 5948 8390 6560 4161 6904 3978 4586 1106 6979 4162 6312 2104 4451 5927 7370 7146 7135 4371 7210 4146 1889 2707 8098 4322 2495 5125 7971 9298 6236 2872 1431 1507 5912 2290 4634 1673 6356 4497 4723 2900 456 4326 8168 1678 4160 8732 2382 3585 8588 1389 4490 6915 1676 2452
4777 6405 5046 5743 4737 7734 1738 5685 4117 4176 6401 4202 3017 4791 3733 657 3738 2598 6311 4779 3695 8454 8557 4792 3919 9064 6559 6456 2312 8347 4586 5568 4720 2271 3474 3751 5079 2455 8333 7125 5380 1937 1833 5210 4527 5504 2730 7508 2502 7677 1784 2812 2142 5617 0 4115 3426 2024 6090 6981 6211 4844 6106 952 5214 7582 3672 1729 3579 4789 2071 7733 3947 7717 5654 2695 6396 5261 3514 3253 3762 3455 1752 6543 7653 9166 8089 8067 9290 2886 3059 3590 5526 2915 2380 704 2618 2327 7193 6159 2134 4225 7534 2531 5136 642 9504 7698 1921 4893 7648 2444 5522 3737 817 1222 2380 5769 3042 6202 3167 6123 4363 1816 2162 4189 5393 4349 5411 3923 4592 7331 1798 1450 6750 9051 1435 5761 5043 5984 3926 2673 2778 2487 4961 7506 1102 7012 4931 5295 3869 4772 7040 4757 2720 3699 8255 5603 3843 2883 2879 4831 4588 6565 6421 3660 2533 2991 5489 9642 3916 1874 6045 827 2915 4327 5148 1172 2340 3670 4664 8418 3429 4437 3774 7272 2114 5015 4429 1901 4088 5327 3304 6417 5726 2629 6173 1260 7650 8874 604 2358 4619 4657 4614 4937 7441 6875 6810 4367 2966 7555 697 3271 4737 1264 2931 6363 4785 7826 7663 5674 4513 2143 7903 2321 8699 5905 4123 4762 7403 1813 3832 4318 2422 3901 6510 6070 1630 4548 4690
5037 6514 5749 2609 8430 5837 2879 2226 3105 4666 8193 5519 4240 3055 917 4374 521 4851 5367 4183 549 5547 6831 8794 7679 5146 3471 2318 5108 4834 1749 2120 6962 5684 3399 7730 1568 3286 5856 8288 5481 6254 4259 3675 1471 5732 4027 8159 3970 6759 5816 6801 4233 3144 4183 0 5380 5837 7205 7348 5313 1358 3590 3067 2568 6548 4909 2870 2875 1005 3897 5585 3592 8302 3765 4108 7094 2438 7178 5205 3759 6820 4457 2280 5785 4822 5173 6898 8152 2095 2908 4246 7491 7216 5383 4506 6142 2598 3293 7762 2325 1077 4741 4142 3751 4298 9477 7275 5921 1130 3815 6432 1728 1408 4580 5627 2980 5669 1782 7023 4714 6648 5872 3910 6214 6342 1908 3792 8982 7254 4309 3057 2346 5283 5392 4669 2711 6168 5895 7992 5256 6613 3359 6409 2822 4987 5300 7748 4235 1258 7128 5616 3009 3467 3577 2454 4280 1544 292 5003 4714 5783 3618 2206 5379 7675 2906 5581 3282 5923 8092 5188 1667 4999 4891 1080 4568 4356 2117 7200 1970 4983 4187 7372 505 8063 2213 6737 8136 5521 4740 7748 4437 7150 2491 5922 1983 4021 4745 4981 4816 4850 7148 7527 5439 7980 2937 5005 2535 4988 4627 3952 3830 7436 8525 4842 1953 2763 1810 8185 4652 1923 3327 5719 7316 4173 4938 3023 5425 5095 4189 2811 7534 3713 3136 7842 4532 2225 4476 1666 900
8015 4087 2076 6136 4553 5880 4729 5892 3428 1544 3321 8019 6684 4020 5950 2698 5439 6165 4126 8103 5593 6830 6090 3529 4189 9839 6274 7580 5720 7748 4811 5840 1249 1738 6687 3020 5860 5537 6894 3983 8290 4298 5266 4101 6851 2416 1447 4652 1462 5874 2195 2864 1481 5174 3403 5437 0 4145 2843 3836 4166 5192 4823 3449 4503 5146 1340 2776 6400 5607 5485 5767 2753 4769 4519 6398 2887 5398 2496 222 2505 2200 1688 8242 6523 8720 6900 5604 5909 3378 2710 6724 2241 4451 5523 3963 2114 5202 7123 2477 3611 6226 6598 1530 8083 2842 6011 5390 2911 6553 8453 3506 6342 6179 3823 3633 2550 2764 3927 2492 6383 3318 1091 2060 4309 883 7797 7662 4753 1772 7762 8008 3753 4365 5256 8904 3966 2443 2040 2526 7096 3375 2302 3673 4444 6622 3177 3904 8072 6329 2123 1760 7768 8212 6145 6326 8591 6481 5424 592 6323 1637 3029 7707 4271 4134 2808 649 5007 9843 4163 4992 7492 3604 6215 6530 8423 4413 3585 1880 6908 7782 6396 1753 5545 3729 4479 1747 3482 1918 1413 2308 1179 3593 5777 2226 7542 4492 6968 9036 3079 6103 2074 1994 1427 2206 8072 5499 7393 7430 997 7606 3058 3337 4143 2530 3437 6413 4798 4390 7708 7428 3668 1977 5454 1402 8173 5876 1095 7811 7154 2704 3839 2872 2424 4287 5485 7772 4835 4794 5313
5550 8023 6378 7989 3701 8826 3408 7888 5661 5211 7392 4788 3896 6560 5849 2134 5472 2640 8074 5622 5581 10513 10376 4269 2431 11062 8478 8594 2410 10751 6656 8065 4978 2538 4570 3293 7289 3782 9744 7939 5770 104 2251 7111 6351 6313 4036 9146 4185 9482 2011 1985 3429 7571 1990 6076 4254 0 7145 8195 8307 6894 7762 2776 7048 9294 4788 3412 4855 6584 2860 9430 5716 8765 7469 3503 7143 7178 3037 4167 5311 3182 2901 7966 9406 10991 10058 9279 10585 4867 5154 4236 6081 1045 1900 1374 2473 4102 8727 6414 3973 5949 9552 4028 5882 2026 10130 9396 1286 6661 9749 1039 7182 5534 1300 827 4159 6854 4710 7055 3430 7693 5354 3268 174 4958 7452 5154 4254 3927 5417 8729 4000 953 8852 11044 3154 6980 6090 6285 4283 1726 4541 1023 6511 9817 1300 8072 6134 7135 3458 5769 9120 6079 3900 4866 10240 7852 6093 4149 3197 5806 6379 7922 7825 2261 4316 3590 7274 12074 2575 1442 7717 1201 3267 5885 5842 1750 4299 3298 6348 9731 4041 4256 5400 8325 3843 5622 3735 2242 5549 5619 4980 7394 7688 2476 7930 2502 9614 11461 1618 2444 4279 4571 5727 4887 8871 8885 8727 4481 4036 9538 2512 2391 3500 1844 4711 7833 6895 9089 9962 7691 6131 2277 9504 3473 10620 8152 5169 5156 9718 3656 2432 5960 4489 2377 8224 8155 2182 6244 6501
10762 2651 1651 6580 6062 4702 7539 7164 4535 2620 630 10198 9166 4761 8135 5202 7742 9138 3347 10077 7181 6784 4746 4934 6117 10058 7098 8920 8185 8593 6207 7396 2021 4534 9310 4653 6930 8146 5941 1387 11171 6866 8198 4445 8869 1757 3809 2704 3702 4780 4857 5069 3861 5851 5948 7416 2616 7130 0 1674 3506 6730 5280 5927 5838 3861 2858 5122 8972 7377 8047 5285 4131 2447 5056 8423 282 6133 4359 3043 3880 4228 4248 10099 5748 9528 6795 4480 3896 5582 4590 9393 1336 6964 8062 6766 4436 7425 8606 291 6004 8030 6209 4037 9989 5458 3265 3617 5724 8399 9799 5881 7274 8480 6559 6486 4669 1964 5805 281 9414 1749 1700 4412 6929 1893 9659 9425 6281 3079 10122 10009 6461 7270 4522 9451 6289 1329 1550 1434 10371 5912 4155 6061 5477 6942 5839 1071 10605 7804 3772 1791 8277 10093 8834 8389 9195 8186 7125 3047 9051 1348 3995 9155 3867 6027 4640 3364 5310 10113 6591 7922 8790 6254 8499 7957 11184 7351 5899 4010 9194 8006 9489 3099 7424 1193 7210 1070 4950 4586 2441 1932 2954 1575 6578 4417 8874 7340 7458 10527 5854 8654 3142 3017 1862 2999 9736 4874 8084 10511 3283 8137 5571 5575 5522 5395 5726 6895 5948 2048 8136 9372 4219 4464 4164 3970 7953 6598 2232 10960 7050 5257 5933 3717 4580 6390 5001 9745 7536 6089 7222
11008 1223 1868 6009 7543 3472 7554 6473 4034 2884 1381 10475 9210 4474 7727 6062 7401 9102 2345 10334 7377 5283 2974 6225 7914 9067 5718 8573 9608 7073 5387 6526 3443 5444 9490 6312 6640 8892 4930 1452 11821 8381 8440 3801 8363 1542 4247 1147 4451 3104 6099 6497 4687 4777 7058 7543 3838 7920 1721 0 2518 6541 4609 6790 5131 2049 3071 5740 9244 6982 8730 3961 3798 1178 4231 9252 1435 5460 5669 3999 3562 5860 4952 9236 4252 8469 5114 2690 2420 5180 4471 10053 2882 8341 9065 7609 5671 8116 7260 1882 6173 8504 5322 4611 11111 6414 2335 2064 6519 8164 8816 7720 6686 7868 7831 7007 4958 1421 5917 1450 10186 607 2700 5062 7887 3094 8819 10355 7805 4598 10772 9474 6584 8344 3443 8455 7032 1244 1817 2979 10950 7267 4427 7295 4461 5163 6820 1106 10526 7286 5176 2092 7396 10371 9157 8775 8218 8066 7160 3867 9581 2109 3486 8165 2799 7262 5011 4533 4706 8990 8088 8782 8231 6942 9145 8513 11297 7800 5652 5300 9202 6478 9717 4652 7498 786 7255 2557 6765 5539 2777 3427 3419 381 6276 5819 9197 8135 6512 9423 6903 8973 4917 4399 2492 4573 9419 3569 7651 10448 3974 7515 6470 6898 7013 6287 5751 6558 5785 859 6506 9024 3896 5445 2314 4503 6817 5678 2766 11261 5845 5675 7488 3313 4985 7881 3980 9413 8313 5720 6420
9932 1230 2348 3794 8493 1422 6914 4267 2514 2618 3871 9556 8879 2442 6129 5708 5965 8369 257 9056 5660 3190 1977 7471 8192 6888 3462 5868 8669 4914 3456 4194 4765 5931 8015 7349 4296 7759 2688 3951 10464 7999 8028 1656 6596 2171 3942 2493 3765 1591 6216 7025 4396 2677 6349 5416 4026 8210 3732 2432 0 4247 2085 5778 2948 1470 2905 4863 7476 4769 7971 1855 2448 3194 1848 8318 3489 3379 6526 4397 2566 6251 5086 7306 2195 5966 2838 1603 3271 3950 3443 9002 4742 8596 8608 7079 6124 6469 4762 3765 5019 6103 2847 3916 8782 5870 3882 1920 6815 6131 6499 7631 4556 6456 7071 6949 4201 1663 4346 3390 8836 1930 3394 4695 7742 3994 6781 8365 8727 5935 9245 7118 5297 7879 966 6301 6115 2506 2293 4839 10044 7252 3642 7734 2518 2927 6709 3353 9480 5116 6094 2525 5167 9024 7771 7476 5669 5615 5217 4119 9173 3118 1938 5818 316 8448 4114 4592 2147 7068 8145 7878 6354 7038 8669 6138 9688 7696 4470 6082 7299 4199 8683 5406 5636 3161 6004 3846 7674 6085 2884 5184 3376 2255 3905 6213 7091 6963 3808 6993 6577 9003 6204 5793 3031 6144 6553 1415 5403 9257 3880 4973 5583 7537 7909 5933 3930 4296 3587 3040 4457 7374 2117 5656 2137 4391 4647 2995 3081 10404 3542 4714 8331 2051 4030 8634 1585 7245 7847 3749 4557
6494 5213 5332 1250 9347 4517 3808 988 2365 4397 7189 6586 5159 1941 2109 4799 1830 6421 4147 5394 1869 4404 5862 8634 8240 4548 2111 2013 6112 3780 903 988 6715 6197 4920 7785 466 4306 4634 7471 6608 6913 5564 2496 2570 5201 4232 6544 4128 5518 5886 6870 4504 2006 4812 1351 5199 6548 6913 6355 4462 0 2542 4042 1423 5619 4327 3305 3966 455 5223 3963 2734 7456 2652 5111 6565 1174 7159 5531 3015 7336 4700 2792 4445 4112 4177 5561 7603 2041 2656 5729 7099 7635 6134 5717 6597 3745 2233 6863 2856 2268 3470 4197 5061 4603 8487 6321 6318 2028 3300 6960 731 2671 5528 6317 3026 4999 1903 6734 6144 5945 5620 3867 6855 5913 2666 4864 9582 6936 5700 2939 2995 5852 4033 4026 3561 5777 5221 7832 6357 7086 3346 6847 1692 3698 5872 7433 5371 928 6909 4998 2110 4860 4815 3674 3414 1444 1287 4689 5822 5714 2894 2027 4092 7830 2929 5688 2268 4740 8933 6283 2024 5462 5587 2281 5699 5326 2461 7119 3092 3786 5285 7292 1754 7208 3065 6683 8840 5960 4629 7709 4163 5889 1176 6318 2482 4956 3464 4345 5242 5980 7469 7232 5013 7748 2983 3843 1871 6138 4235 2774 4339 7603 8880 5413 2145 1482 774 7383 3565 2631 2376 6124 6484 4406 3987 1802 4939 6795 3032 3295 8034 3137 3252 8391 3399 2592 5489 710 464
8978 3467 3600 1644 9534 2153 5852 2234 1833 3375 5759 8645 7030 1299 4495 5626 3950 8069 2234 8092 4208 2430 3385 8729 8326 4877 1639 4030 7990 2975 2021 2090 5744 6248 6960 7587 2584 6721 2179 5637 8941 7518 7308 788 5025 3558 4092 4597 4079 2800 6177 7304 4326 605 5641 3750 4710 7492 5078 4302 2070 2368 0 5008 1136 3186 3563 4178 6113 2816 6833 1670 2182 5198 254 7087 5416 1323 7254 4814 2618 6909 5134 5222 2098 4346 2148 2922 5144 3032 2701 7591 6397 8301 8136 6439 6528 5513 2909 5677 3966 4489 1733 4051 7492 5405 6204 3717 7120 4265 4502 7473 2693 5147 6541 6647 3501 3505 3057 5144 7731 3918 4458 4397 7996 5128 5186 7037 9982 6507 7735 4717 4471 7296 1630 4333 5144 4143 3800 6225 8391 8033 3214 7769 1172 1914 6435 5511 8152 3088 7348 3752 3489 6999 6375 6248 3710 3600 3678 4565 7528 4373 1883 3950 1836 8309 3278 5180 302 5058 8695 7845 4288 6569 7485 4904 8271 6781 3637 6884 5562 2699 7232 6690 4094 5321 5076 5596 8100 6299 3484 6348 3634 4148 1729 6887 4864 6450 2270 4971 6325 7715 6819 6604 4010 6816 4830 1313 3320 8458 4176 2952 5387 7911 9272 6414 3114 2128 1858 4948 2715 5213 1405 6160 3856 4596 3322 1052 3896 8631 1905 3902 8590 2173 3430 9121 947 5040 6843 2059 2809
4697 6216 4897 4774 5646 7035 1168 4727 3250 3747 6980 4260 2900 3889 2873 1304 2800 3002 5429 4165 2737 7366 7851 5581 4920 8409 5612 5588 2589 7483 3503 4744 4649 3116 3090 4759 4315 2191 7051 7490 4706 2829 2077 4696 3670 5070 2410 7880 2409 7634 2641 3832 2195 4869 968 3227 3489 2851 6350 6558 6104 3774 5269 0 4412 7149 3359 1049 2809 4020 1993 6951 3538 7936 5010 2532 6298 4435 4275 3290 3160 4335 1940 5372 7495 8199 7337 7388 8899 2025 2487 3459 5665 3917 2778 1535 3425 1604 6311 6190 1191 3485 6854 2313 4543 1324 8912 7601 2642 3808 7118 3335 4718 2889 1603 2302 1816 5128 2160 6156 3174 6358 4518 1518 3216 4408 4595 3897 6262 4710 4218 6158 938 2373 6511 7694 457 5321 5099 5924 4034 3749 2463 3310 4005 6885 1975 7052 4627 4342 4375 4464 5971 4495 2345 2866 7421 4479 2792 3075 3033 4766 3964 5433 6004 4552 1937 3241 4721 8773 4832 2352 4647 1827 2794 3432 4860 1622 1429 4414 3956 7349 3199 4872 2755 6799 1267 5259 5583 2597 3866 5977 3377 6406 5023 3450 5092 1363 7215 8062 1549 2872 4867 4979 4460 5340 6023 6099 5750 4133 2823 6936 727 4371 5425 2099 2104 5235 3933 7942 7450 4779 4042 2858 7740 2203 8052 4989 4130 4614 6408 1197 4806 3959 1914 4604 6078 4940 1910 3695 3657
7391 3987 4025 1162 8605 3285 4727 1441 1378 3268 5842 7406 6342 812 3318 4701 3069 6734 3006 6867 2936 3209 4545 8125 7818 4751 1753 3203 6518 3523 819 1569 5567 5783 6055 7516 1615 5382 3456 6569 7880 7092 6189 1137 3948 4055 3562 5612 3632 3931 5605 6621 3844 883 4992 2477 4780 7016 5452 4801 2792 1487 1063 4279 0 4343 3559 3452 5125 1900 5607 2766 1870 6135 1241 5928 5328 526 6804 4488 2136 6509 4232 4146 3009 4131 3103 4026 6237 2177 2066 6499 6254 7348 6995 5857 6152 4529 2593 6023 3007 3670 2482 3644 6393 4778 6929 4868 6448 3270 4321 7304 1686 3970 6106 6183 2973 3710 2072 5340 6647 4296 4378 3752 6786 5211 4050 6058 9435 6738 6976 3915 3287 6586 2595 4159 3893 4539 4014 6688 7238 6785 2779 6742 417 2801 5675 5859 6449 2315 6876 3797 2799 6188 5412 4711 3655 2697 2404 4242 6931 4382 1799 3394 2785 7588 2747 5001 792 5238 8152 6374 3430 5862 6616 3632 7338 5673 2720 6388 4507 3215 6272 6172 3017 5802 3893 5346 8004 5279 3423 6744 3528 4499 1182 6202 3789 5459 2801 4782 5603 7121 6613 6443 4265 7141 3902 2345 2738 7107 3909 3011 4400 7262 8705 5370 2100 1649 745 5983 3021 4295 1221 5429 4965 3983 3671 1113 3930 7579 2582 3172 8347 1948 2875 8109 2013 4137 6248 835 1950
11002 1165 2970 5015 9266 1548 7816 5541 3906 3831 3580 11873 10243 3873 7327 7020 7056 10075 1527 11178 6767 3274 928 8300 9333 7801 4474 7212 9721 5159 5056 5491 5166 7050 9660 7924 5871 9458 2781 3362 11690 9319 9502 3177 8174 2759 5184 1588 5092 1022 7162 7763 5874 3969 7774 6717 5025 8887 3814 2208 1406 5854 3319 7504 4387 0 4003 5912 9021 6184 8795 2204 3844 2171 3088 9919 3581 4577 7764 5283 4060 7295 6354 8638 2425 7082 3287 680 1756 5178 4687 9924 4826 9405 10272 8000 7409 8009 6141 3946 6015 7512 3533 5301 10132 6841 2728 478 8061 7920 7378 8900 5836 7678 8759 8511 5235 2358 5562 3388 10117 1997 4245 5936 9110 4664 8153 10099 9940 6363 11139 8151 6871 9300 1794 7171 7154 2724 3114 5063 11066 8214 5086 8860 4145 3745 7896 3345 10812 6273 6783 3400 6402 10264 8894 9246 6567 6874 6298 5203 10257 3635 3419 7629 1495 8682 5429 5751 3468 7114 9379 9501 7279 7713 9852 7631 11365 8922 5782 7298 8746 4963 9721 6238 7341 2871 7636 4284 8794 6862 3710 5324 4381 2112 5159 7196 8335 8407 4591 7539 7833 9661 6760 6232 3906 6546 7871 2106 6474 11213 5143 5778 6862 8659 8696 7041 5553 5242 4849 2421 5088 8714 3459 7219 629 5742 5107 4441 4183 11346 4453 5877 8763 3500 5111 9721 2506 8580 8871 4870 6401
7952 2943 1388 4452 5922 4271 4535 4782 2042 430 3376 7669 6562 2714 5205 3055 4804 6020 2679 7300 4851 5544 4710 5097 5174 8725 5115 6629 6265 6790 3428 5030 2278 2742 6516 4323 4698 5390 5199 3889 8035 5061 5539 2847 6174 1666 1012 4400 1113 4838 3203 3913 1497 3907 3615 4672 1307 4902 2832 3231 2907 4244 3740 3483 3513 4174 0 2512 5822 4787 5254 4614 1609 4263 3354 5825 2898 3857 3937 1348 1307 3532 2012 7176 5130 7521 5297 4544 5523 2696 1753 6736 2953 5270 5887 4239 3140 4704 5976 2692 3083 5771 5121 1291 7541 3183 5633 4370 3943 5826 7583 4780 5081 5604 4269 4238 2055 1965 3090 2496 6765 2580 1101 1962 5081 1586 6783 6825 5836 2984 7360 7312 3530 5128 3996 7494 3535 1990 1426 3217 7204 4257 1424 4739 2958 5678 3579 3672 7786 5045 3281 1152 6588 7550 5636 6161 6851 5606 4543 1057 6664 1429 1883 6152 3102 5136 1910 1664 3660 8123 5500 5542 6087 4124 6071 5610 8121 4701 2865 3276 6480 6215 6377 2882 4691 3452 4210 2190 4897 2793 339 3206 226 2965 4502 3192 6705 4748 6011 7967 3445 6396 3187 3251 965 3535 7243 4046 6058 7178 749 6369 3128 4603 5537 3372 2719 4985 3647 4227 6269 6881 2258 2829 4841 1487 6838 4205 577 8156 5863 2482 5369 1544 1793 5468 4086 6785 5357 3720 4385
5640 5085 4073 4504 5783 6037 1993 4068 2374 3033 5946 5513 3695 2938 2954 1548 2885 3838 4837 4917 2639 6811 6948 5473 4848 7555 4955 4918 3577 6933 2917 4256 4367 2719 3792 4481 3778 3138 6585 6437 5820 3776 3152 3677 3949 4318 1648 6677 1507 6514 2587 3793 1409 4349 1733 2855 2986 3449 5276 5893 4929 3483 4169 1003 3471 6214 2493 0 3449 3450 2862 5726 2340 6964 3980 3463 5368 3715 4332 2684 2195 3928 1436 5397 6391 7274 6288 6195 7987 1277 1551 4454 5086 4336 3701 2303 3168 2245 5374 5108 686 3562 5862 1454 5390 1474 7878 6813 2945 3972 6457 3801 4141 3183 2588 2900 736 4479 1517 5066 4199 5347 3632 881 3641 3654 4683 4587 6397 4117 4705 5759 974 3057 5060 7123 1096 4409 3991 5312 5009 3754 1365 3705 3167 5883 2431 6371 5209 3993 4007 3764 5744 4902 3378 3568 6337 4518 2662 2400 3877 3844 2914 5052 4906 4933 863 2539 4136 8367 5012 3532 4712 2357 3764 3427 5714 2564 797 3858 4423 6602 4014 4202 2801 6007 1700 4497 5503 2537 2997 5291 2271 5209 4081 3303 5210 2442 6448 7505 2067 3950 4397 4387 3647 5041 5993 5413 5225 4772 2045 6233 1030 4253 5588 2115 1356 4591 2946 6410 6399 4949 2933 2718 6839 1406 6973 4480 3138 5297 6046 166 4840 2722 963 5211 5142 4926 3004 3065 3181
2397 8519 7555 5466 8488 8696 1650 5152 5091 6477 9070 2520 1595 5476 1943 3890 2317 2684 7748 1638 2294 8333 9867 8588 7294 7576 6134 4576 2806 7744 4137 4917 7282 5576 811 7135 4126 1111 8057 10055 2826 4811 2548 6146 2004 7855 5254 9439 5240 9145 5217 6169 4678 5974 3309 2783 6068 4923 8402 9172 7570 4221 6299 2693 5115 9513 6156 3346 0 3621 1934 8189 5562 10700 6467 1603 8837 4960 6907 6142 5331 6817 4805 3508 8393 7596 8401 9185 11182 3707 4610 1507 8632 6119 3212 3677 5992 1154 5925 8434 3178 2028 7196 4978 1740 4100 10846 9151 5462 2683 5899 5803 4322 1302 3413 4662 4095 7453 3213 8471 2218 8267 7200 4256 4866 7335 2849 1063 8582 7337 1567 4737 2594 3917 7401 6998 2390 7678 7138 9056 2546 5918 4735 5367 5163 7610 4575 9185 1765 3775 7240 6948 5616 1625 1020 388 6474 4016 2750 5535 2332 7068 5696 4366 7632 6964 4084 6172 6026 8130 7340 3325 3795 4257 2222 2042 2125 2939 3301 7041 1916 7288 1317 7928 2360 9315 1689 8447 8021 5323 6093 8826 5979 8851 5077 5913 3464 2317 7391 7452 3874 2879 7791 8047 6930 8272 4811 7819 4964 2092 5604 6518 3609 6739 8217 4854 3470 5397 4535 9901 7540 2991 5389 5322 9674 4808 7745 5819 6544 2419 6824 3517 7302 5619 4133 6693 7525 3500 2569 4268 3590
6323 6169 5811 1562 9712 4892 4014 1159 2736 4699 7536 6168 5304 2445 1864 4993 1595 6185 4990 5176 1578 4440 6115 9053 8800 4390 2276 1719 5645 3969 1324 1061 6821 6202 4515 7804 512 4271 4844 8478 6746 6811 5463 2953 2212 5391 4219 7049 4519 5883 6337 7564 4466 2361 4965 1040 5848 6657 7094 6547 4815 486 2989 3981 1972 6288 4825 3473 3669 0 5194 4698 3196 8171 3006 5208 7599 1625 7843 5846 3619 7662 4805 2507 4943 3807 4339 5920 8239 2292 3057 5273 7401 8043 6195 5691 6879 3361 2289 7657 3042 1823 3917 4501 4507 5149 8504 6323 6551 1542 3003 6933 697 2454 5341 6145 3255 5344 2166 6712 5700 6040 5962 4231 6769 6225 2304 4673 9579 7518 5260 2548 3080 6054 4577 3749 3471 6023 5908 8051 6180 7559 3650 7116 2138 4144 5697 7558 5148 490 7547 5389 2087 4413 4676 3429 3394 1031 1108 5141 5765 5788 3371 1755 4649 7950 3244 5886 2585 4692 9031 5869 1580 5550 5848 1915 5545 5669 2686 7178 2844 3760 4917 7831 1593 7537 3137 7099 8496 6234 5116 8157 4908 6530 1439 6870 2027 4642 3720 4279 5237 6051 7838 7936 5665 7666 2618 4434 1735 5741 4803 2926 4589 8242 9539 5988 2265 1665 1238 7327 3588 2291 2840 6422 6806 4604 4264 2073 5575 6529 3446 3389 8501 3544 3488 8179 3699 2176 5396 1243 251
2972 8417 6717 6513 6352 8431 1137 6316 5032 5603 8517 2499 1100 5793 3237 2681 3550 1083 7858 2815 3427 9055 9577 6599 5153 9482 7167 5859 941 8531 5131 5785 6456 4361 1598 5647 5277 870 9414 8912 3034 2792 543 6140 3931 7363 4303 9358 4207 8949 3795 4593 3862 6622 2000 3830 5597 2882 7677 8474 7463 4882 7043 1959 5735 9208 5197 2942 1977 5037 0 8394 5226 10140 7053 810 8114 5940 5373 5243 5125 5337 3529 5402 8949 9053 9107 9313 10970 3931 4415 1614 7934 3988 1396 1834 4265 1522 7347 7832 2951 3752 8429 4152 3189 2538 10390 9682 3378 4448 8022 3769 5867 2864 1855 2560 3767 7397 3777 7614 1311 7925 6152 3535 2882 5962 4696 2557 7113 6266 2536 6870 2425 1815 7771 8412 1985 7081 6858 7449 1979 4280 4414 3728 5481 8236 2935 8548 3427 5228 5441 6597 6734 3372 972 2322 8097 5528 3804 4760 1060 6853 6111 5767 7913 4950 3947 5063 6302 9514 5295 1428 5199 2258 983 3743 3238 1093 3286 5402 3807 8801 1503 6266 3386 8549 1960 6896 5977 3921 6023 7707 5117 7886 6441 4632 5112 680 8559 8825 2513 1062 6540 6757 6370 6526 6589 8199 6455 2295 4778 8193 2551 5150 6145 3085 3687 6668 5211 9447 8296 5131 5913 4130 9994 4081 9034 6504 5764 2510 8311 3072 5435 5582 3982 4986 7578 5270 574 5251 4532
10811 2896 4272 2991 10463 808 7218 3567 3293 4229 5289 10291 9079 2937 6152 7194 5570 9173 2068 9855 5747 1176 2015 9882 10130 5418 2521 5371 9365 2981 3805 3531 6574 7263 9002 8599 4103 8181 748 5354 10296 9705 8572 2085 6593 4129 5203 3976 5151 1528 7728 8561 6041 2158 7382 5468 6038 8907 5531 4258 1859 3947 1721 7018 2830 2244 4831 6010 7692 4397 8838 0 3490 4370 1761 9222 5494 2965 8055 6175 3715 8462 6064 6582 400 4462 1082 1833 3804 4545 4170 9331 6822 10242 9538 8344 7791 7043 3825 5603 5743 6605 1282 5284 9539 6973 5077 2757 8199 6127 5567 8773 3987 6605 8467 8603 5240 3612 5078 5234 9928 3864 5160 5995 9382 5857 6361 8870 10214 7635 9173 5765 6261 8820 879 4623 6613 4071 4104 6969 10721 8613 4828 9413 2840 1351 7779 5242 9802 4793 7844 4506 4342 8623 8276 7401 4023 5344 5416 5526 9306 4952 2922 5395 1636 9794 4985 6384 2120 5118 9770 8796 5632 7812 9268 6151 9643 8456 5356 7896 7521 2543 9318 7566 6040 4924 6684 5782 9761 7459 4479 6929 4733 4086 3239 7780 6521 8079 2358 5123 7890 9088 7432 7468 4732 7741 5775 611 4213 9732 5241 3586 7003 9327 9489 7299 4717 3246 3484 4757 2625 6937 2819 7258 2629 5830 2977 2493 4630 10002 1997 5512 10103 3333 4954 9597 852 6252 8643 3779 4537
7333 3145 2323 3034 6807 3445 4274 3314 518 1643 4427 7632 6051 1054 4074 3508 3816 6466 2253 7251 3544 4443 4319 6187 6338 6924 3372 5026 6152 5347 1984 3381 3793 4169 5707 5802 3062 5358 4080 4956 7905 5748 5438 1372 4849 2537 1766 4748 1877 4148 4113 5043 2481 2511 3802 3509 2965 5938 3968 3835 2433 2869 2124 3391 1816 3889 1585 2476 5568 3232 5283 3613 0 4736 1961 5858 4069 2299 5380 2948 390 4885 2871 5656 3934 6065 4225 3830 5250 1555 884 6131 4324 6048 5941 4890 4366 4392 4663 4066 2392 4450 3884 2010 6606 3750 5718 4222 4752 4327 6109 5541 3539 4549 4871 5018 1721 2447 1926 3658 6297 3147 2637 2373 6016 3182 5085 6557 7545 4793 6986 5468 2901 5538 2904 5821 3377 2870 2497 4827 7154 5786 1147 5812 1364 4271 4365 4624 7352 3767 4740 2365 4648 6807 5509 5119 5441 4441 3145 2588 6365 2744 553 4783 2539 6675 1464 3247 1980 7214 6827 5547 4741 4520 6179 4622 7404 5161 2100 4600 5118 4769 6378 4718 3463 4337 3793 3632 6070 4131 1722 4930 1673 3572 3156 4552 5139 4754 4587 6828 4330 6055 5149 4713 2377 5215 5799 2920 4364 6827 2065 4723 3348 5715 6560 3990 1805 3345 2015 4685 4827 5466 655 4116 4359 2157 5539 2748 2099 7539 4006 2206 6214 395 1418 6737 2877 5493 5254 2117 3142
12901 1881 2914 6619 8504 3800 8819 7016 5318 3905 2067 11857 11069 5458 8696 7318 8457 10663 3050 11459 8499 5575 2852 7528 8479 10063 6877 8803 10427 7758 6664 7271 4647 6465 10293 6972 7613 9794 5065 1500 12427 9296 10251 4630 9402 2829 5356 598 5458 3072 7190 7718 6033 5891 8046 8223 5090 9460 2540 1281 3142 7198 5039 7734 5852 2300 4537 6943 10315 8055 10165 4341 5008 0 5086 10307 2223 6476 6738 5331 4876 6443 6602 10587 4886 9022 5475 2807 1405 6734 5842 10728 3799 9403 10105 8436 6727 9292 8054 2735 7400 9030 5965 5914 12078 7607 1068 1963 8107 9625 9603 8399 7707 9532 8692 8291 6311 2508 6764 2345 10654 1873 3866 6357 9314 4257 9755 10872 8274 5505 12056 9999 7702 9111 3943 8902 7671 2603 3107 3860 11599 8043 5796 8626 5522 6073 8097 1563 11873 8489 6588 3267 8392 11947 9859 10252 8622 8676 8090 5428 10983 3276 4487 9245 3331 8344 5917 5642 5440 9385 9177 9691 9266 8110 10611 9600 12802 9227 6873 6555 10603 7223 11023 5312 8368 1380 8874 3500 7328 6858 3927 4311 4672 1559 7032 6995 10013 9472 6785 9690 7752 10117 5624 5727 3746 5288 9618 4175 8618 12402 4901 7712 7652 8096 8022 7767 6492 7448 6887 416 7367 10380 5117 7094 2196 6032 7760 5973 4114 12034 6815 6825 8862 4707 6015 9305 4570 9861 9300 6674 7385
8510 3189 3300 1871 9496 2036 5949 2323 1822 3397 5318 8720 7351 1249 4844 5695 4062 8288 1934 8219 4107 2477 3227 8389 8758 5230 1829 4261 7850 3223 1972 2462 5607 6293 6686 7849 2722 6533 2277 5599 8781 7480 7227 616 5021 3336 3670 4537 3678 2818 6525 7161 4557 896 5799 3793 4862 7716 4944 4013 1826 2573 253 5169 1221 3195 3540 4281 6232 2979 6574 1768 2025 4843 0 7164 4783 1474 7433 4747 2321 7134 4590 5141 2150 4561 2153 2991 4860 3056 2695 7634 5971 8023 8074 6598 6456 5704 3102 5020 3761 4842 1772 4012 7370 5324 5715 3507 6905 4391 4697 7685 2794 4951 6927 6706 3474 3121 3134 4675 7729 3572 4384 4500 7900 4976 5514 7130 9060 6791 7994 5201 4367 7239 1454 4608 4791 3635 3635 6082 8162 7474 3025 7860 1147 2124 6664 5133 7955 3521 6925 3420 3452 7138 7013 5912 3907 3791 3789 4561 7517 4113 1669 4266 1558 8187 3201 5076 429 5494 8363 7400 4592 6253 7794 5026 8123 6750 3780 6721 5866 3058 7157 6175 4156 4769 4771 5024 8163 6172 3509 6406 3457 3921 1892 6570 5104 6194 2488 5034 5992 7924 6471 6352 3907 6563 4907 1287 3634 8206 4149 3238 5040 7425 8952 6146 2988 2403 2048 4845 2860 5405 1274 5941 3658 4263 3505 1285 3955 8392 2249 4004 8500 1894 3311 8596 876 5114 6952 2006 3011
2331 9238 7750 6722 7272 9174 1528 6036 5609 6323 9109 1724 286 5782 3172 3538 3619 1112 8422 2228 3628 9241 10628 7563 6195 8954 7585 6001 1170 8659 5348 6361 7232 4940 982 6438 5833 741 9201 10188 2319 3621 1168 6578 3594 7783 5035 10197 4971 9896 4393 5147 4661 6890 2903 4064 5872 3396 8430 9191 8649 5350 7025 2717 6162 9643 6099 3754 1630 5252 839 8809 5622 10676 7320 0 9318 5963 6563 6097 5924 6376 4465 5010 9325 8583 9404 10219 11244 4248 4838 856 8319 4764 1906 2679 5132 1638 6916 8315 3304 3643 8624 4754 2728 3515 11271 10189 4350 4059 7393 4338 6017 2882 2486 3372 4387 7792 4136 8187 830 8322 6694 4228 3556 7006 4533 1797 7346 6811 1835 6544 2892 2606 8764 9133 2524 7930 7437 8714 1340 5266 5144 4531 6178 9194 3493 9861 2512 5466 6456 7558 6842 2721 584 1992 8124 5169 3888 5619 751 7509 6683 6031 8279 5974 4420 5837 6871 9733 6151 2117 5170 3206 688 3560 2744 1847 3780 6310 3462 8927 664 7339 3646 9681 2292 7698 6765 4624 6344 8387 6105 8707 6355 5384 5036 1502 8820 9070 3257 1250 7091 7568 7349 7591 6248 8508 6525 1446 5442 7701 3146 5761 7195 3866 4044 6473 5390 9845 9025 4577 5954 4822 10451 4697 9298 6766 6852 1848 8644 3886 5690 6226 4347 5929 8413 5234 1239 5567 5126
10692 2299 1782 6959 6164 4658 7341 7402 4557 2597 438 10150 9111 4855 7892 5690 7899 8650 3162 10389 7674 6499 4151 5282 6555 10137 6802 8808 8271 8290 5929 7269 2216 4776 9532 4870 6791 8272 6173 1228 11585 6920 7775 4544 8776 1595 3774 2358 3782 4347 5366 5401 4209 5890 6099 7641 2806 7203 283 1454 3552 6601 5275 6196 5516 3591 2859 5353 9045 7094 8475 5232 3986 2233 5166 9081 0 6356 4783 3203 3772 4655 4382 9396 5451 9441 6108 4233 3449 5233 4325 9191 1537 7288 8721 6641 4677 7419 7849 558 5636 8410 6556 3891 10750 5640 3274 3270 5980 8844 9576 6251 7462 8239 6985 6511 4861 1864 5828 324 9273 1502 1869 4750 7406 2028 9482 10407 6185 3627 10710 9766 6090 7318 4606 9480 6636 1265 1624 1641 10096 5803 4363 6157 5099 6293 6241 822 10243 7861 4137 1783 8519 10639 8380 8725 9298 8376 7481 3383 8947 1489 3756 8579 3773 6233 4840 3606 5089 9822 6428 7758 8605 6184 9044 8735 11340 7144 5669 4257 9566 7461 9419 3158 7789 899 7221 1337 5067 4944 2514 2218 2981 1366 6565 4684 9041 7433 7482 10303 6028 9090 3366 3367 1901 3276 9696 4758 8399 10115 3498 7778 5524 5801 5727 5272 5700 7318 6031 1765 7907 9267 4493 4859 3737 4332 8333 6522 2297 10506 7307 5168 6301 3865 4800 6456 5047 9465 7687 5796 7120
7325 4407 4471 717 9333 3432 4923 949 1798 3969 6458 7936 6223 1266 3179 5354 2881 7057 3186 6468 2901 3139 4693 9004 8902 4309 1335 2808 6807 3153 933 1011 6306 6405 5604 7987 1149 5339 3291 7027 7902 7409 6544 1685 3679 4373 3875 5979 4132 4138 6169 7371 4238 808 5130 2479 5296 7391 6072 5329 3267 1194 1256 4580 551 4705 4077 3885 5134 1526 5978 2975 2437 6640 1491 5928 6369 0 7792 5177 2833 6985 4590 3853 3309 3944 2909 4279 6634 2455 2525 6449 6686 7792 7522 6124 6700 4726 2184 6189 3239 3313 2501 4002 6289 5200 7412 4879 6396 3170 3679 7744 1350 3942 5982 6233 3243 4113 2369 6050 7000 5157 4773 3961 7658 5712 3933 5954 9510 7279 6833 3645 3739 6945 3014 3784 4392 4942 4714 6737 7822 7341 3101 7698 930 2568 6103 6418 6549 2005 7359 4266 2415 5717 5574 5040 3175 2455 2233 4863 6817 4865 2420 2900 3071 8418 3062 5514 1050 4396 9015 7017 2884 6030 6867 3308 7192 6371 2911 6966 4196 2994 6204 6848 2712 6277 3898 5967 8589 5986 4148 7040 4018 5308 741 6406 3529 5816 2513 4035 5916 6938 7452 7137 4488 7624 3703 2615 2111 7085 4365 2476 4673 7542 8531 6081 2313 1080 698 6197 2792 3645 1818 6260 4874 4169 3190 758 4519 7298 2242 3488 8255 2495 3244 8251 2322 3750 6276 895 1597
8528 6115 4674 8260 1933 8275 5601 8364 5554 3979 5077 7968 6305 6314 7512 2988 7104 5788 6263 8717 6807 9579 8340 1331 1644 11615 8455 9026 5758 10512 6601 8585 2344 1400 7106 382 7904 6223 9299 5836 8189 3141 5385 6305 7826 4790 3542 7062 3528 8617 1779 1144 3027 7511 3676 7450 2436 3166 4247 6133 6863 7743 7310 4468 7123 7904 3842 4142 7106 7661 5607 8092 5437 7163 7258 6114 4852 7139 0 2486 4684 242 2757 9348 9053 11635 9270 7831 8628 5258 4879 6838 3224 2762 4869 3525 1089 6239 9615 4061 4917 8072 8770 3499 9050 3225 7520 7732 1967 8342 11264 2232 8170 7351 3896 2928 4191 4988 5379 4577 6751 5352 3380 3438 3129 2939 8791 7784 2121 1207 7912 10459 5104 3873 7387 10747 4791 4596 4509 3443 7183 1554 4327 2204 6654 9627 2616 5709 8333 8302 562 4276 9220 8287 6543 7223 10811 8834 7274 2666 6160 4078 5312 9630 6889 1718 4529 2065 7064 11549 1948 4320 8759 3093 6031 7950 8615 4401 5225 610 8431 10098 6680 1417 6736 5336 5463 3549 1109 1759 3777 2859 3510 5673 7952 1158 8953 4682 9954 11385 3205 5311 1371 1626 3699 1724 10626 8023 9140 7779 3116 9700 3710 1054 1455 2436 5311 8448 6862 6579 10214 9395 6050 1662 8042 3314 11052 7664 3522 8008 9033 4121 1566 5129 4326 1930 7978 9544 5065 6625 7188
7984 4238 2325 5631 4289 5843 4607 5835 3293 1555 3420 7270 6150 3771 5691 2557 5455 5673 3872 7396 5333 7215 6241 3599 4125 9575 6544 7662 5802 8179 4469 5830 1501 1702 6274 2733 5943 5249 6936 4455 8532 4060 5134 4298 6263 2628 1220 5170 1258 5621 2196 2760 1250 5399 3303 5520 229 4071 2918 3953 4438 5450 4737 3434 4687 5049 1361 2704 6257 5877 5328 6245 2908 5285 4961 5720 3238 5158 2401 0 2473 2310 1450 8003 6244 8947 6964 5886 6284 3215 2705 6851 2635 4076 5227 3727 1949 4978 7153 2855 3434 6463 6702 1391 7619 2411 6229 5277 2758 6679 8428 3502 6119 5943 3621 3407 2361 2928 3532 2725 6405 3585 1271 1879 4292 1126 7587 6952 4755 1814 7346 8364 3630 4197 4926 9204 3751 2683 2336 2787 6933 3113 2109 3343 4092 6896 2954 3906 8144 6033 2143 2037 7640 7375 5824 6316 7858 6760 5264 448 6250 1792 2976 7447 4469 3733 2678 480 4905 9932 4139 4862 6919 3237 6174 5977 7869 4171 3342 1955 6879 7287 6262 1829 5457 4099 4249 2104 3472 1747 1520 2407 1152 3586 5826 2055 7635 4634 7171 9569 3021 5403 2119 2101 1489 2354 8039 5455 7454 7043 921 7541 2751 3143 4070 2444 3293 6260 4509 4962 7528 7486 3367 1814 6034 1249 8262 5491 1280 7533 6964 2633 3832 2722 2204 4297 5378 7487 4821 4652 5187
7913 3276 2044 3537 6961 3706 4320 3591 862 1334 4396 7646 5740 1411 4247 3510 3958 6472 2333 6716 3812 4522 4454 6316 6293 6915 3791 5104 6099 5517 2323 3606 3485 3842 5669 5339 3313 5023 4413 4774 7630 5678 5120 1795 5018 2161 1541 4479 1537 4200 3935 4813 2027 2761 3942 3765 2467 5683 3706 3773 2673 3244 2415 3230 2106 3780 1316 2348 5503 3471 5223 3640 366 4755 2408 5747 3649 2754 4703 2461 0 4629 2557 5908 4107 6464 4643 4025 5531 1729 810 6682 4081 6233 5963 4604 4014 4162 4778 3967 2340 4616 4239 1625 6951 3315 5929 4269 4432 4710 6129 5323 3859 4341 4732 4540 1552 2271 2021 3450 6533 3175 2301 2122 5417 2793 5302 6725 6731 4441 7117 6126 2930 5022 3220 6208 3231 2675 2150 4496 7183 5409 946 5373 1870 4264 4107 4204 6907 4099 4737 2026 4821 6954 5491 5491 5976 4404 3377 2137 6271 2484 784 5033 2643 6056 1459 2877 2414 6932 6432 5671 5006 4438 6229 4386 7690 4862 2147 4474 5574 5417 5926 4394 3686 4316 3770 3502 5850 3633 1396 4538 1359 3334 3349 4138 5676 4750 4995 6641 3985 5970 4541 4598 2078 4693 5989 3083 4792 7191 1612 5240 3184 5595 6602 3611 1881 3720 2482 4653 5205 5525 1022 3873 4735 1869 5943 3095 1884 7275 4329 2173 5952 538 1314 6280 3109 5557 5257 2456 3257
8523 6098 4270 8051 2195 8059 5468 8189 5255 3756 4612 7909 6555 5897 7239 2855 6729 5752 6428 8136 7030 9490 8292 1456 1918 12010 8798 9183 5585 10063 6507 7656 2127 1224 6780 590 7962 5823 8644 5710 8432 3272 4960 6249 7857 4452 3199 6576 3254 7658 1637 1188 2734 7753 3559 6949 2284 3327 4416 5776 6673 6889 7353 4183 6915 7556 3588 3941 6677 7680 5238 7991 5067 6781 6800 5969 4335 7173 262 2281 4656 0 2590 9294 8552 10639 8626 7458 7745 5226 4690 6707 3285 2693 4861 3541 922 5933 9274 3998 4735 7312 8998 3082 8622 3116 7498 7734 1909 8318 10847 2206 7706 7211 3506 2891 4313 5076 5425 4310 6192 5540 3365 3222 3034 2676 8963 7982 2442 1032 7793 9530 5111 3755 7258 10865 4626 4733 4474 3280 7316 1728 4120 2225 6310 8896 2617 5502 8684 7850 399 4018 9760 8749 6315 6923 10575 8262 6657 2652 6473 3544 5496 9026 6765 1793 4218 1766 6952 11445 2075 4390 8789 3045 5768 7507 8464 4478 4960 359 8397 10187 6845 1287 6683 5513 5534 3283 1264 1645 3532 2641 3237 5235 7570 938 9494 4886 9096 11018 2952 5287 1143 1461 3407 1666 9711 7901 8987 7549 3033 9294 3354 1175 1693 2388 5419 8012 6632 6573 9754 8619 5837 1428 7588 2918 10263 7800 3376 7866 9281 4021 1854 5061 4139 2166 7467 8948 5040 6590 7527
6883 5024 3235 5194 4373 6292 3256 5431 3097 2414 4787 5931 4738 3677 4378 1141 4210 4291 4893 6100 4082 7249 7028 3950 3871 8789 5843 6644 4289 7438 3866 5651 2764 1463 4875 3254 5072 3939 7051 5505 6924 3042 3707 4025 5289 3725 1095 5994 1011 6822 1412 2488 459 5225 1804 4591 1615 3083 4330 5272 4944 4700 4944 1927 4272 6232 2080 1549 4706 4864 3561 6495 2729 6178 4702 4333 4322 4776 2943 1373 2493 2555 0 6659 6866 8281 6746 6394 7216 2461 2151 5162 3949 3587 4010 2376 1886 3716 6950 4053 2183 4912 6485 879 6466 1171 7109 6235 2017 5267 7710 2817 5318 4368 2411 2319 1552 3964 2920 4132 4785 4547 2700 684 3220 2432 6022 5769 5021 2868 5814 7563 2415 2965 5793 8403 2373 3698 3498 4119 5887 2754 1688 2927 4126 6809 1800 5466 6414 5395 2786 2923 6722 6041 4311 4751 7723 5676 4024 1162 4530 3108 3187 6386 5044 3474 1746 1192 4748 9257 3992 3492 6067 1980 4441 4954 6920 3005 2372 2436 5599 7780 5257 2858 4210 5165 3006 3376 3859 1159 2330 3888 1835 4666 5225 1784 6196 3051 7434 8768 1613 4194 3238 3020 2660 3259 7183 5717 6840 6023 1171 7086 1269 3075 4303 1252 2589 5752 4219 6003 7110 6220 3326 1253 6550 599 7904 5418 2330 6452 6792 1479 3775 3107 1631 3733 5371 6620 3339 4053 4846
5116 8430 8291 3599 11025 7413 4658 3136 5299 7271 9731 5693 5174 4858 2435 6913 2581 6121 7293 4372 2739 6052 8284 10946 10407 4508 4184 1420 6194 5056 3698 3073 9199 7903 4267 10286 2779 4814 6672 10658 5445 8262 6249 5571 1812 8406 6359 10082 6278 7897 8212 8611 6882 4731 6099 2454 7829 8034 9733 9395 7348 2848 5266 5448 4168 8562 7161 5496 3757 2427 5404 6629 5397 9860 5267 5397 10082 3801 9987 8092 5659 9734 6947 0 6602 4475 6410 7877 10289 4457 5196 5246 9991 9000 7121 6523 8373 4272 2967 9623 4758 1972 5438 6628 3688 6433 11649 8830 8103 1364 2517 8277 2549 2649 6809 7574 5311 7990 4155 9215 6066 9052 7768 5959 7927 8714 745 4190 11712 9676 4364 1236 4554 7454 6890 4178 4737 8429 7998 10396 6200 9170 5891 8606 4488 5885 7242 10585 4254 2045 9255 7817 2441 3513 4896 3255 3575 1571 2599 7715 5858 8509 5865 1365 6961 10089 5101 8179 4814 4523 10559 7092 899 7175 5990 1903 4455 6006 4623 8986 1805 5246 5124 9922 2679 10215 4143 8978 10205 8105 7584 9952 6969 9339 3587 8136 357 5462 5010 4017 6556 6383 9974 10164 7764 10223 1324 6628 2497 5288 6814 3803 5968 9662 11185 7377 4391 3352 3838 10423 4805 525 5296 8205 8697 6532 5391 4339 7698 5932 5123 5094 10215 5983 5688 9715 6267 241 6220 3530 2496
10631 3358 4391 3371 10684 988 7777 3629 3635 4590 5944 10753 9546 3205 6291 7357 5913 9968 2383 9946 6081 962 1994 10150 10232 5213 2591 5241 9673 3055 4063 3756 6954 8020 8781 9153 4168 8748 342 5774 11508 9849 9423 2474 6761 4325 5555 4300 5395 1641 7941 8719 6496 2286 8083 5844 6312 9460 5722 4193 2205 4347 2124 6967 3230 2599 4938 6257 8238 4907 9044 381 3728 4910 2153 9014 5745 3165 8740 6592 4268 8710 6533 7059 0 4189 831 1820 4099 5017 4700 10046 7085 10085 10110 8220 8349 7956 3800 5907 6039 6919 1196 5954 9131 7274 5216 2749 8986 6551 5532 9914 4449 7360 8823 9193 5620 4103 5129 5479 10471 4221 5561 6168 10039 6424 7062 8902 11420 8276 9836 6049 6298 9632 1304 4510 7323 4586 4504 7208 10263 9574 4969 9215 3075 1164 8498 5617 9882 5103 8629 4836 4576 8769 8756 7748 4041 5309 5745 6139 9874 5308 3599 5411 1881 10584 5550 6984 2412 4960 10047 9755 5825 8379 9454 6483 9907 8706 5883 8015 7401 2370 9743 7754 5826 5087 6794 6145 9595 7771 4781 7349 5183 4122 3376 8319 6710 8657 2195 5282 7999 9913 8233 8153 5004 8149 6208 1015 4352 10046 5489 3358 6856 9390 10345 8048 5335 3408 4032 4702 2713 6971 3307 7908 2786 5909 2844 2630 5250 11144 1993 6233 10615 3655 5244 10488 1168 6615 8592 3836 4642
9570 7075 7720 3123 13421 5525 7824 2980 5911 7301 9330 10369 8734 5132 5852 8536 5696 9899 6358 8161 5543 3399 6220 12021 12594 770 2719 3104 9743 1374 4773 3136 10208 10064 8043 11923 3658 7853 4062 9853 9621 10750 9800 4787 5776 7653 7530 8464 8010 6019 10244 11384 8443 3613 8493 4957 8809 10736 9441 8541 6264 4122 4394 7889 4358 6478 7994 7190 7589 3896 8579 4632 5861 8954 4414 9077 9786 3982 10967 8731 6679 11371 8737 4456 4248 0 3379 6490 8403 6338 6191 9310 10416 11939 9869 9707 9969 7510 1830 9392 6737 5374 3165 8143 7631 9064 9264 7168 10830 4837 1760 10724 3420 6337 9285 10194 6659 7197 5840 9487 9729 7919 8871 7951 10720 9485 5021 8434 12832 10640 9027 3049 7207 9816 5416 316 7249 8194 7734 11017 10421 11481 6850 11062 4738 3107 9444 9255 8004 3804 11077 7838 2046 7634 8405 7003 781 3467 5279 8561 9666 8204 5999 3104 5667 12186 6862 8856 4323 845 12073 9797 3900 9509 9671 5282 8467 9262 6820 10632 5972 2019 9210 10275 5352 9108 7030 9609 12492 9598 7859 10641 8001 7896 3182 10268 4242 8986 2140 885 9161 9581 10783 11075 8699 11160 3008 4910 2275 9409 7704 1307 8672 12061 12813 9617 6296 2731 4202 8658 1724 4465 5303 10205 7215 8209 1555 3250 8019 9899 2584 6941 11648 6115 6978 12402 4330 4300 9183 4406 4395
10815 4111 4948 2761 11366 1759 7724 3301 3786 5354 6555 10628 8847 3374 6178 7777 5910 9992 3238 9019 5536 247 3026 10362 10225 4181 2023 4648 9745 2100 3995 3341 7495 8143 8955 9818 4008 8414 684 6614 10377 10202 9475 2888 6353 4838 6101 4780 6183 2464 8030 9244 6564 2271 7809 5084 6696 9906 6417 5180 2855 4023 2088 6874 3140 3190 5491 6545 8268 4211 8435 1035 4042 5482 2076 8952 6316 2802 9686 6515 4322 9005 7076 6359 879 3505 0 2724 4928 5029 4618 9020 7353 10775 10159 8386 8778 7495 3096 6488 6014 6063 591 6371 8910 7433 6358 3619 8653 5827 4486 10025 3945 7007 8615 9380 5909 4489 5167 6191 10222 4688 6281 6266 9678 6507 6578 8837 11948 8165 9163 5271 6195 9841 1879 3733 7327 5452 5455 7555 10280 9302 5288 9531 3048 364 8800 6130 9885 4360 8875 5283 3798 8646 8597 7551 3210 4666 5333 6386 9505 5980 3749 4698 2558 10490 5419 6915 2305 4336 11273 10017 5409 9007 9295 6218 9636 9161 6004 8510 7010 1616 9417 8171 5666 6207 6871 7016 10621 8089 5464 7768 5386 4941 2863 8722 5821 8796 1407 4149 8404 9370 8989 8163 5521 8667 5128 1546 3876 9801 6037 2724 7211 9913 10650 8574 5268 2911 3543 5538 1694 6170 3426 8128 3743 6667 2032 2175 5775 10473 1232 6297 10664 3912 5599 10999 1422 6190 8750 3939 4523
11169 1748 3578 4478 10331 977 8110 5332 4034 4305 4386 11652 10259 3977 7130 7122 7291 10519 1704 11021 7082 2874 485 8657 9795 6764 4068 6766 9811 4972 4632 5227 5822 7267 10116 8075 5372 9085 2121 4104 11819 9115 9509 2886 7936 3165 5542 2353 5320 297 8010 8333 5752 3660 7859 6511 5405 9202 4293 2910 1539 5589 3150 7331 4242 700 4386 6259 9424 5839 8933 1804 4130 2999 2766 9640 3974 4522 7926 5647 4059 8139 6639 8303 1931 6365 2863 0 2184 5583 4623 10564 5372 9483 10051 8865 7874 8308 5675 4477 6501 8036 3130 5690 10099 7683 3378 994 8528 7185 7166 9493 5369 8191 8842 8595 5551 2914 5855 3999 10733 2648 4409 6459 9848 5231 8449 9880 9930 6832 11097 7519 6825 9442 1330 6375 7698 3528 3668 5959 10644 9255 5006 9190 3778 3127 8401 3897 10376 6418 7931 3879 6113 10239 9179 8555 5826 6364 6434 5716 10301 4044 3316 7116 1539 9740 5379 5975 3166 6810 10137 10072 7102 8120 9760 7991 11565 9451 6292 7152 8375 4124 10091 6638 6995 3585 7508 5121 8960 7249 4282 6227 4825 2685 4602 7577 7458 8754 3924 6910 7753 9980 7108 6737 4281 6748 7559 1655 6203 10494 5275 5226 6870 9170 9311 7668 5321 4906 4763 3140 4660 8250 3608 7230 885 5915 4651 4001 4286 11905 3902 6252 9698 3534 5356 9630 2063 8334 9069 4818 6142
13321 2243 3807 6721 9663 3091 9329 7144 5867 5146 3631 12845 10966 5811 9618 8814 9266 11579 3226 12540 8606 4992 1989 9038 10070 9013 6607 9427 11458 7200 7016 7489 6005 8101 10988 8923 7478 10824 4180 3043 13103 9894 10282 4898 9733 3775 6283 1190 6551 2476 8003 8920 6748 5588 8559 8152 6155 10366 4046 2423 3218 7267 5213 8429 6245 1816 5365 7546 10568 7977 11049 3850 5520 1482 4708 10817 3774 6380 8628 6319 5649 8116 6973 10163 3996 8468 4904 2266 0 7315 6398 11880 5051 10671 11260 9566 7854 9937 7741 4273 7496 9560 5224 6791 11896 8820 1325 1312 9310 9573 9470 9934 7990 9999 9611 9088 7168 3578 7650 3939 11443 2806 5125 7447 9986 5324 9950 11682 9710 7051 12228 9689 8200 10485 3494 8567 8340 3511 4003 5080 12062 9524 6056 10174 5972 5288 9130 2959 11974 8487 7900 4323 8484 12214 10650 10397 8312 8938 8102 6279 11266 4544 4735 9458 3472 9605 7047 6915 5417 9393 9937 11271 9473 8878 11693 9280 12634 10468 7632 7654 10271 6457 11398 7011 8467 2707 8665 4788 8949 8111 4770 5746 5690 2528 6569 7989 10108 9548 6534 9390 8986 10864 7023 6545 4793 7024 10152 4000 8354 12591 5958 7224 8159 8837 9715 8151 7060 7119 6980 1798 6417 10238 5435 8309 1262 6793 6545 6178 5295 13405 6228 7654 10043 4860 6902 10634 4278 10566 10468 7025 7552
6019 4971 3901 3110 7136 5103 2659 2977 1430 2733 5883 6083 4319 1816 2612 2919 2262 4795 3691 5452 2083 5377 5992 6755 6426 6901 3661 4062 4752 5301 1503 2839 4617 3807 4308 5560 2491 3554 5403 6245 6625 4799 4132 2661 3426 3967 2046 5879 2050 5655 3919 5071 2211 3065 2854 2049 3578 4656 5189 5419 3816 2075 3172 2023 2176 5423 2589 1279 3867 2483 3984 4927 1685 6733 3139 4279 5160 2422 5146 3263 1726 5239 2551 4523 4976 6164 5267 5474 7366 0 860 4978 5370 5506 4718 3655 4421 2784 4331 5263 924 2948 4610 1906 5001 2879 7578 5998 4204 3179 5558 5251 2893 2801 3677 4113 926 3802 432 5072 5166 4974 3658 1811 4879 3942 4066 5030 7253 5187 5134 4703 1395 4572 4194 6245 1941 4207 4012 5547 5880 5064 1300 5135 1977 4751 3609 6202 5460 2993 5315 3558 4293 4939 3679 3718 5144 3297 1902 3011 5030 3952 2079 3960 4078 5975 769 3502 2851 7022 6610 4602 3952 3624 4822 2869 5914 3811 658 5141 3705 5333 4604 5081 2115 6081 2132 4713 6342 3753 2996 5831 2519 5030 3045 4317 4021 3238 5166 6645 3280 4872 5489 5330 3625 5354 4738 4354 3992 5727 2424 4636 2209 5523 6578 3498 142 3349 1821 6527 4952 4144 1802 3885 5833 2200 5465 3265 3172 6094 4782 1154 6308 2110 1002 6516 3722 4403 3995 1720 2094
6635 3819 2931 3341 6945 4618 3284 3387 884 1985 4813 6522 5234 1505 3349 2981 3139 5502 3271 6236 2897 4993 5407 6095 6211 7227 3869 4498 5041 5432 1815 3365 3941 3406 4891 5044 3126 4451 4945 5766 6939 5198 4573 2043 4377 2965 1491 5149 1359 4958 3792 4702 1792 2998 3181 3080 2813 5069 4509 4633 3271 2551 2670 2529 2221 4606 1842 1605 4510 3051 4324 4348 910 5631 2591 5197 4482 2648 4998 2638 782 4800 2124 5295 4805 6428 4849 5065 5974 899 0 5368 4541 5761 5538 3762 3901 3434 4581 4356 1491 3833 4559 1387 6294 2845 6577 5237 4140 3963 5750 5118 3367 3891 4161 4313 822 3154 1289 4228 5877 3962 2920 1703 4996 3177 4677 5522 7090 4555 5909 5315 2197 4635 3733 6116 2453 3443 2850 4990 6457 5198 570 4944 1807 4764 3676 4921 6122 3395 4651 2685 4890 5683 4727 4663 5643 3850 2766 2178 5698 2996 1348 4545 3454 6100 705 3003 2458 7220 6089 4781 4368 3804 5186 3825 6592 4073 1410 4529 4954 5122 5377 4282 2870 5044 2954 4173 5708 3244 1909 4864 1785 4293 3275 3995 4861 3726 4941 6943 3348 5335 4570 4557 2681 5049 5333 3690 4306 6286 1815 5197 2448 5099 6565 3431 982 3826 2085 5580 5244 4739 1434 3652 5294 1743 6040 3058 2363 6553 4427 1405 5800 1312 697 6051 3448 5034 4460 1999 2795
1471 9127 8442 6643 7817 9621 2323 6211 5935 6962 9860 1066 531 6679 3250 4256 3622 1669 9114 1369 3561 9725 11287 8549 6713 9400 7668 6214 1849 8848 5474 6247 7781 5729 696 7256 5769 1288 9867 11273 1625 4425 2044 7352 3474 8507 5799 10503 5911 10370 5356 5945 5532 7474 3593 4114 6716 4307 9705 9806 9059 5674 7317 3228 6258 10225 6893 4281 1521 5348 1562 9324 6443 10965 7666 786 9737 6419 7387 6547 6234 7251 5254 4908 9926 8809 9113 10280 12085 4758 5606 0 9629 5102 2602 3360 5872 2052 7154 9201 4124 3717 9287 5828 2074 4158 12788 10865 4978 4257 7467 5380 6188 2689 3390 4168 4737 8932 4543 9691 921 9703 7999 4920 4302 7561 4432 1100 8326 7396 1129 6520 3623 3517 8842 8512 3243 8426 8537 9082 975 5910 5678 5221 6626 8886 4410 10555 1862 5621 7577 7596 6911 2100 1014 1824 8603 5198 4270 6154 1080 8373 7134 5964 8396 6455 5134 6151 7138 9595 7090 2742 4979 3853 1181 3538 1922 2567 4238 6876 3164 9394 233 8111 3870 10013 2645 8900 7532 5550 7484 9112 6705 9527 6616 6225 4953 2257 9097 8567 3990 1926 7766 8130 7523 8612 6559 8712 6846 712 6399 7689 4133 6638 7996 4888 4701 6562 6101 10974 9028 4425 6843 5768 11177 5418 9299 7134 7207 1133 8433 4504 6533 7067 4972 6601 8384 4984 2141 5810 5100
10634 3905 2515 7300 5029 6184 6775 7691 4847 2849 1773 10390 8737 5735 7853 4897 7470 8669 4448 10181 7526 7516 5983 3488 5074 11433 7459 9185 7947 8828 6610 7984 1167 3537 8940 3709 7578 8196 7363 2493 10782 6209 7327 5454 9154 2646 3692 3845 3691 5841 4016 4094 3710 6595 5570 7594 2415 6048 1345 2990 4790 7045 6243 6215 6240 5132 3145 5195 8617 7703 7629 6568 4408 3756 6176 8680 1638 6689 3468 2631 4248 3331 4135 10280 6935 10809 7412 5781 5247 5388 4809 9167 0 5647 7806 6256 3625 7739 8612 1003 5679 8859 7818 3791 10727 4899 4438 4902 4922 8611 10946 5137 8263 8447 6424 5585 4698 2839 5767 1515 8797 2878 1880 4298 6411 1470 9724 9949 4648 2152 10414 10155 6221 6400 5666 10299 6332 2278 2467 219 10042 4742 4453 5342 6136 7768 5322 2204 10357 7884 2840 2370 8872 9884 8440 8474 9573 8671 7149 2841 8807 1784 4456 9607 5059 5099 5020 2823 6091 10724 5254 7251 9437 5558 8417 8247 11045 6892 5894 2898 9658 9172 8873 1872 7346 2439 6938 749 3699 4164 2773 583 3203 2725 7494 3580 9937 7255 8736 11001 5391 7841 2124 1752 2135 1687 10665 5749 8775 10077 3322 8753 5122 4334 4208 4531 5485 7681 6331 3341 8772 9923 4938 3799 5530 3895 9733 7164 2405 10362 7726 4895 4874 4492 4649 5350 6406 10105 7298 6898 7898
6588 8643 6457 9025 2567 9962 4510 8636 6394 5529 7680 5616 4775 6887 6675 2714 6418 3615 8134 6884 6538 10646 10295 3236 1579 11689 9136 9057 3576 11332 7233 8740 4700 2492 5655 2530 8280 4708 10876 8186 6694 1093 3508 7789 7321 6545 4470 9265 4403 9558 2204 1543 3799 8674 2941 6669 4185 1052 6546 8179 8301 7808 8776 3937 7376 9534 5231 4362 5926 7518 4053 10172 6126 9431 8610 4466 6822 7921 2642 4343 6029 2785 3371 8798 10055 11429 10925 9716 9944 5588 5819 5582 6121 0 2894 2394 2272 5191 9686 6483 4848 7404 10126 4518 7366 2772 9989 10090 1543 7772 10482 727 8108 6437 2259 1529 4922 6771 5507 6906 4598 7378 5488 4119 958 5261 7986 6330 3218 3870 6288 9861 4782 1973 9079 11703 4228 7042 6171 6055 5049 1089 5034 724 7727 10754 1988 7855 6812 7807 3020 6003 10175 6960 5001 6005 10985 8173 6631 4048 4227 5680 6669 9234 8476 1248 4828 3547 8484 12090 1617 2434 8971 1996 4224 7111 7132 2936 5190 2918 7350 11321 5261 4014 6875 7772 4929 5515 2918 2534 5538 5649 5013 8095 8891 2140 8428 3466 10715 11482 2406 3504 4019 4166 5880 4441 9712 9615 9363 5471 4732 10623 3373 1680 2614 2228 5438 9189 7710 8854 10690 8220 6961 2437 10136 4034 11853 8954 5439 6188 10341 4567 1537 6765 5094 1288 8703 8701 3204 6990 7700
3665 8843 7612 7495 5284 10118 2579 7125 6368 6327 8789 2619 2006 6951 4709 3007 4793 864 8855 4035 4659 10490 10915 6291 4583 10546 8059 7787 678 10152 6089 7507 6463 3976 2707 4935 6513 2332 9896 10125 3704 1905 926 7300 5419 7774 4988 10072 4851 10194 3600 4100 4613 7729 2385 5303 5673 1931 8683 9025 8353 6609 8303 2715 6718 10298 5875 3708 3367 6484 1484 9234 6412 10324 7964 1800 8313 6910 5194 5491 6045 4890 3944 6759 9897 10449 10291 10659 11621 5059 5316 2417 7937 2950 0 1762 4236 2840 8738 8067 3890 5128 9938 4783 4326 3016 11224 9966 2958 6066 8761 3125 7217 4449 1703 2129 4549 7937 4974 8097 1629 8517 6663 4159 1972 6262 6521 3619 6281 5963 3561 7980 3657 1193 8971 10606 2940 7605 7404 7747 2290 3734 5266 2998 6638 9780 2740 9184 4139 6339 5567 7042 8224 4560 2392 3616 9682 6815 5268 5164 1446 7067 6639 7468 9058 4261 4926 5252 7449 11496 4670 571 6998 2178 1218 5286 4293 1141 4458 5290 5016 10236 2357 6403 5004 8932 3390 7585 5866 3740 6439 7091 5661 8659 7325 4255 6547 1607 9784 10617 2404 593 6225 6515 6605 6389 8112 8702 8262 2710 5236 9188 3046 4307 5337 2966 4938 7649 6644 10202 10144 6133 6853 3999 10840 4743 10696 8266 6217 3088 9806 3874 4527 6720 4580 4353 8712 6804 1073 6135 6430
4853 7619 5771 6791 4496 8204 2085 6407 4754 4642 7346 4104 3039 5215 4438 1091 4402 2372 7050 4725 4033 9321 8726 4719 3336 10371 7468 6764 2042 8873 5261 6289 4956 2404 3378 3920 6060 2741 9065 8160 4937 1305 1621 5786 4821 5666 3122 8126 3269 8499 1905 2511 2746 6499 691 4874 3809 1254 6725 7592 6968 5244 6333 1650 5798 8077 4436 2453 3588 5713 1860 8276 4505 8655 6750 2561 6993 6036 3652 3551 4286 3594 2249 6527 8178 9903 8914 8238 9740 3601 3907 3568 5892 2219 1852 0 2609 2799 7429 6454 2707 4718 7947 2948 5186 1163 9361 8600 1662 5665 8328 1982 5912 4228 159 787 3018 6015 3614 6624 3072 7106 4999 2283 1541 4850 6107 4414 4961 4078 4597 7504 2630 789 7640 9275 1906 6299 5863 5908 3708 2504 3340 1978 5702 8602 984 7810 5139 6016 3726 5301 7492 5258 2754 3984 8612 6218 4295 3474 2708 5145 5005 7074 7261 3374 3308 3293 6152 10753 3750 1217 6143 449 2645 4989 5102 907 3063 3701 5227 9344 3434 4416 4113 7563 2699 5719 4335 2027 4745 5525 4004 6721 6401 2660 6372 1292 8618 9361 678 2006 4471 4568 5025 4748 7592 7385 7567 4154 3364 8300 1418 3183 4517 1272 3482 6727 5366 8420 8819 6374 5440 2139 8874 2824 9719 6938 4449 4344 8467 2470 3505 5157 3224 3481 7167 6249 1394 5006 5432
7525 6180 4081 7076 2769 7679 4419 7035 4858 3414 4939 6652 5492 5659 6376 1960 5733 5100 5743 7307 6052 8848 8316 2300 2021 10621 7505 8491 4531 9270 5613 7177 2564 423 5996 1439 7014 5270 8820 5875 7299 2537 4329 5606 7219 4333 2653 6950 2527 8048 758 816 2196 6662 2503 5952 2152 2441 4635 6004 6286 6578 6837 3396 6293 7248 3209 3197 6280 6611 4318 7944 4416 7186 6159 5512 4729 6295 1062 2015 4062 938 1863 8902 8024 10431 8720 7836 8219 4372 3996 5911 3735 2327 4320 2621 0 5117 8915 4262 3935 6900 8126 2650 7601 2126 7724 7444 1193 7472 9552 1711 7166 6097 2749 1927 3279 4830 4581 4321 5441 5165 3184 2414 2492 2595 8216 6688 3231 1600 6748 9360 3830 2947 7013 10077 3769 4715 4060 3663 6586 1254 3346 1750 5767 8466 1713 5490 7797 7256 1240 3822 8912 7732 5517 6032 9658 7638 5664 2124 5346 3812 4612 8066 6163 1991 3664 1492 6153 11305 2300 3694 7998 2111 5241 6388 7537 3568 4082 994 7133 9513 5965 1857 6139 5807 4664 3314 2196 767 3344 3380 2849 5325 7270 83 7910 3703 8870 10522 2134 4809 1845 2115 3526 2305 9479 7078 8634 6619 2613 8884 2548 1348 2335 1344 4315 7901 6221 6471 9162 8212 4968 541 7876 2358 9650 7410 3204 6821 8178 3216 2050 4718 3444 2291 6998 8019 4074 5692 6717
3444 7164 6341 4778 6913 7777 640 4772 4164 5248 8301 3048 1766 4311 1828 2906 2052 2551 6858 2695 1995 8096 8480 7286 6006 7539 5825 4816 2344 7311 3551 4478 6711 4383 1458 5996 3914 881 7638 9023 3463 3752 1927 5032 2294 6291 4085 8408 3769 8124 4170 5177 3575 5117 2408 2427 5325 3929 7695 7861 6901 3665 5339 1689 4533 8475 5052 2430 1183 3615 1459 7423 4456 9051 5684 1619 7400 4662 6109 4887 4370 5968 3433 4083 7837 7576 7412 8190 9900 2664 3463 2095 7310 5101 2921 2738 4897 0 5790 7581 2026 2319 7148 3673 2903 2916 10384 8958 4266 2900 6106 4487 4061 1388 2650 3364 2793 6402 2377 7146 2530 7495 5722 3124 4230 6259 3377 2300 7414 6397 2524 4889 1396 2967 7173 7540 1274 7019 6086 7996 2826 5026 3658 4661 4336 7393 3379 8708 3063 3795 6027 6150 5363 2730 1112 1361 6590 3748 2363 4533 2284 6311 4824 4432 6757 5644 2881 4766 5248 8203 6624 2917 4013 3115 2308 2311 3362 2266 2054 6073 2462 7612 1877 6686 1957 8032 695 6999 6700 4004 5138 7642 4725 7585 4824 5012 3899 1521 6767 7392 2800 2431 6503 6439 5662 7055 5152 6739 5036 2726 4356 6210 2409 5851 6870 3511 2628 5280 3709 8515 7217 3422 4644 4429 9039 3663 7278 5110 5475 3088 6786 2382 6247 4564 3297 6281 6444 4041 1932 3633 3153
7858 6319 6595 1459 11623 4524 6302 1315 3964 6104 8672 8100 7161 3515 3939 7208 3809 8047 5343 7089 3702 3395 6155 10489 10736 2414 1408 1616 7759 1863 2782 1326 8696 7987 6353 10265 1755 6292 3658 8693 8515 8740 7617 3725 4115 6435 6395 7341 6127 5416 8379 9338 6544 2445 7307 3255 7510 9201 8143 7669 4796 2364 2884 5850 2726 5898 6444 5725 5675 2270 7263 4042 4381 8354 3194 7137 7958 2188 9942 7488 4702 9277 6631 3141 3782 1722 3093 5597 7963 4459 4504 7016 8962 9706 8422 7455 8685 5769 0 8606 4971 3796 2799 6324 6433 7363 8544 6665 8223 3293 1604 9341 1529 4365 8119 8247 5134 6135 4243 7592 7740 6956 7304 6041 9279 7849 3513 6715 11682 8681 7330 2131 5223 8766 4412 1734 5563 6972 6927 8814 8181 9542 5363 9703 3014 2960 8081 8622 6548 1952 9288 6737 578 6147 6688 5587 1014 2001 3346 7094 8196 7257 4289 1682 4910 10599 5194 7196 2806 2659 10567 8005 2521 7561 8194 3761 6890 7822 4833 9500 4198 2037 7475 8869 3805 8184 5218 8344 10651 7688 6310 8923 6082 7082 1467 8382 2896 7063 1970 2005 7520 7892 9049 8959 6772 9749 2036 3747 744 8135 6153 769 6726 10000 10927 7882 4175 1040 2701 7671 1721 3353 3961 7988 6711 6361 2227 1880 6846 8273 1915 5505 10429 4672 5234 10628 3567 2937 7568 2618 2478
10923 2775 1797 6885 6094 4934 7056 7507 4592 2539 831 10171 8893 5058 7868 5183 7825 8354 3472 10788 7335 6639 4873 4680 5861 10744 7190 9092 7991 8197 5841 7144 1775 4341 8765 4562 7076 8388 6365 1539 11507 6796 7756 4967 8644 1896 3785 3046 3577 4727 4714 5000 3828 5924 5932 7125 2509 6922 268 1902 4007 6770 5738 6182 5511 4139 2835 5341 8488 7594 7554 5464 4046 2904 5008 8562 534 6177 3996 2858 3802 4047 4378 9485 6172 9322 6960 4466 4003 5549 4483 9088 1014 6450 7954 6688 4253 7888 8433 0 5928 8638 6949 4002 10785 5115 3545 3910 5281 8880 10034 5862 7740 8078 6825 6230 4868 2089 5947 496 9635 1934 1650 4704 6701 1731 8933 9516 5747 2848 9961 10150 6366 7119 4830 9932 6502 1501 1688 1159 9538 5338 4057 6019 5332 6730 5538 1341 10117 7706 3588 1787 8827 10582 8642 8591 8888 8468 7383 3203 9374 1387 3794 9214 4246 5885 4837 3074 5485 10690 5967 7967 8744 6279 9067 8732 10903 7463 5816 3535 9673 7836 9496 2731 7345 1438 6682 885 4669 4407 2476 1613 2802 1881 7169 4572 9238 7001 7847 10122 5895 8628 2941 2675 1819 2647 9424 5170 8141 10302 3122 8412 5273 5269 5375 5124 5561 7132 6325 2284 7834 9122 4639 4397 4292 4077 8706 6700 2293 10630 7542 5049 5825 3658 4665 5987 5209 9488 7483 6333 7256
5560 5474 4276 3940 6495 5685 1876 3639 2356 3208 6043 4955 3824 2630 2362 2122 2160 4137 4658 4695 1952 6386 7138 5965 5552 7504 4586 4352 3727 6274 2433 3606 4936 3463 3472 5392 3243 2784 6018 7205 5821 3958 3308 3594 3378 4342 2084 7072 2065 6636 3364 4576 2079 3687 2141 2393 3450 4126 5604 5777 5035 2781 3977 1159 3064 6501 2940 635 3174 2919 2923 5553 2307 6899 3908 3462 5776 3308 4814 3150 2384 4589 2071 4629 6074 6720 6186 6279 7875 907 1611 3911 5943 4825 3819 2705 3837 1906 4952 5690 0 2972 5396 1908 4847 2167 8145 6380 3769 3321 6002 4286 3332 2453 2954 3357 987 4369 868 5457 4222 5324 3960 1461 4084 4303 4247 4144 6787 4911 4494 5264 548 3482 5386 6660 1055 4804 4258 5977 4943 4464 1654 4513 2969 5974 2949 6684 4755 3352 4648 4112 5024 4593 3024 2905 6246 3616 2070 2987 4018 4359 2983 4446 4820 5350 1013 3249 3585 7608 5759 3633 3867 2871 3880 2978 5245 2923 275 4546 3586 6083 3823 4978 2123 6289 1349 4844 6079 3212 3362 5744 2860 5756 3646 4063 4459 2465 5647 7121 2402 4016 5266 5290 4110 5658 5087 4883 4522 4790 2603 5649 1541 5023 6112 2820 900 4255 2605 6716 6153 4263 2840 3354 7137 2109 6567 3969 3578 5350 5290 666 5615 2693 1176 5484 4985 4383 2900 2428 2749
4332 7550 6754 3619 9528 6978 2857 2955 4160 5866 9161 4382 3561 3950 558 4590 786 4608 6296 3268 995 6359 7996 9358 7890 5797 4042 2451 4362 5384 2805 2932 7359 6094 2917 8134 2314 2999 6566 9763 4569 6226 4163 4908 362 6602 5030 8948 4830 7777 6239 6798 4799 4123 4402 1035 6620 6387 8213 7936 6156 2259 4740 3390 3510 7614 5636 3453 2040 1932 3662 6196 4357 9052 4750 3431 8716 3527 7995 6347 4498 7787 5035 1950 6901 5309 6250 7413 9241 2991 3957 3672 8812 7000 5187 4876 6917 2342 3896 8699 2980 0 5777 4882 2842 4735 10762 7904 6416 668 4018 6562 2547 856 5035 5736 3803 6737 2606 7870 4389 7361 6676 4473 6317 7278 1163 2931 9526 8155 3207 2884 2606 5275 6382 5344 2930 7037 6660 8412 4741 6988 4057 6542 3820 5897 5605 8966 3271 1848 7695 6533 3319 2640 2860 1783 4780 1750 1212 5993 4389 7088 4796 2357 6139 8039 3704 6159 4515 5997 8512 5187 1662 5233 4208 6 3682 4299 2927 7511 913 5916 3519 7791 899 8644 2119 7836 8893 5874 6054 8840 5249 7937 3264 6444 1667 3936 5617 5354 4889 4709 7873 8175 6509 8459 3035 6140 3147 4286 5398 4635 4267 7406 9389 5356 2867 3321 2938 8986 5194 1420 4421 6018 8362 4984 6061 3903 6477 4536 5365 3461 8069 5008 3855 8074 5467 1715 4050 2864 1725
9967 3993 4955 2218 11429 2142 7453 2586 3432 5155 6454 9579 8912 2871 5512 7014 5298 9395 3139 8935 5179 805 3337 9768 10525 4098 1524 4192 9512 1903 3350 2707 7051 8226 8295 9144 3432 8142 1109 6749 10399 9768 8455 2483 5773 4730 5443 5089 5568 2841 8020 9441 6065 1633 7734 4976 6779 9681 6328 5300 2850 3467 1598 6988 2510 3528 5008 5977 7169 3633 8241 1270 3746 5534 1895 8785 6366 2378 8764 6447 4010 8643 6731 5869 1283 3241 583 2989 5036 4781 4315 9320 7652 10149 9464 8244 8460 7067 2574 6607 5367 5889 0 5816 8710 7187 6621 3913 8916 5311 4265 9591 3273 6173 8485 8698 5391 4644 4581 6166 9763 4991 5906 6111 9612 6792 5665 8330 11582 8135 8713 4623 6172 8916 2081 3361 6470 5114 4911 7685 10172 9730 5163 9401 2822 298 8373 6595 8716 4071 8821 5144 3267 8592 8035 7296 2782 4331 4673 6232 8960 5680 3526 4324 2475 9773 5139 6952 1877 4015 11057 9370 4575 8047 8835 5587 8822 8464 5430 8105 6708 1357 8785 8055 5218 6092 6273 6504 9845 7976 5062 7914 5459 4879 2359 8067 5110 8049 1041 3997 7808 8925 8742 8615 5326 8524 4849 1616 3201 9890 5829 2358 6762 9201 10704 7646 4641 2372 2971 5850 1486 5817 3158 7536 4057 6294 1769 1660 5756 10303 812 5663 10148 3785 5292 10236 1367 5598 8365 3291 4073
6760 4078 2767 4821 5204 5127 3491 4716 2150 1578 4306 6457 5087 2960 4267 1841 4102 5217 3900 6587 3979 6618 5744 4806 4725 8291 5155 6281 4701 7218 3186 4902 2892 2230 5189 3705 4337 4274 6023 5101 7327 4123 4298 3247 5150 3077 217 5552 179 5467 2207 3423 434 4094 2452 4156 1596 3729 3777 4295 4082 3881 4094 2268 3559 5094 1204 1356 4745 4555 4107 5496 1918 5674 3794 5053 4179 3999 3451 1329 1536 3263 907 6732 6037 7495 5827 5525 6710 2049 1417 5410 3695 4457 4548 2892 2666 3791 5938 3684 1918 4863 5813 0 6736 1960 6514 5785 2833 4927 7039 3719 4841 4611 3218 3217 1053 3079 2273 3832 5418 4064 2061 700 3969 2283 6116 6034 5405 2985 6108 6772 2353 3809 4905 7889 2506 3082 2764 3923 6222 3571 896 3684 3334 6203 2545 4789 6643 4671 3109 2337 5975 6284 4691 4964 7309 5503 3764 934 5116 2598 2458 5816 4045 4313 1213 1459 3908 8796 5042 4045 5942 2865 5246 4615 6809 3627 1960 3088 5559 6887 5615 3012 3883 4562 3233 3097 4378 2050 1551 3611 979 3915 4549 2513 6225 3471 6426 7955 2338 4983 3450 3261 2068 3766 6648 4880 5918 6339 657 6721 1794 4074 4924 2234 1984 5001 3636 5580 6900 5789 2594 2206 6103 299 7459 4607 1746 6985 5947 1252 4460 2032 909 4907 4838 6008 4116 3272 4221
1769 9499 9142 6281 9382 9818 3299 5689 6649 7919 10617 2419 2435 6932 3006 5771 3328 3770 9334 680 3340 9235 11375 9743 8947 8228 6971 4822 3867 8520 5587 5849 9074 7176 1708 9069 5104 2534 9233 12167 2032 6266 3663 7507 2555 9027 6660 11738 6799 10547 7067 7514 6506 7369 5211 3856 8102 5964 10126 10667 9319 5294 7838 4638 6204 10297 7575 5195 1630 4779 3260 9563 6531 11742 7296 2660 10074 6296 8457 8080 6681 8452 6255 3784 9658 7556 8814 10107 12402 5336 6222 2030 10634 7164 4352 5306 7882 2976 6688 10211 4597 2714 8615 6418 0 5657 13391 10574 6910 3169 5997 7150 5460 2389 4974 5915 5810 9236 5011 10533 2886 9968 8639 5689 6577 8490 2999 886 9894 9101 969 5052 4110 5176 8745 7249 4118 9912 9356 10473 2778 7484 6286 7079 6790 8519 6287 11128 439 4800 9168 8701 6099 273 2482 1600 7068 4509 4066 7372 3270 9342 7383 4712 9078 7985 5858 7540 7047 8536 9136 4566 4095 5415 3168 2863 742 4468 4590 8353 1976 8670 2129 9368 3616 11414 3492 9751 9762 7093 8142 10228 7503 9762 6361 7757 3670 3938 8535 7541 5349 3842 9505 9778 8626 9682 4978 9045 5903 2120 6965 6991 5295 8025 9696 6333 5064 6137 5467 11031 8293 3152 6689 6818 10979 6882 8755 6853 8446 2305 8119 5204 8707 7535 5870 8507 8069 3651 3773 5456 4449
5785 6419 4441 5656 4630 7460 2329 5733 3795 3590 5978 5039 3577 4460 4282 62 4226 3202 5673 5594 3855 7905 7741 4477 3727 9419 6581 6777 3089 8175 4401 5564 3839 1788 4141 3574 5099 3072 7426 6898 5863 2128 2614 5046 4751 4979 2166 7184 2103 7430 1344 2352 1584 5745 675 4150 2638 2205 5639 6339 5988 4725 5665 1279 4982 6898 3163 1524 3935 4853 2518 7113 3752 7545 5713 3489 5864 5136 2998 2518 3355 2912 1143 6790 7753 9005 7814 7500 8208 2725 2873 4074 4954 2915 2922 1195 2149 2906 6878 5144 2003 4588 7034 1891 5641 0 8722 7477 1596 5270 8404 2137 5363 4093 1283 1344 1957 4882 3024 5486 3959 5599 3669 1230 2352 3542 5977 4866 4873 3525 5271 7245 2001 1979 6453 8341 1676 4789 4329 5203 4563 2444 2489 2187 4787 7678 899 6216 5706 5568 3329 4106 6868 5662 3239 4322 8162 6045 4013 2315 3701 4243 4123 6835 6210 3532 2306 2151 5425 9625 3733 2295 6006 946 3411 4813 5933 1770 2299 2988 4975 7795 3831 3826 4008 6417 2592 4421 4055 1266 3469 4863 2959 5880 5606 2116 6308 2022 8047 9172 527 3123 3711 4024 3723 4102 7550 6867 6545 4699 2351 7947 576 3002 4159 788 2737 6236 4595 7394 7570 6225 4166 1591 7549 1725 8730 5850 3496 5323 7410 1620 3569 4073 2184 3570 6266 6234 2280 4312 4895
13154 2994 4043 7457 9497 4501 10063 7979 6157 5193 2843 13031 11999 6564 10126 8221 9523 12275 4163 13302 9271 5961 3263 7858 9328 10238 7823 10015 11524 8342 7564 8415 5250 7506 12210 8461 8458 11146 5696 2214 14384 10127 10934 5441 11143 3899 6428 1393 6508 3547 8129 8425 6855 6504 8922 9288 6129 10384 3506 2274 4179 8284 6260 9150 6666 2834 5463 7851 11610 8537 11289 5036 5860 1016 5911 11019 3176 7015 7579 6012 5870 7972 7233 10885 5110 9682 6267 3502 1378 7278 6477 12649 4353 10638 11260 9284 8006 9940 8891 3591 8518 10569 6212 6969 12515 8869 0 2372 9275 10640 10205 9733 8918 10388 9464 9485 7503 3601 7852 3323 12089 2987 4823 7466 10396 5039 11047 12705 9768 6447 12685 10885 9135 10376 4411 9957 8827 3535 4143 4353 13144 9211 6377 9508 6644 6199 9188 2451 12506 9102 7544 4506 9290 12179 11568 10880 9601 9811 8684 6074 11791 4221 5498 10435 4037 9397 7283 6845 6429 9862 9525 11111 10493 9796 12038 10495 13187 10114 7967 7172 11118 7863 11765 6245 9887 2284 9963 4659 8288 8228 5339 5155 5533 2725 7641 8244 10628 10740 7335 10685 8976 11127 6904 6040 4567 6273 10860 5006 9537 13324 5909 8748 8877 9149 8647 8799 7795 8003 7740 1368 8082 10720 5795 8197 2464 7087 8283 6795 5040 13922 7354 7786 9025 5341 7335 9998 5180 11151 10390 7819 8958
12218 1287 3028 5397 9100 1843 8896 6118 4564 3993 3330 11908 10088 4345 8000 7132 7890 10475 1930 11397 7741 3964 967 8594 9616 7865 5191 8002 9919 5576 5496 6210 5492 7278 10468 8156 6202 9387 3171 3110 12572 9694 10048 3668 8656 2810 5584 1288 5211 1252 7831 8584 6015 4171 8062 7081 5392 9279 3790 2016 1799 6119 3709 7607 4689 458 4340 6558 9878 6566 9426 2614 4266 1934 3476 10335 3357 4906 7670 5354 4487 7688 6342 8617 2826 6959 3670 1042 1348 6079 5163 10560 4939 9210 10490 8505 7415 8593 6438 4000 6590 8563 4063 5791 10812 7458 2525 0 8250 8233 8352 8813 6525 8534 8850 8551 5974 2640 6003 3642 11179 2048 4402 6104 9201 4935 8565 10155 9849 6476 10854 8765 7440 9115 2124 7472 7545 2888 3343 5062 11072 9074 5271 9020 4590 4146 8159 3060 11138 6873 7086 3587 6811 11126 9899 8944 6578 7524 7083 5398 10789 3901 3764 8056 1959 8911 5541 6025 4127 7775 9876 10042 8404 8733 10503 8335 11450 9186 6334 7198 9109 5131 10491 6488 7535 2805 7762 4676 8431 7240 4152 5507 4689 2074 5250 7191 8418 9193 5093 7792 8112 10788 6498 6643 4003 6386 8473 2634 7116 11799 5210 6501 7010 8710 9432 7989 5920 5716 5314 1998 5633 8926 4127 7199 350 5700 5777 4616 4122 11715 4580 6083 9059 3910 5699 9477 3080 9150 9100 5394 6799
6311 6661 5216 7003 2978 8279 3506 7257 4949 4157 6356 5899 4465 5632 5705 1454 5543 3697 6422 6572 5568 9401 8538 3251 2120 10714 7916 8014 3657 10000 5558 6948 3623 1206 5082 2219 6863 4154 8937 6660 6384 1461 3142 6115 6183 5237 2921 8039 3085 8149 678 956 2495 6764 1866 5975 2893 1394 5433 6896 7174 6082 7051 2816 6522 7992 3875 2961 5452 6247 3339 8596 4668 8042 6636 4107 5550 6689 2053 2782 4510 1943 2032 7853 8752 10158 8713 8084 9394 4139 4180 5222 4828 1436 3145 1599 1138 4263 8609 5453 3544 6448 8378 2760 7100 1517 9099 8356 0 6689 9826 753 7288 5483 1694 875 3490 5845 4442 5331 4425 6168 4265 2487 1343 3829 7338 5990 3650 2703 6254 8685 3602 1798 7481 10644 3078 5243 4979 4865 5242 960 3720 772 5700 8936 753 6604 6601 7215 2190 4616 8196 7006 4358 5619 9219 7382 5553 2787 4058 4438 5149 8349 7285 1780 3771 2219 6507 10689 2290 2414 7231 1135 4261 6380 6764 2459 3658 2089 6387 9191 5016 3143 5596 6326 4093 4378 2682 988 4206 4363 3643 6620 7104 1042 7637 2775 8816 10314 1268 3576 3208 3184 4130 3497 8566 8026 8567 5522 3211 9434 2233 1520 2884 845 4413 7630 6320 7555 9609 7751 5404 1039 8750 2518 9569 7559 4143 6091 8493 3119 1964 4887 3362 1966 7294 7830 3048 5943 6179
4738 7427 6569 2982 9666 6387 3565 2584 3851 5738 8671 5339 4299 3772 1208 5324 1189 5357 6311 3588 1371 6262 8119 9872 8530 4809 3626 1681 5279 5058 2640 2414 7849 6506 3430 8280 1935 3693 6070 9872 5106 6760 4751 4348 809 7232 5203 8832 5186 7278 6436 7974 5419 3741 4855 1125 6916 7011 8527 7968 6237 2044 4386 3813 3431 7505 5606 3987 2856 1473 4311 6292 4481 9454 4814 4336 8247 3104 7987 6536 4800 7834 5558 1307 5981 4678 5848 7766 9218 3182 3865 4411 9047 7499 5576 5622 7014 3006 3053 8796 3301 649 5081 5018 3162 5094 10205 8128 7015 0 3343 7455 2117 1487 5297 6105 4159 6565 2817 8014 4931 7662 6926 4945 6628 7063 796 3439 10106 8165 3862 2088 3060 5723 6198 4309 3565 7191 6722 9216 5207 7733 4463 7627 3660 5630 6301 8983 3714 1397 8441 6719 2744 3062 3554 2282 3999 1269 1382 5790 4848 6970 4708 1642 5896 8909 4058 6404 4340 5528 9390 5558 1036 5483 5161 673 4103 5307 3271 8188 1260 5322 4168 8344 1232 8698 2830 7828 9299 6640 5976 8447 5643 7591 2951 7394 1102 4420 4673 4484 5471 5149 8680 8785 6955 8589 2412 5679 2501 4648 5599 3838 4582 8341 9108 5747 3076 3067 2803 8694 5003 925 4216 6570 8086 5267 5351 3674 6219 5284 4715 4026 9016 4613 4066 8624 5248 1101 4630 2738 1600
7547 7759 7737 3011 12849 5947 6871 2609 5587 7418 10355 8707 7624 4816 4259 8517 4322 8867 6696 7010 4486 4844 7409 12588 11918 1666 2959 1559 8409 2909 4254 2595 9586 9043 6666 10817 2967 6804 5064 10528 8415 10046 7885 5044 4122 7783 7212 9321 7471 7211 9191 10204 7360 3996 7728 3673 8689 10255 9494 8631 6764 3412 4712 6877 4196 7668 7488 6766 6277 2998 7528 5586 6060 10071 5002 7461 9589 3575 10509 8453 6030 10633 7816 2527 5303 1709 4647 7371 9743 5282 5779 7285 10246 10926 9394 8210 9926 5995 1565 9636 5893 3844 4346 7139 5946 8122 10103 7961 9521 3455 0 9932 2558 5022 8899 9107 6397 7681 5269 9326 8393 8561 8639 7647 10333 9091 3192 6626 12351 10181 6953 1294 6009 9541 6104 1435 6342 8862 7815 10910 8495 10372 6723 9920 4598 4230 8683 9885 6494 2711 10701 7956 1230 5986 7143 5620 1393 2423 4009 8263 8260 8958 6173 1587 6239 11727 6109 8560 4477 2145 12014 8972 2350 8594 7978 3883 7019 8021 5570 10319 4404 3124 7063 10470 4352 9352 5988 9915 11864 9376 7976 10414 7316 8779 2931 9841 2574 7717 3156 1283 8073 8868 10343 10584 8652 11274 1212 5655 1543 7815 7613 1898 7541 10892 12338 9008 5443 2557 3803 9386 2875 3030 5594 9275 8211 7745 2986 3625 7837 8595 3307 6288 11044 6416 6622 12100 4941 2758 8394 3914 3487
6580 7607 5785 7882 2529 9216 3897 8015 5779 4917 6922 5704 4784 6171 6291 2092 6060 3645 7338 6592 5932 10217 9314 2963 1550 12171 9026 8720 3496 10022 6714 7840 4179 1928 5347 2201 7177 4461 10093 7270 6757 1120 3210 6960 6700 5975 3810 8886 3649 9065 1396 1019 3385 7640 2440 6509 3777 1099 6007 7159 7367 7001 7870 3500 6905 8863 4498 3918 5368 6975 3569 9144 5676 8228 7731 4378 6674 7159 2182 3434 5123 2145 2756 8848 9935 11186 10078 8857 9634 4875 4740 5105 5469 704 2970 1967 1648 4579 9318 6031 4459 6560 9169 3531 6859 2284 9071 9041 811 7662 10421 0 7856 6100 2102 1168 4117 6614 5349 6133 4455 7008 4886 3417 993 4394 7647 6399 3006 3212 6557 9825 4130 1906 8676 10509 3701 5902 5887 5442 5194 614 4567 19 6437 9608 1297 6932 6724 7554 2635 5679 9482 6735 4841 5601 10783 8198 6098 3404 4274 5411 6203 8778 8004 1273 4208 2996 7217 12354 1668 2417 8235 1566 4117 7004 7221 2734 4648 2402 7129 10227 5067 3408 6183 7323 4453 5011 2604 1716 4990 4696 4295 7189 7896 1621 8347 3373 9984 11069 1841 3404 3372 3634 4986 3943 9786 8661 9099 5505 4019 9449 2703 1321 2535 1649 5025 8456 7064 8260 9635 7755 6405 1666 9370 3362 10872 7870 4496 5949 9409 3985 1539 5856 4113 1379 7967 8290 3083 6804 6718
6463 5873 5771 1033 10197 4807 4446 510 2769 5090 7402 7179 5759 2537 2532 5845 2142 6528 4439 5488 2336 3913 6116 9750 8818 3775 1806 1510 6382 3196 1493 487 7301 6720 4991 8180 276 4866 4169 8182 7342 7721 6100 3051 2848 5877 4579 7319 4722 5621 6486 7640 4949 1902 5748 1679 6136 7460 7288 6785 4749 709 2473 4405 1825 5974 4763 4233 4529 683 5900 4005 3493 7790 2813 5797 7611 1328 8050 6148 3870 7939 5206 2488 4168 3247 3652 5495 7313 2762 3377 5810 7632 8602 7327 5903 7290 4199 1619 7674 3474 2464 3073 4874 5302 5490 8982 6076 6952 1951 2707 8143 0 3198 6273 6478 3875 5393 2686 7262 6364 6208 5982 4538 7348 6738 2669 5289 10420 7491 5920 2246 3766 6936 4052 3093 4186 5893 5856 8057 7208 7824 4040 7626 2099 3506 6790 7849 5578 711 7901 5682 1472 5173 5170 4055 2505 1035 1842 5513 6568 5965 3577 1508 4470 9129 3662 6330 2330 3938 8971 7037 1701 6328 6258 2525 5886 6129 3242 7514 3208 3158 5924 7853 2219 7725 3660 6997 9335 6204 5209 8412 4765 6392 945 7443 2202 5452 2814 3589 6057 6599 7852 8275 5857 8412 2439 3759 1122 6538 5314 2198 5002 8738 9253 6434 2725 933 1298 7759 2793 2612 2935 6791 6250 4969 3464 1682 5663 7200 2734 3856 8856 3556 3822 9084 3532 2357 6270 1306 871
3598 7376 6617 3874 8581 7103 1989 3490 3916 5433 8588 4052 2758 4230 535 3979 904 3916 6717 2662 983 7234 8258 8666 7741 6353 4865 3396 3749 6120 2997 3713 7370 5817 2039 7788 2920 2042 7467 9121 4032 5490 3285 4901 931 6488 4540 8922 4717 7517 5370 6294 4536 4865 3756 1391 5899 5210 8271 8059 6609 2664 4925 2647 3796 7829 5195 2977 1340 2425 2746 6918 4430 9654 5352 2763 8048 4008 6890 5622 4561 7067 4376 2717 6848 6324 6789 7772 9321 2710 3713 2826 8119 6520 4518 4215 5802 1402 4445 7945 2490 879 6493 4456 2517 3991 10307 8640 5461 1489 5024 6185 3050 0 3913 4955 3290 6803 2385 7863 3441 7737 6310 3813 5276 6657 2059 2199 8586 7290 2779 3656 2221 4691 6839 5716 2441 7398 6568 8431 3779 6402 3870 6301 3887 6743 4721 8673 2754 2610 7173 6188 4032 2239 2088 980 5443 2685 1448 5383 3355 6779 4927 3119 6294 7458 3331 5897 4554 6852 7770 4350 2601 4587 3524 848 3032 3455 2450 7152 1226 6464 2779 7210 964 8960 1470 7772 8133 5371 5723 8004 5169 7713 3942 6025 2595 2991 5927 5818 4354 3900 7821 7840 6556 7795 3905 6144 3951 3496 5076 5349 3349 7080 8573 4608 2716 4009 3144 9441 6235 2122 4347 5424 8265 4450 6800 4332 6008 3716 6082 3138 7656 4660 3489 7682 6253 2535 3236 3120 2255
4558 7438 5928 6677 4793 8323 2068 6257 4945 4989 7064 4207 2948 5562 4187 1271 4435 2189 6641 4698 4340 9393 9268 5056 3559 9640 7658 6707 1916 9088 5382 6197 4869 2540 3358 3891 6227 2512 8599 8017 4816 1295 1400 6107 5198 5826 3516 8271 3320 8463 2053 2660 2951 6370 844 4842 3789 1247 6437 7640 7361 5346 6976 1640 5994 8675 4525 2521 3454 5677 1766 8388 4756 8938 6470 2678 7142 6359 3616 3719 4796 3776 2334 6923 8582 9709 8403 8783 9490 3754 4122 3282 6047 2416 1599 161 2636 2567 7642 6786 2953 5041 8007 3257 4855 1274 10149 9156 1739 5306 8645 2031 6298 4086 0 914 3060 6338 3610 6346 2782 7037 5028 2563 1419 4862 6090 4172 4875 4415 4285 7852 2576 656 7835 9563 2047 6492 5912 6378 3654 2539 3757 1998 5395 8970 1066 7751 5243 5881 3768 5284 7295 4990 2617 3988 9001 6151 4371 3545 2508 5398 5479 6955 7552 3454 3245 3506 6226 10248 3895 1039 6403 617 2481 4804 5349 752 3030 3952 5206 9036 3298 4595 4375 7610 2751 5481 4573 2097 4668 5963 4336 7149 6651 2800 6404 1245 8739 10107 879 1833 4817 4965 4954 5042 8001 7882 7202 3758 3567 8252 1477 3256 4376 1520 3689 6868 5647 8136 8447 6193 5306 2381 8648 2939 9676 6552 4813 4135 8046 2646 3423 5156 3334 3485 7258 6210 1282 5117 5302
5481 7607 5814 7333 3755 8811 2835 6888 5238 4855 6847 4753 3777 5626 4820 1319 5066 2868 7013 5584 4947 9659 9131 4011 2640 10154 7644 7463 2511 9288 5501 7085 4288 2007 4157 3080 6264 3527 8854 7975 5722 885 2194 6327 5694 6082 3256 8208 3350 8378 1413 1765 2792 7199 1336 5368 3448 785 6546 7195 7484 6147 6699 2307 6294 8063 4200 2920 4447 6042 2590 8834 4900 8130 6599 3443 6480 6627 2861 3390 4522 2967 2321 7329 9171 9946 9119 8585 9155 3962 4182 4170 5830 1546 2277 822 1965 3459 8365 5944 3324 5817 8469 3158 6017 1383 9181 9010 875 6087 9576 1133 6973 5000 903 0 3205 5885 4298 6098 3628 6842 4580 2460 955 4426 7045 4907 4084 3549 5290 8541 3162 1033 7892 10231 2632 6082 5616 5557 4228 1614 3642 1139 6017 8812 503 7332 5969 6542 3056 5093 8405 5849 3674 4880 9345 6769 5201 3212 3428 5294 5303 7428 7066 2480 3600 2792 6450 10867 2811 1641 6946 442 3278 5504 5759 1672 3401 2912 5844 9130 3890 4103 4913 7534 3561 5299 3760 1600 4642 5016 4157 6903 7370 2017 6948 2188 8923 10401 820 2667 3850 4038 4925 4327 8157 7870 7579 4738 3463 8470 1775 2430 3825 1011 3925 7545 5680 8162 9125 7189 5805 1691 9233 2747 10292 7010 4369 4971 8937 2934 2658 4997 3528 2687 7748 7422 2122 5587 6210
6520 4604 3375 3912 5979 5363 2740 3867 1819 2269 5446 6038 4573 2343 3180 2169 3071 4779 4078 5751 2885 5887 6309 5947 5317 7432 4643 4957 4424 6272 2419 3778 3804 3103 4446 4663 3371 3758 5531 6026 6642 4125 3833 3082 3942 3539 1209 5898 1093 5633 2930 3906 1352 3828 2353 2982 2510 4240 4940 5114 4193 3190 3520 1680 2812 5529 1892 714 4198 3275 3719 5253 1737 6428 3524 4382 4820 3360 4418 2447 1589 4083 1544 5266 5498 7085 5793 5798 6675 915 871 5069 4611 4814 4753 3102 3479 2983 5060 4715 999 3595 5130 1038 5463 2055 7217 5713 3416 3946 6155 4139 3793 3576 3068 3224 0 3689 1342 4621 4779 4314 2916 955 4140 3249 5017 5329 6627 4077 5432 5695 1495 3951 4674 6813 1726 3824 3266 4981 5415 4270 629 4263 2631 5457 2942 5401 5936 3879 4246 3089 5204 5617 4051 4150 6455 4329 2635 1934 4888 3395 2191 5156 4012 5387 201 2534 3343 7675 5504 3996 4713 2953 4545 3702 6095 3243 892 4009 4506 6119 4822 4274 2895 5621 2237 4244 5661 2628 2220 4733 1899 4588 3894 3349 4850 3129 5877 7108 2473 4327 4414 4392 2949 4703 5780 4391 4792 5574 1595 5697 1569 4896 5714 2706 977 4152 2750 6066 5979 4915 2203 2971 5891 1300 6762 4010 2520 6333 5407 555 5433 2016 274 5569 4440 5151 3491 2551 3060
9978 1250 606 4954 6903 3048 6449 5345 2807 1503 2164 9921 7952 3088 6609 4836 5808 8176 1549 9268 5966 4647 3190 6136 6643 8675 4847 7081 8154 6277 4164 5219 2970 4418 8278 5515 5194 7073 4112 2591 10312 7201 7104 2694 7229 357 3030 2413 3089 3001 4782 5868 3374 3921 5775 6030 2865 6848 1996 1472 1702 5096 3475 5547 3873 2427 1928 4243 7309 5593 7478 3647 2454 2669 3135 8018 1948 4323 5053 2888 2219 5021 3956 8047 4070 7248 4743 2863 3575 3797 3104 8792 2946 7401 7902 5900 5038 6408 6003 2106 4581 6513 4651 3235 9312 4931 3723 2537 5626 7091 7816 6400 5771 6625 6342 5913 3754 0 4257 1734 8978 807 1723 3708 6736 2239 7707 8570 7191 4285 9282 7864 5314 6807 2658 7835 5452 662 679 3120 9392 6073 2974 6265 3352 4520 5830 2241 9204 6096 4610 1006 6718 8819 7719 7694 7106 6621 5487 2819 8000 1393 2041 7138 1977 6857 3437 3320 3411 7992 7184 7420 7178 6093 7807 7014 9503 6518 4500 4632 7543 6004 8615 3863 6183 1958 5830 2331 6235 4497 1546 3483 2059 1042 5031 5136 7686 6691 5738 8551 5369 7721 4210 4042 1371 4378 7540 3002 6263 9535 2615 6330 5002 5830 6626 5057 3926 5102 4232 2388 5921 7799 2477 4784 2795 3289 6402 4558 1609 9754 4961 4260 6653 1920 3260 6946 3261 7637 7008 4182 5213
6018 5208 4182 2917 7506 5387 2655 2697 1638 3232 6362 5824 4244 1890 2132 3002 1808 4662 4013 4872 1668 5526 6255 7101 6539 6398 3599 3588 4609 5333 1422 2681 5286 4226 4076 5923 2284 3234 5581 6690 6269 4959 3904 2712 2975 4310 2405 6532 2328 5742 4153 5378 2621 2965 2843 1674 3915 5162 5642 5517 4143 1871 3179 2046 2081 5867 3016 1419 3378 2079 3587 4747 2021 6683 3173 4212 5768 2355 5705 3686 2173 5429 2680 4006 4987 5819 5150 5522 7477 411 1290 4456 6205 5511 4949 3533 4535 2491 4222 6074 868 2469 4843 2257 4750 2938 7997 6237 4372 2816 5296 4993 2643 2461 3907 4245 1334 4549 0 5493 4694 5258 3979 2098 5037 4394 3500 4465 8036 5423 4826 4510 1265 4289 4484 5678 1784 4696 4188 6062 5342 5139 1739 4991 2107 4854 3846 6407 4964 2529 5498 3926 4126 4781 3572 3140 5014 3059 1386 3356 4847 4315 2482 3629 4362 6478 1102 3678 2795 6746 6673 4301 3299 3705 4377 2647 5535 3909 652 5212 3311 5178 4219 5588 1641 5961 1798 5250 6893 3757 3138 6004 3050 5281 2854 4821 3662 3259 5054 6352 3265 4536 5530 5578 3887 6149 4544 4473 3906 5378 2984 4549 2312 5778 6740 3628 286 3103 1690 6397 5198 3886 2177 4152 6243 2451 5539 3227 3787 5961 4543 1393 6354 2361 1403 6394 4061 3897 3817 1497 1830
10335 2355 1489 6223 6386 4790 7227 6540 4369 2313 802 10529 8616 4812 7611 5279 7214 8581 3039 10419 6829 6134 4504 5040 5916 9685 6496 8657 8052 8343 5583 6826 1980 4278 8675 4522 7139 8022 5866 1458 11195 7272 8027 4200 8590 1389 3416 2554 3615 4289 4868 5202 3934 5434 6006 7389 2634 6547 278 1433 3234 6702 5209 5950 5530 3436 2597 4859 8949 6808 7573 5081 3724 2525 4593 8939 320 5943 4289 2733 3396 4351 3995 9442 5723 8808 6287 4013 3904 5299 4136 9620 1458 6687 8268 6361 4425 7526 8035 484 5588 8138 6193 3892 10266 5432 3362 3396 5295 7885 9629 6339 7150 8025 6696 6359 4618 1762 5296 0 9209 1486 1569 4328 7204 1777 9091 9384 6179 3221 9974 9772 6259 7167 4152 9266 6002 1015 1400 1537 10052 5491 4018 5975 5146 6241 5497 1086 10649 7330 4060 1477 8279 10065 8605 8553 8977 8379 6581 3106 8669 1172 3623 8586 3558 6259 4451 3105 5074 10146 6248 7445 8816 5801 8982 8290 11130 7430 5263 3711 9292 7728 9346 2910 7343 1188 6985 1072 4992 4762 2220 2102 2624 1426 6596 4425 9439 7087 6913 9855 5593 8589 3284 3032 1567 3032 8982 4651 7774 10237 2950 7998 5570 5707 5857 5377 5467 6689 5828 2035 7444 8912 4182 4415 3676 3776 7878 5810 2093 10210 6676 4921 6144 3481 4105 6409 5081 9521 7918 5766 6942
1913 9383 8537 7347 7412 9716 2431 7104 6371 6968 10158 1175 708 6764 3823 3864 4181 844 9147 2316 4322 10283 11037 7340 6014 9828 7985 6991 1032 9702 6356 6806 8068 5610 1454 6373 6132 1547 10033 10255 1975 3450 1432 7367 4064 8609 5559 11248 5477 10986 4917 5315 5307 8107 3337 4970 6346 3719 9568 9617 9347 6126 8113 3374 6974 10338 6910 4225 2293 5894 1346 9468 6543 10770 8078 760 9888 6900 6701 6200 6794 6644 4924 5652 9745 9479 10265 10069 11405 5304 5731 967 9321 4574 1687 2960 5546 2457 8052 9130 4314 4439 9577 5268 2899 3911 12561 10869 4728 5026 8610 4469 6368 3359 2913 3522 5147 8730 4877 8758 0 9690 7246 4793 3599 7234 5367 2125 7623 7267 1994 7064 3549 2704 9149 9712 3216 8334 7856 9252 746 5260 5520 4576 7062 10079 4025 10153 2592 6055 6887 7681 7455 3029 1449 2731 8771 5933 4639 6295 301 8051 6957 6749 9194 5766 4954 6408 7744 9883 5989 2173 5778 3579 466 4381 2610 2209 4508 6626 3908 9993 975 7199 4147 10307 2979 8824 7128 4955 7134 8357 6780 9371 7120 5526 5975 2016 8997 9490 3551 1071 7379 7401 7658 7581 7119 9006 7523 1085 6001 8578 3793 5656 7383 4468 5082 7479 6350 10391 9654 5275 6808 5081 11357 5578 9876 8049 7106 1419 8825 4556 5938 6923 5242 5696 8829 5675 1556 6395 5705
10566 960 1286 5495 7462 3182 7491 5874 3576 2222 1747 10828 8627 3766 7004 5589 6838 8859 1804 9811 6744 4924 3025 6571 7278 8763 5430 7556 8662 6857 4772 6183 3347 4939 9261 5689 5765 8036 4273 1867 10814 7827 7754 3429 8131 904 3761 1628 3658 3051 5550 6437 4025 4310 6338 6699 3207 7373 1724 615 2076 5914 3984 6383 4257 2144 2589 5134 8196 6213 8204 3637 3113 1878 3737 9013 1546 4844 5660 3614 3184 5298 4386 8726 4175 8054 5040 2728 2690 4843 3967 9813 2907 7325 8717 6698 5200 7560 7145 1915 5580 7746 4726 3710 9573 5573 2920 2199 6063 7814 8479 7275 6105 7404 6705 7023 4377 845 4930 1398 9229 0 2133 4455 7676 2816 8703 9524 7707 4319 9986 8705 5773 7664 3051 8323 6258 809 1165 2976 10219 6513 3886 7018 4132 4998 6402 1605 10646 6579 4968 1565 7068 10084 8283 7979 7769 6938 6280 3681 9549 1776 2765 7813 2433 7491 4532 3806 4167 9140 7200 8287 7831 6608 8907 7496 10362 7801 5081 5158 8689 6339 9385 4102 6684 1221 6499 2337 6285 5286 2398 3419 2791 229 5440 5625 8280 7073 5978 8581 6322 8470 4426 4399 1992 4589 8515 3410 7332 10065 3503 6508 5564 6483 7013 5669 4778 5899 4872 1509 6586 8667 3390 5364 2587 4039 6533 4891 2378 10674 5545 5137 6957 2768 4340 7531 3561 8161 8205 4957 6240
8901 2967 1077 5441 5193 4713 5737 5792 3271 1002 2435 8325 7529 3669 6114 3821 5784 7220 3092 8413 5713 6243 4854 4416 5210 9091 5756 7220 6546 7364 4564 6171 1433 2929 7334 3705 5832 6762 5780 2947 9376 5305 6500 3653 7387 1379 1887 3645 1978 4762 3353 4079 2279 4973 4388 5942 1080 5122 1711 2644 3206 5228 4277 4230 4267 4276 1072 3661 6903 6057 6025 5176 2530 3820 4193 7138 1915 5135 3634 1273 2302 3373 2483 7827 5631 8254 5809 4707 5045 3587 2891 7747 1956 5454 6569 4646 3039 5674 6794 1779 3897 6562 5811 2181 8425 3723 5007 4271 4070 6686 8817 4872 6264 6418 4855 4762 3086 1745 4155 1548 7585 2101 0 2733 5468 654 7416 7717 5723 2375 8275 8650 4376 5437 4457 8708 4630 1311 1093 2093 8235 4269 2385 4950 3931 6360 4027 2776 9172 6336 2900 795 7467 8789 6888 7337 7821 6801 5443 1478 7192 497 2617 7810 3520 4997 3032 1769 4541 9645 5056 5899 7246 4412 6981 6452 9212 5668 3951 2928 7561 7411 7224 2260 6026 2748 5312 1190 4271 3080 918 2211 1165 2264 5897 3272 7799 5802 7045 8940 4244 6875 2671 2521 330 2619 8329 4723 7425 8067 1502 7588 3803 4402 5087 3588 3692 6154 4719 3402 6939 7942 3130 3113 4680 2226 7590 5063 491 9119 6659 3534 5032 2354 2824 5112 4687 7965 5788 4856 5862
6574 5185 3535 5002 5075 5920 2848 4938 2653 2257 5007 6083 4250 3295 3891 1315 3706 4482 4547 5953 3602 6681 6605 4926 4351 8556 5362 5895 4200 7131 3348 4961 3463 2161 4674 3936 4257 3585 6574 6078 6529 3508 3434 3704 4566 3821 920 6273 889 6282 1953 3158 616 4369 1814 3588 2108 3219 4407 5061 4630 3980 4286 1600 3580 6037 2016 862 4217 4262 3592 5960 2330 6660 4416 4249 4882 3983 3635 1935 2189 3403 709 6275 6326 7637 6723 6077 7162 1767 1649 4838 4378 3876 3891 2453 2590 3238 6130 4603 1558 4350 6213 725 6148 1230 7495 6077 2581 4985 7355 3394 4840 3809 2566 2533 938 3721 2137 4342 4748 4635 2720 0 3404 2915 5504 5103 5359 3446 5556 6475 1858 3270 5257 7581 1867 3949 3277 4551 5758 3507 1144 3367 3285 6075 2183 5535 6251 4747 3387 2969 6261 5707 4056 4242 7054 5119 3507 1496 4403 3245 2937 5953 4542 4425 1096 1730 4333 8856 4593 3599 5628 2293 4392 4418 6045 2985 1604 3279 4919 6839 4514 3373 3580 5158 2664 3759 4617 1804 2209 4307 1676 4681 4707 2528 5722 2784 6721 8525 1763 4271 3752 3807 2840 3999 6614 5435 5814 5429 1331 6783 1101 3721 4676 1716 1939 5136 3654 6023 6708 5651 3033 1942 6342 599 7742 4844 2409 6119 6384 794 4459 2519 935 4353 4935 6131 3315 3315 3947
5737 8094 6510 7996 3493 9694 3411 7627 6256 5383 7335 4796 3992 6346 5563 2330 5683 2979 8037 5566 5599 10134 9610 3988 2360 11957 9026 8680 2708 10188 6781 7546 4993 2612 4610 3330 7094 3793 10279 8757 5785 191 2534 7391 6715 6706 4297 8786 4091 9523 2014 2052 3694 7835 2221 6503 4257 187 7187 8240 8253 7193 7555 2965 7046 9514 4937 3679 5108 7078 3034 9220 6057 9323 7834 3733 7399 7560 3243 4094 5471 3283 3204 7863 9494 11422 9924 9409 9892 5137 5131 4330 6182 933 2149 1504 2493 4216 9427 6813 4136 6272 9413 3914 6375 2179 9826 9437 1407 6968 10005 1007 7471 5474 1536 983 4262 6808 5209 6659 3763 7383 5562 3645 0 5082 7777 5261 3981 4233 5486 8826 3986 1079 8937 11239 3360 7061 6692 6329 4186 1537 4793 996 6760 10214 1412 8017 6260 7194 3473 6072 8830 6485 4018 5041 10242 7406 5801 4091 3325 5828 6478 8753 8081 2193 4626 3851 7943 11451 2572 1581 7991 1357 3365 6038 6337 2058 4577 3308 6490 10501 4473 4275 5894 8039 4308 6051 3595 2288 5161 5731 4787 7492 7714 2346 7942 2703 10062 11329 1835 2590 4244 4642 5437 4647 9144 8900 8696 4778 4201 9375 2790 2424 3599 1973 5182 8442 6785 8476 10396 7341 6286 2338 9391 3696 10615 8330 5551 5041 9396 3983 2381 6071 4313 2053 8806 7889 2463 6426 6874
9103 3635 1792 6189 4592 5659 5487 6713 3668 1565 2389 8577 7065 4311 6782 3674 6033 7256 3770 8716 6005 7043 5789 3703 4724 9691 6638 7723 6877 8181 5101 6182 784 2405 7334 3287 6337 6253 6630 3380 9076 5211 6286 4275 7329 1917 2108 4265 2163 5604 3121 3423 2233 5597 4094 5982 887 4802 1803 3161 3925 5705 4846 4619 4886 4529 1561 3527 7016 6534 6308 5907 3103 4284 4943 7166 2079 5700 2848 1092 2799 2564 2478 8623 6213 8821 6620 5366 5464 4140 3370 7695 1539 4984 6667 4646 2643 5878 7979 1753 4182 6913 6284 2244 9032 3741 5046 4752 3562 6931 8896 4187 6375 6866 4905 4572 3388 2359 4488 1822 7287 2617 671 3003 4941 0 7960 7940 4907 1803 8421 8819 4509 5421 4885 8827 4927 1841 1645 1704 8190 3806 2923 4465 4615 6879 3756 2843 8744 6949 2469 1422 7535 8669 6824 7422 8862 7368 5955 1441 6919 995 3135 8107 4146 4497 3369 1444 5025 10484 4880 5783 7576 4464 6758 7300 8911 5458 4402 2250 7651 7531 7385 1728 5859 2929 5594 958 3654 2757 1415 1531 1612 2762 6412 2869 8456 5474 7485 9379 4093 6640 1946 1774 1004 2028 8826 5315 7676 8363 1582 7659 3919 3925 4471 3499 4039 6654 5301 3933 7938 8161 3656 2658 5145 2229 8540 5901 1062 8784 6826 3754 4558 2989 3112 4642 5034 8072 5652 5376 6061
4878 8399 7772 3611 10351 6966 3954 3087 4803 6463 9564 5235 4414 4674 1855 6000 1904 5680 6764 3505 2110 6629 8838 10605 9495 4944 4146 1816 5601 5389 3451 2975 8804 7715 3549 9549 2676 3836 7043 10138 5298 7048 5566 5219 1047 7658 6053 9509 5959 7807 7380 8454 6241 4566 5461 1927 7669 7504 8865 8840 6707 2774 5288 4742 4288 8256 6452 4541 3062 2243 4754 6899 5479 10120 5166 4452 9233 3900 9201 7359 5290 8627 6043 744 7121 4788 6032 8462 10268 3857 4848 4429 9657 8497 6115 6287 7584 3488 3569 9728 4162 1185 5722 6052 2975 5668 11146 8960 7657 783 3267 7801 2665 2062 6239 6543 4899 7643 3687 9456 5410 8540 7514 5356 7544 7829 0 3421 10940 9062 3916 1904 3941 6756 6703 4484 4272 8341 7629 9752 5156 7987 5440 8087 4391 6050 6585 10204 3491 1873 9256 7410 2756 2923 3923 2636 4111 1578 2205 7137 5016 8149 5429 1796 6780 9271 4934 7579 4788 5151 9603 6045 1030 6249 5150 1215 3917 5603 3893 8966 1092 5385 4270 8667 2068 9164 3365 8867 10282 7297 6876 9578 6559 8856 3687 7789 661 4974 5129 4282 6033 5898 8881 9420 7425 9390 2117 6734 2757 4689 6250 4048 5261 8960 10085 6383 3906 3369 3371 10316 5289 168 4860 7524 9235 6193 5432 4257 7379 5293 5320 4836 9765 5439 5232 9158 5969 564 5052 3416 2233
1313 9727 8703 6296 8493 9333 2683 5720 6289 7342 10090 1763 1559 6553 2952 4884 3109 2645 9023 525 3254 9289 11060 9076 7878 8648 6836 5404 2829 8737 5200 5966 9008 6471 880 8000 5351 1781 9406 10840 1774 5211 2801 7050 2581 8701 6101 10696 6195 10254 6344 6915 6045 7166 4048 3762 7536 5077 10102 10281 8393 5272 7625 3777 6239 10333 7043 4482 1065 4828 2449 9306 6447 11560 7357 1699 10054 6083 8104 6947 6779 7744 5872 4277 9552 8391 8984 10287 11831 5047 5755 1148 10016 6280 3703 4135 6732 2247 6388 9604 4027 3021 8176 5898 889 5023 12150 10575 5868 3462 6874 6240 5177 2192 4280 5294 5121 9005 4462 9789 1964 9981 7966 5100 5142 8521 3423 0 9555 8039 480 5322 3554 4194 8708 7791 3287 8960 8373 10066 1807 6937 6022 6444 6538 8959 5131 10505 809 4580 8193 7983 6112 993 1525 1284 7416 4714 3800 6507 2266 8156 7095 5124 8913 7274 5032 6854 6764 8514 8016 3925 4395 4970 2331 2978 1008 3493 4123 8133 2357 8800 1173 8437 3405 10638 2834 8723 8665 5875 7173 9192 7000 10142 6412 6695 4199 3011 8324 7973 4890 2916 8260 8906 8336 8680 5449 8534 6016 1396 6493 7497 4540 7633 9050 5585 4790 6327 5603 10667 7897 3764 6751 6609 11310 5920 8832 6694 7334 1658 8457 4650 7824 7011 5289 7337 8508 3986 3043 5386 4515
9789 8663 6529 10619 544 9910 7357 10219 7639 6506 6798 8929 7897 8685 9152 4677 8938 6753 8483 9406 8766 11676 10755 1165 1605 13780 11132 11542 6596 12569 8625 10263 4315 3479 8436 1766 9836 7590 11250 6921 9223 4119 6536 8496 10283 7071 5473 9150 5674 10376 3812 2520 5257 9914 5371 9555 4633 4249 5853 7551 8633 9986 9428 6180 9068 9442 5703 6462 8650 9800 7045 10954 7146 8553 9375 7852 6073 9967 2151 4827 6792 2429 5134 11439 11212 13823 11369 9735 10046 7720 6889 8422 4802 3158 6175 4841 3211 7721 11237 6060 6982 9310 11036 5358 10276 5095 9410 9695 3648 10559 13077 2975 10390 9088 5190 4416 6698 7004 7848 6083 7563 7169 5258 5610 3949 5009 10867 9478 0 3059 9528 12146 6990 5173 9546 13401 6667 6687 6778 4892 8450 2608 6156 3165 8714 11930 4233 6906 9929 10130 2527 6228 11887 10625 8087 8644 12577 10558 8880 4947 7053 5987 7784 11554 9358 1856 6588 4379 9366 13544 1479 5416 10573 4702 7175 9233 9902 5558 6856 2606 10424 11822 8581 3309 8985 6911 7619 4923 1164 3923 5872 4121 5977 7700 10466 3048 11364 6224 11725 13959 4720 6722 2918 3264 5681 3113 12456 10371 11695 8864 5446 11762 5348 1927 636 4374 7283 10818 8853 8075 12281 11293 7756 3575 10251 5556 12179 10418 5628 9065 11117 6085 1648 7551 6662 1904 10252 11327 6501 9355 9272
8881 5334 3593 7849 3025 7186 5585 7457 5287 3344 3732 8323 7262 5505 6980 3566 6970 6597 5546 8839 6671 8814 7724 1877 2930 11022 8151 9256 6171 9306 6578 7765 1291 1696 7607 1520 7742 6726 8404 4421 9144 4122 5941 5979 8219 3697 3177 5835 2953 7571 2373 2121 2962 6848 3961 7039 1824 4164 3213 4869 5576 6851 6753 4503 6339 6291 2904 4402 7671 7305 6240 7385 4676 5684 6390 6769 3521 6943 1229 1796 4400 1056 2836 9217 7875 11149 8665 7356 7070 4918 4488 7721 2150 3727 5724 4068 1641 6076 9164 3056 4917 7432 8082 2955 9501 3500 6827 6554 2676 7952 10153 3096 7962 7433 4478 3501 4152 4277 5657 3246 7501 4335 2472 3257 3926 1744 8963 7998 3005 0 8937 9738 5083 4733 7015 10449 4924 3645 3518 2335 8123 2723 4049 3104 5866 8800 3420 4326 9473 8089 659 3081 9005 8642 6687 7686 9837 8176 7065 2274 6828 2795 4890 9244 5932 2965 4352 1677 6658 11704 3070 5052 8642 3677 6987 7738 9342 4925 4900 667 8490 9620 7267 296 6787 4320 5996 2249 1976 2165 2994 1694 2880 4388 7346 1796 8869 5413 8992 10686 3713 6074 348 430 2690 713 10433 7136 9325 8570 2749 9487 3828 2198 2600 2920 5271 8116 6413 5547 9023 9057 5510 2010 6834 2823 9907 7334 2853 8662 8639 4310 2832 4520 3937 3161 6894 9009 5372 6575 7435
915 10082 9131 6698 8932 9581 2926 6058 6748 7622 10526 1451 1581 6842 3371 5194 3672 2708 8719 357 3894 10106 10758 9487 7943 8819 7767 5646 2835 9174 6102 6563 9147 6642 1145 8672 5885 1943 10080 11690 1265 5412 3068 7294 3189 8686 6603 11770 6737 10502 6246 7248 6416 7202 4609 4218 7981 5379 10047 10298 9200 5468 7435 4128 6592 11158 7765 4932 1561 5146 2590 9485 6898 12065 8017 1907 10332 6800 8209 7423 6975 8385 6011 4479 9560 8951 9643 11119 12108 5488 5832 1087 10028 6223 3420 4462 7384 2683 6859 10086 4416 3310 9118 6231 986 4996 13069 11596 6073 3871 7216 6315 5833 2889 4453 5456 5515 9373 5057 10020 1941 10326 8552 5444 5366 8709 3828 474 9464 8450 0 5873 3911 4279 9567 8513 3809 9006 8558 9784 1626 7028 6257 6548 6461 9567 5701 11041 760 5068 8641 8939 6356 1222 1872 1833 7853 5319 4092 7010 2131 8426 7049 5487 8867 7357 5582 7538 7379 9205 8342 3747 4813 4812 2266 3504 742 3810 4900 8099 2708 8631 1253 8926 3762 10642 3181 9599 8621 6582 7815 10060 7483 10558 6867 7041 4448 3377 8356 8125 4810 3042 8577 8757 8368 9445 5663 9069 6171 1104 6928 8082 4622 7835 9046 5536 4928 6921 6236 11771 8493 3834 7063 6377 10971 6454 9176 7420 7952 1267 8177 5286 8151 6965 5971 7305 8367 4252 3152 6090 4991
6687 8385 7702 3052 11258 6688 5795 2556 4988 7547 10165 6941 6365 4950 3201 7301 3140 7801 7132 5258 3464 5415 7864 11645 11161 3072 3579 811 7149 3870 3694 2528 9947 9004 5476 10320 2487 5685 5943 10032 6991 8724 7196 5394 2916 8243 7041 9319 6641 7133 8404 10011 6832 4266 7153 3015 8580 9113 9894 8775 6788 2945 4772 5894 3908 8087 7247 6039 4645 2427 6649 5881 5619 10025 5020 6461 9520 3669 9994 8484 5893 9543 7090 1249 5939 3062 5482 7886 9446 4872 5664 6546 10538 10315 7942 7477 8750 4996 2188 9690 5125 2751 4797 7027 5040 7157 10869 8409 8723 2167 1355 9492 2402 3675 7352 8719 5991 7502 4517 9513 6782 8907 8440 6783 9225 8381 1897 5316 12698 10111 5546 0 4975 7948 6385 2827 5843 8346 7968 10117 7508 9544 6149 9813 4307 4901 8424 10464 5286 2058 10324 8285 1494 4786 5867 4640 2643 1478 3162 7767 7265 8537 5846 830 6558 10443 5451 8340 4773 3325 11293 8090 1272 7880 7420 2849 5895 7540 5031 9865 3002 4044 6034 9646 3428 10092 4844 9613 11588 8030 7289 10233 7056 8941 3089 9068 1281 6910 3895 2569 7923 7501 10251 10126 7759 10469 119 5630 1512 6976 7004 2913 6874 9900 11403 7686 4768 2746 3726 9918 3820 1773 5081 8673 8388 7317 4182 3798 7931 6772 4029 5928 10672 6238 6107 10692 5397 1352 7304 3578 2613
4896 6067 4994 3996 6366 6260 1341 4125 2833 3719 7031 4493 3234 3215 2150 2060 2003 3523 5298 4122 1894 6657 7573 6625 5901 7586 5111 4687 3202 6538 2641 3969 5113 3612 2852 5384 3342 2234 6629 7581 5141 4007 2758 4141 2992 5181 2659 7362 2476 6625 3337 4561 2430 4193 1821 2164 3883 3939 6325 6383 5555 2866 4372 934 3451 6647 3378 952 2463 3016 2463 6142 2898 7569 4450 2829 6057 3493 4996 3740 2800 4836 2444 4683 6351 7128 6513 6995 8679 1384 2189 3446 6194 4815 3727 2482 4131 1389 5083 6225 560 2741 6100 2306 4280 2077 8558 6977 3522 3293 6133 4339 3772 2126 2505 3222 1538 5040 1294 6230 3714 6020 4274 1848 4077 4617 3886 3750 7111 5287 4208 4980 0 3284 5699 6588 584 5541 5017 6622 4460 4678 2168 4209 3260 6426 2817 7104 4250 3408 5160 4762 4970 4167 2495 2485 6040 3945 2021 3224 3491 4920 3490 4687 5417 5304 1548 3556 4076 7883 5764 3262 3998 2693 3339 2718 4651 2468 743 4742 3271 6219 3239 5079 1866 7117 775 5440 5864 3270 3923 6045 3228 6331 3944 3931 4296 1908 6047 7197 2351 3308 5582 5663 4588 5823 5151 5442 4740 4183 2908 6023 1468 5062 6587 2859 1388 4589 2948 7390 6091 3869 3227 3401 7697 2517 6667 4235 4097 4672 5997 1036 5397 3264 1686 5493 5575 4128 2423 2835 2778
4791 7895 6432 7221 4647 9423 2560 6948 5570 5407 7531 3961 2929 5911 4704 1959 5087 1984 7650 4983 4846 9922 9809 4788 3306 10197 8037 7839 1584 10002 5879 7226 5425 2903 3526 4150 6570 2721 9689 8202 4874 927 1340 6658 5656 6844 4096 8853 4069 9431 2431 2688 3470 7264 1422 5520 4507 972 7409 8227 8110 6224 7209 2355 6686 9406 4904 3025 3733 6281 1971 8562 5362 9370 7525 2642 7717 7044 3873 4427 5066 3943 3123 7254 9587 10435 9525 9215 10269 4303 4449 3325 6436 1931 1166 805 3075 3073 8153 6988 3576 5130 8802 3787 4980 1894 10718 8964 1892 5965 9546 1990 6684 4497 632 1048 3648 6930 4241 6951 2677 7365 5426 3162 1085 5233 6455 4275 4977 4595 4290 8095 3185 0 8583 9910 2537 6933 6366 6465 3574 2560 4438 1841 6241 9172 1446 8575 5318 6789 4334 5929 8226 5450 2970 3977 9092 6855 5242 3923 2377 6164 5997 7387 7965 3293 4095 4022 7017 10464 3374 634 6991 983 2235 5325 5257 883 3743 4116 5396 9565 3156 4775 4923 8130 3169 6102 4486 2496 5156 6488 4747 8039 7568 3018 7158 1528 8947 10001 1422 1588 5074 5039 5717 5454 8001 8096 7896 3607 4050 9230 2162 3167 4475 1997 4539 7658 6202 9126 9117 6598 5906 2842 9510 3601 9817 7195 5495 3940 8561 3179 3236 5883 3833 3335 7870 7236 1398 5697 6180
10447 2100 3190 3337 9675 680 6995 3751 2768 3414 4707 10213 9074 2495 6099 6691 5762 9336 1189 9332 5371 2138 1750 8809 9467 5859 2856 5805 9196 3732 3355 3875 5384 6411 8485 8313 4229 7992 1585 4599 10110 8274 8291 1671 6899 2989 4594 3344 4467 1295 6959 7630 4910 2181 7127 5301 5256 8741 4564 3169 989 4167 1707 6463 2652 1790 4028 5435 7659 4678 7805 873 2786 3903 1497 8199 4240 3043 7803 4940 3087 7611 5634 6803 1290 5270 2004 1365 3433 4155 3608 8773 5838 8728 9057 7865 6816 6824 4132 4993 5035 6425 1935 4488 9024 6421 4530 2287 7886 6072 6088 8016 4366 6771 7456 7964 4504 2675 4333 4386 9448 2867 4358 5330 8559 4994 6871 9214 9475 6717 9706 6381 5537 8321 0 5360 6211 3244 3478 6126 10353 8072 4172 8700 2516 2044 7397 4245 9133 4780 7206 3609 4864 9048 7933 7637 4933 5249 5309 4739 9036 4004 2398 5617 686 9037 4440 5730 1829 6090 9363 8938 5994 7278 8702 6500 9632 7738 5023 6800 7334 3222 8460 6836 5393 4093 6470 4836 8172 6689 3597 6063 4228 3192 3223 7313 6589 7803 2946 5695 7092 9356 6769 6850 3824 6569 6521 408 4563 9589 4743 4109 6165 8157 8804 6731 4222 3472 3488 3996 3508 7036 2343 6406 2097 4841 3912 2469 3940 10662 2771 5147 9385 2668 4267 9734 792 6815 8458 3433 4379
9242 7206 8044 3128 13014 5283 7715 2888 5681 7482 9386 9658 8431 4967 5308 9022 5093 10075 6484 7872 5517 3671 6597 12387 11700 730 2561 2788 10024 1640 4351 3136 9608 10012 7661 11191 3524 8143 4477 10113 9196 10952 9125 5246 5277 7990 7568 8487 7655 6450 9512 10703 8215 3666 8541 4568 8748 10382 9580 8933 5974 3785 4334 7600 4213 7267 7893 7505 7287 3661 8924 4526 6037 9139 4698 8815 9869 3643 11325 8771 6186 11020 8255 4107 4604 317 3552 6177 8804 5766 6062 8496 10129 11255 10401 9521 10628 6912 1681 9334 6754 4960 3357 8107 7392 8734 9758 7718 10114 4674 1406 11201 3081 6023 9675 9765 7089 7518 5544 9706 9345 8085 8727 7468 11239 9477 4602 8181 13726 10873 8093 2693 6700 9937 5473 0 7404 8603 8175 10451 9409 10831 6750 10922 4636 3488 9544 9543 7706 3387 11157 8175 1781 7010 7880 7106 659 3210 5127 8786 9262 8352 6180 2861 5709 11637 6620 8784 4352 922 12119 9667 3615 9888 9823 5091 8729 9276 6580 10451 5743 2255 8825 10631 5055 9507 7150 10113 11719 9664 7610 10776 7808 8526 2976 9931 3897 8949 2382 664 9456 9906 11071 10847 8511 11162 2636 4674 2026 9636 8256 1343 8259 11489 12128 9459 5715 2581 4162 9560 1890 4538 5525 9527 7295 8389 1916 3321 8312 10003 2560 7235 11665 6170 6809 12429 4457 3899 9304 4469 4257
4700 6377 4989 4525 6135 7053 880 4484 3300 4137 6933 4182 2706 3647 2368 1799 2363 3009 5908 4114 2229 7546 7734 6053 5490 8169 5433 4856 2840 7201 3255 4675 5127 3501 2729 4895 4051 1815 7344 7423 4632 3330 2226 4489 3182 5379 2733 7513 2758 7193 3116 4091 2452 4780 1415 2846 4011 3434 6199 7022 5569 3638 4948 444 3911 7037 3784 1153 2362 3709 1820 6898 3321 8342 4989 2397 6250 4210 4905 3832 3428 4673 2273 5088 6838 7549 6755 7627 8854 1953 2497 3060 6374 4191 3099 2062 3767 1304 5826 6490 1020 2958 6280 2541 3966 1646 9096 7436 3059 3375 6515 3870 4091 2226 2005 2557 1751 5323 1847 6223 3125 6343 4659 1937 3379 4683 4320 3286 6916 4937 3957 5627 586 2625 6033 7311 0 5613 5143 6324 3804 4026 2376 3842 3759 7046 2456 7508 4110 4080 4793 4964 5727 3883 2109 2587 6904 4412 2550 3344 3119 4853 3985 4914 5891 5020 1817 3636 4861 8453 5303 2772 4530 2155 2729 2915 4291 1829 1272 4666 3387 7263 2959 5251 2398 7320 792 5727 5907 3133 3861 5999 3412 6262 4541 3570 4807 1397 6675 7579 2013 2888 5201 5505 4626 5767 5899 5865 5100 4004 3254 6391 1160 4866 5757 2556 1942 5012 3322 7608 6931 4563 3919 3095 7638 2496 7515 4849 4356 4482 6455 1321 5401 3769 2145 5305 5849 4570 2017 3267 3340
9705 1569 530 5252 6407 3810 6665 5733 3304 1569 1649 9312 8356 3607 7077 5116 6747 8142 2253 9779 6039 5368 3773 5652 6575 8908 5382 7315 7853 6887 4805 5834 2435 4241 8598 4996 5816 7309 5059 2238 10007 6706 7355 3198 7307 404 2897 2417 3119 3717 4890 5341 3429 4413 5323 6473 2568 6545 1332 1324 2345 5516 4159 5431 4307 2848 1919 4624 8163 5930 7226 4205 2762 2531 3670 8089 1264 5067 4728 2620 2663 4621 3891 8757 4699 7866 5176 3380 3443 4162 3464 8906 2308 7018 8179 6358 4572 6681 7088 1489 4929 7429 5264 3044 9088 5039 3581 2956 5588 7585 8084 6046 6247 7112 6535 5733 3960 661 4539 987 8842 797 1347 3993 7059 1823 8441 8867 6872 3685 9755 8146 5110 6902 3274 8210 5859 0 464 2543 9708 6086 3105 5961 4141 5342 5449 1666 9827 6644 4166 834 7575 8993 7495 7823 7527 6705 5894 2668 8650 859 2669 7759 2614 6195 3753 3057 4157 8708 6300 7369 7264 6049 8276 7289 10358 6918 4776 4137 7767 6673 8299 3456 6079 1578 6197 1580 5786 4663 1591 2713 2163 932 5697 4518 7970 6650 6238 9057 5646 7763 3894 3414 1074 3772 8155 3723 7097 9646 2628 6935 4858 5729 6374 4829 4475 5747 4775 2071 6702 8581 3001 4397 3184 3386 7127 5118 1518 10336 5746 4172 6500 2388 3613 6907 4055 8407 7098 4763 5946
9242 1933 104 5251 6502 3734 6312 5555 2994 1126 1986 9069 7791 3294 6590 4391 6026 7691 2221 9333 5852 5499 3986 5494 5884 8355 5494 7111 7484 7107 4519 5743 2411 4005 7970 4964 5439 7108 5084 2709 9791 6572 7179 2993 7289 318 2551 2874 2636 3849 4539 5048 2870 4257 5070 6107 2122 6066 1612 1719 2267 5133 3761 5038 3980 3130 1444 3845 7280 5619 6637 4237 2468 3097 3693 7389 1576 4624 4348 2313 2290 4329 3426 8255 4501 7857 5319 3405 4122 3940 2947 8573 2444 6446 7552 5769 4033 6063 6754 1752 4407 6558 4980 2650 9032 4563 4116 3177 4851 7167 8193 5766 5503 6743 5877 5657 3485 668 4382 1387 8134 1223 1074 3499 6476 1650 7594 8251 6229 3512 8600 8234 4705 6554 3294 8363 5374 459 0 2593 8565 5641 2826 5616 3493 5400 5277 2093 9605 6421 3997 367 6977 8987 7416 7317 7743 6861 5743 2392 7680 662 2240 7007 2624 6180 3501 2831 3866 8573 6053 7065 7331 5270 7775 6951 9757 6426 4357 4050 7445 6215 8213 3385 5673 2096 5821 1738 5385 3943 1077 2789 1651 1424 5059 4202 7585 6190 6216 8401 5073 7588 3674 3313 762 3530 8197 3617 6892 9297 2218 6590 4665 5442 5834 4663 3846 5642 4437 2550 6217 7643 2749 3877 3707 2826 6619 4576 1106 9791 5410 3965 5946 2198 3119 6359 3941 7993 6847 4423 5590
10377 4090 2789 7395 4804 6257 7158 8245 5241 2993 1814 9873 9190 5789 8472 5400 8052 8474 4735 10291 8140 7893 5759 3659 5174 11243 7585 9259 7836 9681 6871 8368 1310 3705 9427 3703 8227 8096 7090 2356 11089 6279 7647 5437 9075 2924 3796 4137 4056 6056 4425 4466 3847 6670 5834 8219 2477 6391 1355 2933 5012 7185 6300 6241 6447 5249 3304 5206 9211 8268 7887 6434 4643 3703 6265 8929 1716 7139 3555 2818 4608 3333 4001 9895 7141 10764 7536 5917 5422 5591 5198 9798 218 5850 7756 6316 3730 7536 9336 1119 6216 8410 8000 4217 10472 5356 4542 5198 4832 9398 10788 5134 8425 8445 6354 5948 4994 3052 5982 1537 9390 3144 2076 4710 6116 1707 9840 9789 4942 2145 10295 10583 6619 6678 5799 10333 6489 2578 2649 0 9439 4828 4456 5236 5997 7526 5485 2230 10893 8084 2854 2472 9213 10793 8586 9061 10037 8880 7969 3196 9155 2035 4658 9704 5211 5138 5128 2995 6541 11574 5100 7001 9478 5868 8602 8425 10660 7142 6120 2979 9864 9381 8757 1971 7991 2391 7131 949 3953 4090 3155 614 3289 2888 7886 3869 10376 7110 8899 10671 5325 7950 2070 1926 2422 1829 10749 6169 9548 10018 3488 9549 5667 4284 4405 4637 6021 8426 6762 3559 9060 10312 5144 3905 5273 3965 9662 7347 2664 9990 7990 5410 4767 4710 4828 5585 6630 10513 7535 6762 7603
1318 10765 8498 7763 7532 10182 3026 7599 6802 7707 11181 435 1170 7656 4243 4627 4641 1554 9745 2006 4865 10285 12142 8535 6677 10238 8626 6631 1735 10268 6541 7309 8842 6359 1643 7347 6736 2080 11002 11795 1269 4332 2088 8182 4382 8959 6432 12151 6189 11411 5458 6373 6290 8621 3969 4968 7104 4313 10352 10452 9605 6218 8409 4056 7217 10808 7180 4881 2425 6464 2009 9787 6935 12095 8647 1370 9966 7209 7011 7501 6889 7168 5988 5755 10482 10227 10608 11521 13078 5869 6651 986 9515 5291 2209 3914 6056 2977 8319 10408 4633 4678 10159 6383 2593 4616 12356 11945 5277 5118 8584 5114 6642 3802 3683 4365 5472 9413 5439 10221 769 10493 7929 5392 4549 8286 5548 1821 8326 7885 1625 7031 4235 3291 10344 9377 4025 9830 8829 9862 0 5681 6445 5441 7689 9786 4890 11324 2429 6444 7624 8624 8167 2936 1864 2861 9626 6190 5013 7165 1010 8910 7966 6870 9536 6777 6009 6898 8060 10382 6531 2828 5873 4012 1278 4641 2206 2892 5205 7267 4068 9970 1203 8440 4916 10811 3791 9173 8132 5837 7954 9580 7418 10047 7867 6523 5787 2733 10020 9955 4516 1764 8039 8259 8403 8428 7112 9868 7478 580 6859 9239 4321 6684 7683 5032 5728 8220 6825 11664 10064 5486 7237 6238 11399 6322 10156 8197 7596 699 9533 5163 6798 7499 5751 6564 9511 5852 2380 6543 5786
7150 7365 5679 7975 2042 8966 4505 8203 5677 4769 6096 6400 5360 6307 6651 2443 6789 4245 7524 7147 6571 9875 9314 2535 1119 12156 8708 8808 4194 10727 6469 8200 3822 1589 5757 1544 7740 5239 10144 7002 6964 1775 3775 6809 7005 5956 3724 7981 3602 8800 1405 499 3048 8213 2676 6971 3297 1643 5998 7207 7655 7180 7883 3842 7080 8698 4623 3936 6134 7745 4275 9107 5606 8371 7447 4812 5834 7726 1561 3068 5208 1695 2783 8684 9017 11570 9948 9282 9671 5021 5028 5857 4579 1112 3690 2379 1281 5053 9616 5767 4633 6939 9264 3767 7859 2402 9387 8958 890 7726 10851 578 7741 6189 2563 1564 4134 6375 5551 5750 5184 6646 4245 3519 1605 4008 8421 6730 2534 2604 6600 9695 4718 2543 7961 11411 3999 5865 5300 4911 5956 0 4316 638 6642 9353 1590 6853 7768 7556 2035 4916 9456 7743 5066 6107 10222 7989 6528 3350 4659 5049 5905 9139 7621 899 4301 2808 7454 11987 1343 3084 8347 2024 4893 6870 7544 3079 4766 1971 7783 9860 5612 3003 6662 6957 4998 4869 2092 1590 4848 4274 4280 6890 8101 1168 8638 3590 9853 11374 2107 4040 2794 2970 4891 3333 9924 8794 9221 6064 3882 10319 3190 726 1942 1668 5384 8409 7183 7523 10537 8745 6352 1557 9418 3420 10752 8287 4391 6342 9988 3956 1059 5544 4228 1173 8383 8771 3594 6816 7521
7222 4180 2615 3837 6210 4771 3206 4129 1431 1630 4888 6347 5145 2118 3746 2468 3358 5508 3343 6346 3318 5644 5412 5326 5465 7947 4417 5057 4838 6262 2428 3835 3409 3034 4958 4696 3533 4349 5575 5499 7225 4683 4503 2602 4436 2989 895 5170 789 5024 3043 4292 1321 3369 2771 3278 2119 4501 3997 4284 3472 3094 3319 2343 2632 4725 1392 1373 4642 3423 4324 4586 1223 5703 3232 5112 4254 3185 4151 2026 915 4113 1663 5885 5316 7163 5276 5060 6524 1200 596 5460 4366 5352 5208 3379 3558 3730 5311 4098 1576 4129 4942 894 6278 2347 6452 5134 3660 4396 6482 4321 3972 4178 3690 3599 640 3119 1604 3978 5531 3623 2512 1200 4798 2683 5448 5786 6731 4036 6067 5966 2163 4411 3933 6714 2531 3319 2735 4533 6577 4401 0 4475 2275 5027 3333 4780 6293 4004 4121 2426 5190 6018 4357 4842 6540 4579 2961 1629 5145 2766 1647 5138 3622 5347 614 2311 3034 8064 5925 4452 5182 3475 5058 4235 7091 3924 1507 4027 5305 6152 5319 3801 3326 4937 2862 3680 5635 2942 1715 4220 1309 3880 3816 3540 5311 3584 5479 7352 2894 5056 4198 4155 2412 4608 6344 4168 5309 6321 1240 5403 2128 4777 5699 2969 1351 4198 2572 5513 5870 5170 1739 2849 5658 1121 6635 3719 1951 6858 5099 1196 5597 1427 376 5457 3860 5495 4327 2523 3216
6607 7350 5527 8416 2567 8674 4197 7747 5674 5203 6638 5514 4993 6410 6465 2293 6187 3785 7160 6931 5920 9963 9901 2993 1554 11497 8513 8896 3633 10518 6853 8160 4277 1789 5149 2228 7723 4394 10259 7310 6721 1163 3411 7077 7247 6384 4009 8911 3773 9123 1395 1044 3211 7754 2399 6391 3754 1054 6040 7709 7948 7314 8078 3524 7148 9070 4576 3633 5870 7581 3630 9066 5373 8955 7405 4357 6231 7474 2075 3381 5551 2149 2763 8896 9556 10982 9943 9009 9736 5045 4839 5338 5354 701 3029 1882 1739 4671 9146 6138 4366 6495 9650 3664 7312 2150 9461 9268 779 7642 10297 20 7644 6285 2009 1119 4042 6388 5445 6118 4682 6670 4878 3329 971 4492 7837 6063 3099 3062 6409 9372 4169 1866 8720 10542 3707 6211 5777 5533 5198 635 4600 0 6892 9376 1309 6984 6840 7969 2654 5539 9089 7372 4856 5833 10674 8413 6142 3578 4205 5156 5799 8932 7920 1242 4456 3141 7759 11933 1633 2553 8208 1642 4032 6908 7016 2583 4552 2554 6901 10498 5210 3548 5850 7143 4690 4900 2717 1730 4714 4618 4380 7063 7932 1563 8392 3237 10250 10945 1786 3589 3532 3546 5127 3945 9700 8245 8610 5717 3698 10257 2959 1303 2617 1640 4986 8318 6676 7851 9785 7903 6130 1694 9516 3470 10325 8179 4861 5864 9127 3863 1420 5970 4414 1466 8730 8059 3050 6725 6848
7706 3582 3478 1626 8174 3177 4621 1882 1011 3130 5789 7389 6341 395 3691 4518 3051 6610 2490 7005 3068 3273 4226 8087 7840 5170 2034 3752 6629 3735 990 1968 5111 5430 6042 7264 1990 5478 3434 6180 7742 6762 6286 946 4104 3582 3049 5051 3109 3744 5275 6537 3584 1066 4708 2659 4173 6618 5361 4830 2522 1720 1171 4020 396 4042 3162 3139 5091 2134 5533 2840 1392 5795 1106 5857 5291 902 6491 4424 1744 6642 3983 4483 3138 4752 3097 3956 5994 1904 1770 6376 5936 7259 6776 5330 5932 4282 3246 5475 2803 3846 2732 3117 6369 4391 6658 4334 6160 3588 4704 6854 2225 4077 5730 5758 2655 3369 1987 4959 7006 4202 3906 3280 6805 4771 4260 6550 8569 5903 6894 4328 3463 6506 2449 4768 3829 3987 3778 6320 7622 6988 2265 6800 0 3116 5633 5457 6733 2647 6067 3602 3436 6357 5358 5168 4205 3162 2581 3955 6467 3910 1416 3523 2501 7651 2362 4460 836 5440 7967 6588 3882 5583 6721 3711 7413 5608 2563 6377 4652 3386 6596 6206 2971 5152 3694 5009 7790 5028 2995 6160 3032 4502 1648 5745 4177 5445 3204 5209 5140 6406 6370 6208 3656 6607 4426 2409 3193 7342 3331 3437 4280 6966 8090 5101 1980 2043 938 5473 3477 4414 862 5374 4575 3416 4168 1349 3494 7966 2741 2859 7463 1588 2472 7780 1982 4526 6096 1035 2074
9671 4257 5311 2592 11316 2051 7443 3082 3729 5281 7008 10744 9057 3227 5792 7819 5729 9686 3267 8952 5516 508 3180 10074 10979 4089 1743 4490 9514 1861 3719 2876 7639 8397 8891 9782 3674 7789 1017 7100 10775 9680 9245 2628 6304 4943 5754 5327 5705 2874 8311 9415 6532 1916 7981 5042 7020 9614 6345 5173 3017 3730 1953 7047 2722 3602 5675 6387 7929 4037 8239 1347 4038 5863 2075 9246 6754 2607 9459 6828 4445 9153 6944 5629 1143 3136 332 3000 5406 5105 4840 8890 7577 10793 9999 8476 8465 7250 2925 6746 5809 5687 292 6110 9130 7703 6551 4067 8970 5743 4375 9334 3340 6346 8854 9024 5745 4570 4989 6488 9664 4928 6210 6641 9970 6782 6065 8606 11365 8104 8809 5120 6169 9126 2187 3323 6897 5208 5381 7829 9880 9452 5212 9850 3058 0 8759 6219 9126 3984 8939 5283 3435 8585 8637 7645 2998 4513 4793 6418 9547 5907 3615 4684 2706 10908 5248 7364 2133 3838 10740 9428 5005 8487 9218 5797 9678 8539 5691 8738 6989 1265 8862 8274 5232 6034 6752 6878 10016 8023 5527 8109 5631 4987 2529 8656 5645 8179 1096 4124 7856 9623 8900 8276 5880 8941 4856 1641 3352 10332 6063 2361 7288 9858 10989 8094 4818 2444 3361 6004 1401 6045 3567 8484 4014 6245 1716 2017 5729 9829 910 5839 10222 3914 5390 10321 1459 5762 8749 3469 4329
5842 7116 5169 6852 3655 8329 2786 6513 4465 4145 6644 5093 3768 5213 5061 906 4921 3259 6179 5729 4825 9247 8902 4000 2881 10587 7684 7292 2975 9598 5407 6404 4121 1472 4242 2943 6408 3537 8693 7067 5801 1329 2634 6005 5451 5147 2867 7692 2816 8185 991 1652 2126 6569 1145 5186 3053 1297 5901 6722 6450 5545 6505 2148 5989 7886 3697 2363 4478 6082 2943 8154 4377 7657 6270 3789 6178 6116 2642 2754 4373 2485 1674 7412 8328 9556 8699 8555 9010 3577 3641 4600 5106 1980 2733 950 1678 3467 8041 5443 2915 5473 8066 2566 5873 978 9242 8089 760 5871 8785 1316 6494 4631 1135 485 2892 5366 3811 5623 4058 6502 4050 2098 1483 3866 6726 5067 4212 3311 5548 8352 2800 1365 7571 9468 2552 5604 5056 5485 4712 1629 3299 1294 5745 8678 0 6895 5928 6587 2860 4687 7592 6062 3838 4650 9134 6945 4911 2846 3704 4478 5176 7509 6771 2433 3237 2346 6418 10180 2987 2104 6854 504 3595 5473 6268 1750 3385 2748 6131 9442 4299 3513 4904 6768 3299 4868 3634 1107 4014 4823 3437 6151 6675 1602 6767 2214 8252 10144 522 3076 3642 3715 4466 3854 8166 7463 7488 4846 2851 8713 1515 2227 3524 529 3623 7293 5640 7879 8549 6741 5007 1245 8807 2259 9022 7128 3836 5480 8407 2650 2538 4512 3145 2763 6900 7208 2323 5444 5586
11390 2415 2289 7193 6966 4673 8054 7203 5108 3411 518 11274 9817 5172 8379 6516 8507 9916 3317 11606 8276 6437 3986 5885 7030 10566 6975 9037 9615 8281 6458 7619 2978 5342 9553 5534 7547 9128 5826 409 11940 8172 8662 4694 9591 2151 4624 1876 4419 4056 6230 6539 4840 6325 7154 8284 3747 7817 1095 1089 3682 7078 5515 7193 5754 3171 3536 6223 9450 7868 8755 5116 4407 1535 5264 9405 830 6626 5293 4073 4227 5331 5076 10587 5604 9118 6608 4045 2900 6021 4964 10220 2217 8097 9037 7558 5375 8238 8725 1265 6446 9268 6378 4782 10850 6638 2347 3007 6817 9257 10008 6924 7771 8557 7924 7021 5806 2271 6437 1085 10227 1618 2807 5304 7644 2923 9526 10558 7229 4110 10538 9974 7152 8127 4434 9495 7219 1735 2230 2160 11518 6569 5057 7017 5622 6377 6633 0 11480 8372 5105 2482 8437 11344 9257 9280 9288 8355 7372 3961 9941 2325 4246 9416 3671 7275 5730 4565 5567 10093 7272 8677 9187 7282 9495 8645 12232 8267 6551 5083 9570 8041 10388 3960 8000 323 7727 2106 6168 5660 3319 2728 3939 1349 7396 5861 9352 8239 7408 10272 7048 9959 4313 3889 2621 3794 10142 4657 8875 11162 4100 8112 6621 6279 6409 6574 6310 7362 6455 1138 7712 10268 4819 5440 3346 5001 8023 6623 3197 11954 6855 6289 6986 4157 5054 7371 4976 9524 8404 6536 7266
1307 10111 9597 6515 9924 10504 3485 6413 6917 8380 10886 2076 2270 7023 3158 5777 3850 3528 9119 357 3761 9982 11203 10201 8830 8103 7599 5295 3579 8546 5732 5930 9472 7723 1697 8804 5768 2570 9530 12295 1706 5843 3903 7763 2992 9119 7150 11930 6927 10853 7105 7790 6741 7370 5242 4164 8378 5841 10792 10416 9157 5469 7958 4467 6958 10308 7474 5549 1796 5197 3308 9270 6785 11528 7947 2422 10901 6420 9103 7614 7373 8679 6475 4092 9476 8194 9026 11007 12900 5468 6426 1885 10517 7387 4467 5173 7634 2956 6732 10538 4866 3178 8812 6681 409 5900 13083 11707 6746 3541 6700 6907 5700 2717 5001 6081 5736 9731 5143 10144 2587 10717 8942 6222 6397 8681 3627 860 10054 9414 713 5418 4378 5213 9180 7830 4078 10101 8980 10640 2339 7606 6296 6744 7061 9208 6313 11818 0 5233 8958 9125 6479 708 2466 1950 7831 5134 4201 7551 2782 9307 7626 5379 9341 8131 5846 7744 7767 8429 8796 4657 4595 5622 2942 3138 355 4149 5071 8591 2360 9072 1896 9707 3918 11031 3512 9637 9621 6719 8354 10285 7523 10010 6412 7972 4291 3915 8381 8216 5620 3702 9586 9229 9164 9484 5403 9563 6242 1762 7371 7585 5143 8605 9111 6386 5262 6456 6240 11336 8524 3451 7219 7258 11178 6790 9002 7505 8442 1850 8695 5442 8553 7829 6369 8422 8442 3873 3706 5752 4821
6083 6431 6108 1644 9961 5190 4234 1261 3212 5113 7822 6248 5398 2971 2031 5473 1725 6471 5083 4897 1808 4511 6695 9919 8979 4262 2435 1226 5959 3547 1884 1195 7295 7027 4479 8843 733 4588 4950 8918 6236 7000 5750 3600 2005 6046 5085 7557 4864 6097 6806 7583 5330 2591 5266 1237 6573 7103 7603 7065 5401 974 3138 4160 2304 6328 5140 4056 4059 523 5445 4845 3898 8359 3348 5270 7839 1989 7876 6164 3956 8227 5475 2016 5029 3576 4468 6365 7913 2913 3493 5502 8288 8074 6750 5678 7261 3771 1960 8175 3241 1807 3827 5051 4547 5296 8939 7026 6853 1302 2570 7476 722 2467 6194 6883 3826 5807 2500 7364 6068 6403 6389 4725 7176 6959 1837 4757 9901 7844 5227 1910 3567 6636 4793 3574 3910 6621 6358 8283 6343 7906 4220 7481 2638 4146 6033 8091 5259 0 8143 5848 1648 4465 4671 3616 3058 502 1385 5859 6109 6607 3805 1172 5015 8605 3507 6233 3014 4448 9128 6560 1106 5935 5953 1785 5252 5547 3013 8157 2613 3879 5126 7885 1826 7578 3342 7724 9138 6549 5224 8252 5055 6780 1664 7478 1588 5042 3733 3842 5687 6558 8247 8223 6164 8270 1966 4691 1317 5794 5450 2630 4742 8367 9704 6333 2782 1562 1752 8245 3389 1887 3348 6773 6845 4969 4017 2288 5787 6066 3480 4058 8778 3962 3952 9287 4082 1763 5523 1687 755
8617 5704 4168 7846 2454 8010 5574 7965 5091 3730 4621 7697 6500 6095 7108 3226 6661 5981 6192 8643 6834 8792 7576 1467 2273 11587 8187 9564 5940 9752 6232 8106 1875 1426 7173 854 7857 6140 9136 4979 8833 3537 5582 6289 7689 4424 3294 6472 3322 7709 1971 1607 2790 7159 3830 7139 2154 3655 3987 5313 6455 7211 7227 4645 6482 6871 3433 4106 7271 7708 5417 7933 4840 6303 7029 6719 4190 6859 564 2005 4703 367 2800 9156 8622 10484 9240 7326 7897 5194 4432 7607 2779 3152 5486 3660 1195 5993 9120 3738 4697 8064 8782 3333 8726 3361 7534 7027 2329 7947 10286 2471 7822 7004 4141 3233 4067 4637 5498 3967 6764 4992 2910 3399 3402 2407 8900 7957 2555 686 8059 9882 5116 4251 7105 11002 5042 4246 4079 3000 7711 1938 4115 2615 6528 9116 2759 4732 9284 7807 0 3679 9551 9057 6768 7673 10225 8808 6720 2366 6344 3243 5292 8854 6725 2290 4485 1827 6929 12117 2327 4729 9225 3305 6154 7443 8937 4606 5114 199 8475 9278 7014 932 6697 5146 5842 2722 1408 1959 3601 2323 3130 5299 7690 1291 9024 4981 9823 11507 3104 5934 824 1062 3341 1229 9685 7278 9188 7971 3052 9691 3825 1521 1953 2675 5426 7896 6478 6256 9600 9176 5491 1624 7552 3085 10269 7495 3273 8328 8991 4190 2095 4728 4250 2620 7283 9156 5229 6354 7624
9724 2247 364 5209 6170 4012 5645 5453 2675 790 2343 8750 7208 3168 6128 4330 5599 7678 2325 8943 5437 5368 4325 5250 5699 8934 5314 7044 6960 6751 4155 5202 2176 3639 7344 4513 5630 6709 5246 2750 9366 5976 6564 2978 6681 657 2091 3150 2268 3846 3868 4647 2531 4481 4922 5756 1787 6184 1864 2022 2529 5052 3638 4704 3956 3344 1093 3717 7193 5440 6443 4233 2320 3415 3591 7238 1886 4643 4313 1932 1973 4019 2902 8046 4627 7775 5106 3978 4434 3441 2683 8075 2451 5962 7221 5504 3813 5888 6709 1940 3962 6411 5145 2348 9060 4265 4448 3363 4496 6615 7766 5456 5390 6495 5354 5217 3209 958 4020 1533 7634 1634 762 3221 6062 1408 7267 8215 6440 3368 8777 7799 4390 5993 3369 8282 5039 799 343 2482 8763 5236 2566 5527 3467 5519 4762 2520 8800 6112 3711 0 6558 8624 7038 7161 7510 6693 5583 1981 7626 510 2180 7058 2744 5723 2967 2327 3837 8390 5838 6649 6841 4995 7119 6552 9317 5849 4131 3804 7325 6273 7677 3213 5911 2255 5474 1655 4938 3810 807 2598 1305 1683 5121 4011 7851 5696 6204 8300 4457 7292 3377 3072 424 3508 8247 3632 6840 8779 1846 6967 4112 5058 5922 4118 3624 5712 4344 2871 6339 7268 2705 3568 4019 2475 6744 4626 766 9365 5517 3628 5660 1890 2776 6348 3887 7550 6661 4448 5552
7352 6497 6862 1844 11027 4980 6096 1388 4108 6265 8538 7965 6614 3810 3730 7140 3522 7715 5650 6308 3591 3866 6567 11173 10099 2366 1852 1143 7756 2447 2762 1426 8230 8410 6339 10112 1743 6179 4581 8937 7842 9231 7095 4087 3395 7049 5979 7981 6209 5651 8356 9029 6367 2800 6910 2777 7318 9122 8313 7831 5641 2235 3350 5769 2854 6411 6051 5683 5339 1944 7149 4597 4534 8242 3665 7079 8591 2338 9765 7478 5177 9739 6654 2413 4617 2126 3893 5976 8034 4386 4950 6874 8903 9727 8636 7894 8371 5404 589 8393 4684 3304 3149 6070 6069 6646 9299 7020 8145 2816 1244 9599 1403 4183 7425 8276 5329 6908 4102 8082 8001 7064 7661 6022 9036 8017 2832 6004 12168 9467 6617 1602 5088 7900 4854 1909 5404 7352 7254 9442 7785 9395 5418 9371 3317 3312 8005 9102 6576 1728 9164 6686 0 5624 6010 4889 1336 1456 3103 6825 7438 7676 4576 1185 5274 10562 4915 7293 3373 2838 10304 8106 1849 8000 7370 3432 6890 7288 4550 9183 3797 2788 6827 8819 3251 8286 4862 8543 11163 7941 6164 9707 6077 7516 1794 8488 2261 6550 2442 2085 7581 7900 9657 9249 7264 9547 1455 4230 264 7630 6662 1249 6397 9793 10540 7373 4124 1315 2688 8173 2436 2668 4103 8411 7048 6555 2685 2207 6811 7801 2626 5598 10830 4896 5425 10644 3837 2569 7093 2685 2221
1999 9755 8821 6025 9737 9076 3317 5507 6381 7739 11320 2633 2414 6378 2715 5565 3057 3609 8968 893 3150 8728 10947 9454 8857 7672 6752 4505 4005 8318 5140 5536 9257 7300 1801 8782 4891 2450 9704 11031 2306 5891 3884 7043 2207 9298 6319 11506 6641 10514 7048 7390 6654 6760 4993 3719 7732 5866 10412 10268 8680 4949 7227 4156 6236 10462 7807 4953 1566 4447 3185 9259 6545 11299 7293 2784 10428 5849 8610 7655 6424 8550 6028 3439 9611 7600 9111 10489 11551 5250 5836 2121 10116 7102 4423 5240 7785 2687 6225 10082 4557 2685 8298 6533 253 5718 12148 11040 7055 3114 6136 7290 4866 2168 5128 5663 5603 8889 4507 9826 2908 9978 8631 5997 6569 8876 2802 1012 10002 8647 1191 4533 4188 5424 8631 7562 3845 8984 9146 10627 2834 7402 6069 7139 6269 8549 6155 11309 714 4385 8475 8504 5558 0 2291 1560 6954 4231 3592 7268 3314 8738 6804 4669 8877 8144 5424 7431 6732 8246 8711 4658 3861 5569 3160 2513 1025 4236 4451 8398 1861 8159 2020 9303 3372 10611 3188 9244 9879 6564 7700 10552 7586 9633 6161 7767 3536 3826 7936 7244 5700 3844 9614 9190 8810 9344 4672 8899 5628 2336 7326 6701 5123 8096 9189 6473 4784 6139 5493 11098 7483 2884 6573 7009 11341 6298 8298 6384 8110 2428 7574 4969 8421 7267 5542 8494 7917 3183 3757 5203 4276
2347 8160 6986 5902 7475 8933 1236 5823 5392 5903 8743 2080 706 5521 2741 3237 2985 1635 7414 2119 2780 9234 9458 7431 6346 8697 7026 5281 1701 7913 4885 5695 6999 4862 703 6790 5123 200 8835 9580 2705 3647 1450 6077 3105 7697 4783 10136 4649 9523 4577 5337 4637 6178 2775 3411 5768 3845 8480 9300 8112 4872 6559 2269 5688 8901 5671 3384 1060 4706 1005 8746 5596 9868 6794 622 8645 5405 6033 5625 5414 6144 4297 4887 8656 8698 8863 9327 11000 4007 4615 1050 8010 4882 2356 2687 5154 1139 6348 8636 2945 3109 7957 4733 2405 3190 11387 9897 4590 3679 7339 4625 5262 2073 2712 3410 4036 7197 3415 8697 1437 8387 6564 3733 3880 6619 4081 1559 8151 6929 1781 6058 2458 2979 8399 7877 2097 8037 7219 8218 1903 5299 4657 4617 5573 8677 3515 9559 2431 4455 6466 6648 6189 2445 0 1471 7325 4978 3339 5355 1362 6948 5708 5468 7572 5986 3901 5355 6283 9233 6360 2325 4821 3232 1303 3065 2557 2032 3204 6107 2937 8048 824 7211 3006 9369 1834 7557 7484 4707 5918 8269 5804 8869 5870 5234 4664 1514 8037 8459 3331 1808 6880 7106 7038 7714 5960 7701 6185 1702 5081 7125 3129 6154 7086 3992 3865 5961 5009 9872 8422 3988 5818 4979 9613 4604 8487 6566 6318 2229 8055 3329 6053 6009 4329 6219 7371 4461 1573 4888 4231
2727 8402 7126 5005 8387 8396 1927 4670 5097 6468 9508 2957 1940 5079 1479 4194 2036 2972 7226 1685 2006 8329 9184 8288 7110 7676 6039 4233 3058 7219 4210 4437 8002 6091 1144 7472 4009 1396 7803 10133 3090 5100 2975 5702 1574 7551 5297 9417 4977 9007 5640 6603 5019 5821 3792 2497 6292 5007 8574 8778 7644 3698 6137 2898 4850 9244 5874 3574 378 3622 2274 8057 5369 10304 6049 1950 8827 4700 7170 5989 5479 6942 4684 3370 7923 7427 7550 8761 10614 3486 4390 1782 8449 6085 3693 3950 6174 1315 5499 8409 2932 1648 6878 4814 1648 4217 11238 9294 5244 2424 5474 6125 3960 1034 3708 4610 3855 7686 3267 8277 2566 8362 6959 4245 5162 7366 2561 1272 8651 7829 1726 4441 2649 4349 7798 6931 2457 7931 7355 8821 2786 6598 4535 5719 4851 7340 4731 9112 1888 3696 7228 7035 4980 1459 1476 0 6656 3496 2641 5778 2747 7158 5520 3998 7660 7131 3996 5989 5574 7473 7648 3957 3315 4160 2671 1808 2185 3286 3209 6849 1530 7487 1723 7579 1974 9560 1839 7944 8169 5391 6251 9056 5905 8799 5174 6349 3201 2525 6763 6776 4353 3268 7965 7606 6824 8451 4401 7109 4943 2481 5558 6203 3525 7278 8248 4899 3629 5218 4302 9732 6912 2811 5176 5484 9793 5033 7763 5599 6757 2798 6918 3611 7135 5647 4147 7219 6825 3135 2899 4091 3179
9042 6878 7016 2418 12004 5075 7442 2361 4873 6806 9311 9421 7858 4190 5172 8496 4877 9325 5671 7456 4965 3408 6397 11538 11726 1393 2098 2421 8764 1332 3849 2477 9066 8963 7877 11270 2758 7448 4131 9187 8894 10052 8543 4486 5001 7282 7380 7873 7168 5702 9382 10232 7446 3198 8244 4318 8621 9699 8789 7991 5482 3185 3837 7464 3447 6519 7301 6697 7077 3174 8245 4273 5414 8908 3875 7841 8872 3095 10848 8619 5967 10403 7763 3724 4130 762 3448 5852 7996 5603 5767 8417 10000 11341 9246 8674 9422 6862 1043 9460 6227 4743 2976 7150 7319 8379 9454 7020 9306 3982 1437 10481 2598 5645 8765 9559 6163 7051 5408 8454 8783 7396 8192 7047 10696 8733 4206 7644 13220 10405 7787 2425 6190 9555 4714 647 7047 7634 7495 10200 8905 10634 6396 10242 4129 2858 8957 9068 7395 2935 10684 7127 1374 7028 7372 6119 0 2937 4263 8005 8715 7840 5402 2320 5229 11682 6015 8821 3611 1476 11712 9305 3077 8999 8823 4505 7604 8556 5914 10249 5044 1921 7759 9962 4700 8625 6372 8935 11417 8903 7016 9941 7383 7478 2503 9605 3435 7861 1877 1202 8720 8835 10255 10561 7920 10221 2494 4504 1665 8956 7369 755 7538 10481 12151 8475 5328 2091 3503 8508 1495 3882 4611 8713 6899 7267 1680 2764 7234 8837 2080 6302 11870 5596 6428 11935 3906 3838 8469 3789 3407
6075 7123 6653 2096 10059 5702 4300 1536 3682 6061 8976 6336 5515 3411 2164 5847 1943 6167 5460 4931 1989 5176 6886 10101 9696 3710 2754 713 6548 3887 2417 1454 7870 7106 4884 9401 1179 4599 5190 8984 6676 7395 6175 4035 1965 6623 5164 8264 5208 6283 7053 7924 5504 2983 5900 1531 7078 7503 7942 7532 5782 1400 3564 4660 2823 7249 5757 4480 3902 975 5616 5061 4306 9150 3723 5506 7936 2470 9011 6351 4343 8686 5931 1541 5316 3598 4761 6688 8692 3278 4061 5197 8748 8678 6618 6217 7334 3955 1936 8750 3640 1749 4097 5585 4436 6063 9314 7628 7174 1173 2304 7807 1066 2747 6516 6872 4189 6799 3164 7735 6399 7025 6988 4957 7768 7092 1515 4560 10697 8716 5370 1461 3820 6692 5295 3294 4409 6708 6845 9139 6177 8199 4486 8272 3106 4427 6927 8549 4952 501 8443 6638 1567 4291 4928 3707 2835 0 1706 6208 6253 6945 4365 714 5600 9546 4271 6730 3313 4337 9361 6776 598 6588 5907 1771 5209 6120 3577 7908 2380 3779 5451 8408 2070 8678 3575 8260 9416 6811 6196 8887 5560 7107 2024 7284 1188 5420 3602 3348 6168 6417 8531 8689 6645 8640 1525 5041 1228 5757 5899 2789 5090 8893 10351 6515 3412 1920 2125 8254 3606 1541 3890 6866 7666 5570 4188 2673 6391 6037 3512 4379 9654 4677 4372 9048 4360 1370 5588 2266 1269
5012 6328 5560 2681 8271 5558 2732 2329 2654 4723 7650 5413 4233 2701 1054 4259 600 4825 5199 4387 537 5413 7175 8648 7827 5507 3344 2617 4899 5026 1565 2119 6332 5525 3613 7337 1551 3194 5697 7975 5762 5636 4250 3402 1599 5786 3859 7908 3964 6642 5080 6610 4006 3261 3803 302 5411 5614 7135 7101 5156 1267 3604 2787 2406 6802 4545 2757 2754 1135 3996 5322 3110 7720 3764 4132 7312 2323 7083 5290 3398 6643 4204 2656 5676 4938 5278 6447 7945 1844 2612 4259 7692 6831 5176 4383 5996 2368 3186 7153 2043 1314 4712 3627 3920 4011 9386 7309 5498 1338 4098 6047 1880 1507 4356 5184 2693 5430 1418 6659 4792 6580 5350 3506 5942 5843 2261 3766 8975 7050 4195 3069 2056 5245 4940 5007 2468 5760 5408 7427 5228 6656 2963 6485 2592 4932 4755 7982 4419 1381 6520 5259 3090 3765 3251 2582 4269 1745 0 4489 4683 5865 3644 2421 4930 7352 2638 5257 3283 6091 7869 4880 2068 4630 4513 1229 4424 4398 1888 6340 2122 4874 3907 7192 525 7579 2026 6589 8349 5156 4812 7203 4224 6462 2599 5809 2249 3775 4687 5245 4240 5061 6917 7087 5582 7296 3232 4950 2841 5007 4424 4089 3411 7245 8562 4704 1726 2771 1653 7447 4815 2264 3171 5403 7506 3886 5337 3016 5054 5461 4331 2733 7735 3597 2748 7478 4508 2465 4192 1555 875
8046 4222 2286 5397 4655 5553 4189 5857 2787 1491 3912 7029 6024 3380 5401 2325 5008 5725 3865 7373 4941 6875 6181 3879 4058 9627 5783 7070 5466 7675 4154 5351 1887 1684 5747 3265 5537 5103 6339 4576 8230 3999 4613 3844 5963 2522 825 5339 875 5829 2113 2818 866 4699 2917 5223 578 3823 3222 4003 4314 4898 4530 3106 4418 4991 1102 2312 5901 5448 4648 5760 2578 5258 4492 5392 3474 4923 2842 443 2201 2477 1125 7345 6229 8795 6533 5765 6407 2784 2274 6285 2996 4087 5422 3342 2085 4522 6743 3053 2740 5976 5992 963 7290 2359 6488 5659 2809 6073 8250 3488 5796 5321 3528 3109 2028 2862 3227 3080 6011 3537 1388 1495 4239 1399 6586 6877 4823 2311 7060 7762 3176 4007 4997 8745 3207 2742 2275 3012 6983 3476 1607 3453 3871 6566 2814 4183 7912 5812 2362 1992 6670 7438 5503 5986 7556 6382 4531 0 5762 1853 2671 6974 4390 3881 2063 700 4507 9605 4491 4556 6962 3152 5608 5694 7620 4232 2992 2153 6546 7635 6294 2160 4691 3985 3965 2229 3837 1845 1349 2878 889 3555 5661 2108 6974 4217 6898 8669 2620 5598 2546 2397 1681 2657 7991 4946 6946 6851 498 6894 2414 3358 4227 2201 3029 5835 4118 5018 7279 6973 3132 1821 5810 889 8113 5345 1162 7333 6730 2145 3935 2603 1812 4174 5168 7012 4569 4335 4870
2225 9658 8287 7426 6870 9794 2148 7215 6015 6780 9360 1487 791 6389 4044 3739 4134 564 8729 2629 4229 9750 10548 7116 5500 10404 7781 6850 763 9576 6229 6970 7834 5115 1531 6626 6077 1488 10285 10093 2405 3214 1188 7701 4305 8440 5313 10288 5241 10054 4604 5314 5073 7867 2858 4551 6443 3153 9458 9613 8723 5800 8005 3078 6864 10543 6578 4246 2395 5612 1107 9970 6687 10758 7762 740 9399 6959 6038 6277 6146 6088 4864 5971 9928 10025 9519 10447 12033 4676 5395 1138 8893 4390 1340 2736 5267 2448 8332 9356 4065 4234 9211 5199 3009 3542 11706 10161 4379 4906 8380 4108 6796 3437 2491 3480 4928 8028 4635 8898 282 9404 7422 4722 3242 6918 5475 2173 7462 6941 2092 7147 3524 2292 9578 9069 2910 8610 8080 8709 1005 4727 5241 4137 6773 9670 3555 10035 3033 5855 6655 7335 7765 3086 1349 2788 8546 6252 4933 6014 0 7734 6964 6581 8927 5285 4678 6012 7895 10251 5968 1876 5825 3238 185 4397 3030 1825 4203 6045 4034 9789 1113 7283 4342 9509 2930 8199 6776 4880 6682 8431 6135 9050 7135 5102 6141 1791 9732 9414 3455 809 7338 7182 7727 7745 7345 8716 7266 1330 5859 8333 3387 5511 6848 4173 4973 7180 6309 10902 9307 5619 6656 4697 10702 5048 10337 7836 6878 1666 9424 4392 5996 6791 4948 5389 8512 5632 1320 5851 5819
9970 2431 719 5870 5466 4433 6189 5917 3144 1160 2031 9122 7672 3692 6782 4060 6113 7750 2754 9356 5748 6234 4481 4583 5394 9023 5974 7781 6933 7561 4717 6012 1697 3252 7829 4209 5898 6937 5555 2704 9696 6028 6744 3718 6989 1014 2327 3229 2263 4620 3895 4434 2733 5027 4628 5782 1582 6068 1432 2144 2971 5553 4310 4789 4449 3571 1438 3899 7595 5843 6816 5007 2848 3298 4084 7660 1531 4811 3900 1784 2417 3595 3005 8596 5033 8394 6025 4212 4621 4049 3236 8003 1780 6219 6891 5117 3512 6003 7312 1390 4501 7031 5863 2432 9000 4359 4491 3628 4459 7264 8751 5181 6078 6836 5499 4931 3218 1351 4303 1205 8292 1682 503 3348 5741 1039 8044 8594 5911 2747 9170 8789 4679 6087 3904 8462 4801 909 688 2096 8381 4969 2660 5220 4036 6154 4801 2205 8918 6284 3440 501 7080 8910 7061 7633 7666 7285 5686 1998 7381 0 2702 7611 3209 5499 3372 2368 4484 9021 5763 6352 7571 5206 7913 6729 9705 6173 4275 3259 7616 6906 8056 2705 6065 2241 5616 1121 4811 3600 1116 2233 1602 1751 5711 3573 8095 6211 6925 9012 4685 7173 2962 2767 383 2999 8255 4488 7086 9057 1890 7247 4416 4833 5138 4067 4132 5962 4735 2824 7129 8019 3045 3396 4151 2733 7700 5175 817 8944 6104 3736 5271 2560 3241 5934 4294 8225 6330 4919 6040
7942 2560 2131 3023 7335 3022 4846 3253 780 1691 4241 7933 6671 1048 4354 4349 4211 7033 1743 7472 3943 3831 3930 6827 6924 6690 3358 5147 6409 5083 2071 3269 4193 4254 6235 6106 3242 5532 3711 4712 8673 6033 5800 1007 5357 2125 2177 3948 2182 3409 4745 5673 2938 2230 4374 3651 3196 6275 3858 3320 1993 2897 1868 3959 1744 3343 1838 2799 5672 3527 5705 2985 529 4524 1687 6216 3766 2318 5383 3093 734 5216 3140 5649 3305 6131 3781 3308 5053 2062 1350 7130 4569 6868 7089 5375 5001 4896 4298 3924 2908 4663 3403 2435 7080 4312 5507 3551 5393 4850 6159 5925 3649 5004 5454 5516 2217 2110 2542 3430 7033 2870 2729 2725 6159 3408 5617 7165 7425 4761 7401 6062 3500 6018 2401 5964 4088 2507 2161 4529 7482 6021 1613 6315 1418 3641 4963 4089 7734 3955 5097 2133 4748 7180 5843 5733 5254 4649 3441 2779 6651 2589 0 4981 2008 6894 2074 3582 1668 6506 7343 6003 5034 5110 6720 4830 7918 5560 2785 5236 5732 4384 6630 4835 4094 3904 4308 3551 6311 4322 1826 4909 1934 3177 2926 5026 5447 5383 4334 6289 4698 7008 5113 5015 2353 5305 6100 2371 4713 7485 2332 4510 3967 5973 7323 4481 2142 3589 2319 4370 4613 5823 562 4611 4093 2569 5200 2646 2166 8325 3770 2804 6571 247 1948 7274 2224 5530 5845 2378 3486
6460 7160 7455 2457 11103 6300 5192 1930 4354 6638 9416 6732 5792 3975 2806 6285 2641 7086 5857 5246 2721 4766 7572 10487 9791 3300 2836 58 6997 3526 2939 1849 8592 8133 5208 9747 1758 5489 5455 9985 6885 7992 6323 4539 2348 6849 6178 8539 6203 6865 8097 8512 6450 3539 6373 2242 7448 8525 8740 8348 6237 2057 4195 5468 3358 7016 6482 4931 4404 1627 6231 5566 4935 9045 4266 5796 8709 2869 9657 7346 5228 9154 6442 1321 5645 3150 4977 6766 9019 4175 4520 5965 9529 9039 7769 6819 8255 4545 1755 8854 4598 2383 4381 6141 4722 6824 10267 7732 8162 1757 1654 9098 1513 3140 6956 7770 4774 7205 3657 8617 6719 7845 7666 5747 8635 8070 1688 4930 11032 9563 5576 787 4698 7482 5570 2923 4761 7437 7572 9708 6866 9003 5450 9038 3654 4498 7214 9548 5141 1211 9217 7257 1170 4682 5386 3886 2510 745 2564 6680 6383 7783 5084 0 5637 9838 4863 7774 3865 3826 9890 7199 718 6851 6899 2262 5298 6781 4269 9175 2788 3648 6050 8954 2575 9366 4167 8387 10061 7929 6605 9965 6245 8221 2277 8124 1119 6289 3814 2775 7147 7019 9494 9785 7380 9306 855 5096 1003 6682 6192 2541 6209 9801 10691 7377 3954 2097 2892 9468 3627 1581 4503 7463 7494 6152 4024 3015 6977 6557 3784 4869 10040 5074 5218 9922 4937 1314 6401 2894 1947
9991 1516 2465 3389 8447 1170 6478 4009 2459 2924 4140 10154 8851 2379 6303 6053 5388 8698 542 9179 5742 2651 1903 7975 8121 6768 3201 5919 8488 4462 3535 4122 4765 6297 8326 7466 4135 7934 2266 4180 9938 8070 7811 1586 6771 2458 4162 2805 4156 1485 6549 7306 4540 2380 6418 5176 4370 7815 4108 2763 314 3949 1824 5605 2717 1539 3220 4816 7731 4736 8002 1621 2422 3319 1541 8428 3843 3188 6864 4452 2664 6626 5097 7120 1969 5940 2622 1583 3476 3985 3308 8760 4951 8190 8409 7075 6135 6897 4726 4116 4751 6003 2564 4307 9318 6205 4197 1961 6868 5979 6574 8097 4296 6721 6905 7575 4336 2070 4144 3710 9138 2371 3618 4859 8030 4067 6765 8538 9335 5901 8962 6769 5337 8197 710 6058 5854 2798 2609 5261 9866 7825 3622 8145 2436 2656 6530 3842 8941 4960 6402 2906 5247 8609 7780 7355 5072 5627 4864 4323 9001 3349 1900 5909 0 8412 3894 4822 2025 6526 8309 7966 6334 7011 8486 6277 9489 7526 4513 6677 7136 4030 8211 6138 5637 3453 5777 4306 7916 6175 2921 5566 3557 2430 3695 6381 6576 7104 3577 6306 6520 8888 6088 5989 3095 6159 6250 1043 5030 9339 3787 4582 5938 7673 8703 6368 4178 3853 3341 3392 4160 7147 2115 6168 2106 4277 4276 2744 3248 10358 3239 4609 8641 2035 3860 8932 1340 6501 7805 3640 4565
7582 8271 6200 8843 1265 9719 5462 8637 6737 5476 6981 7005 6202 7142 7345 3453 7254 4787 8297 7833 7489 10709 10251 1950 248 13121 9355 10286 4835 11550 7895 8859 3991 2418 6511 1563 8549 6010 10288 7105 7923 2432 4583 7616 8290 6203 4532 9054 4349 9631 2136 1097 4117 8952 3792 7820 3813 2359 6022 7846 8245 8500 8671 4643 7747 8942 5281 5012 6854 8246 5084 10155 6625 8529 8149 5744 6158 8046 1733 3781 6094 1969 3537 9849 9910 11776 10585 9634 10304 6257 5641 6473 5033 1324 4266 3262 2015 5931 10278 5655 5391 7807 10632 4568 8295 3324 9305 8869 1904 8305 10911 1323 9054 7604 3436 2491 5071 6832 6004 6175 5870 6945 4837 4375 2189 4549 9164 7823 1824 2954 7843 10556 5238 3036 8812 11666 5033 6082 5815 4947 6329 904 5373 1271 7826 10058 2448 7193 7958 8947 2134 5498 9951 8057 5836 6862 11367 9516 7474 3879 5791 5569 6687 10284 8489 0 5384 3371 8488 13162 437 3631 9358 2798 5391 8075 8663 4135 5805 2237 8442 10703 6383 3031 7532 7553 5809 5075 1645 2411 5262 4525 5037 7021 8904 1970 9171 4660 10297 12069 3165 4546 2989 3096 5514 3319 10922 9402 9590 7055 4272 11113 4009 698 1425 2707 6082 9350 8004 7830 10521 9519 7044 2291 10032 3953 11608 8639 5313 7320 10612 4850 207 6400 5213 317 8953 9926 4620 7550 8116
6320 4598 3364 3733 6354 5281 2840 3868 1613 2199 5469 6200 4527 2042 3030 2241 2806 4842 3716 5626 2735 5826 5941 5636 5660 7609 4393 5058 4661 6134 2158 3646 3858 3217 4605 4933 3356 3740 5838 6095 6712 4215 4134 2744 4025 3334 1285 5885 1277 5429 3033 4100 1448 3531 2450 2789 2693 4549 4562 4906 4001 2774 3460 1865 2538 5574 2060 899 4109 3111 3750 5138 1542 5946 3289 4447 4768 3044 4486 2480 1363 4404 1697 5483 5386 6456 5360 5566 7169 764 683 4970 4795 5054 4608 3094 3447 2908 4988 4589 998 3618 5227 1201 5693 2177 7507 5490 3632 3890 6011 4289 3723 3278 3222 3608 196 3700 1195 4549 5284 4591 3137 1122 4356 3232 4658 5003 6964 4241 5307 5828 1610 3789 4557 6845 1839 3653 3315 5249 5576 4440 619 4230 2443 5171 3242 5649 6058 3672 4507 3172 5050 5690 3970 3831 5856 4325 2474 2227 4992 3286 2048 5058 4028 5569 0 2607 3191 7892 5636 4451 4550 3277 4864 3644 6439 3567 910 4092 4537 5712 4930 4256 2661 5565 2240 4013 5667 3027 2210 4720 1797 4829 3733 3496 5014 3142 5385 7173 2659 4724 4707 4607 3141 4743 5731 4395 4938 5912 1789 5306 1849 4901 6021 2898 844 3937 2471 5635 5452 4975 2035 2944 6170 1432 6342 3743 2535 5878 5131 735 5397 1868 291 5523 3988 5217 3906 2277 3065
7954 4494 2785 5824 3799 6197 4372 6254 3657 2069 4098 7264 5853 4354 5812 2236 5525 5442 4649 7624 5406 7186 6855 3422 3444 10038 6364 7609 5141 8386 4758 5990 1662 1175 5850 2551 5930 5236 6850 4539 8191 3657 4710 4372 6582 3111 1370 5295 1512 6251 1669 2189 1177 5633 2952 5572 648 3767 3350 4520 4772 5276 5376 3080 4975 5914 1741 2624 5845 5711 4844 6203 3029 5672 5170 5738 3578 5324 2128 482 2694 1806 1219 7824 6573 8854 7208 6479 6547 3511 2827 6681 2901 3694 5248 3144 1439 4848 7513 3238 3431 6207 7018 1434 7661 2125 6390 5720 2223 6681 9170 3030 6384 5459 3270 2844 2400 3261 3619 3266 6138 3932 1778 1846 3725 1439 7284 7176 4420 1587 6979 8410 3502 3828 5786 9542 3483 3246 2842 2976 6834 2719 2343 2951 4594 7098 2395 4203 7580 6432 1813 2419 7835 7886 5599 6106 8537 7077 5107 699 5717 2212 3545 7186 4741 3428 2716 0 5059 10285 3770 4217 7433 2784 5431 6319 8294 3846 3274 1659 7214 8205 5961 1632 5462 4164 4263 2449 2991 1421 1924 2563 1533 3917 6074 1509 7747 4076 7926 9302 2567 5186 1975 1935 1992 2315 8187 6037 7588 7283 1205 7571 2429 2793 3449 1995 3470 6786 4950 5060 7726 7127 3986 1311 6459 1277 8222 5985 1674 7253 7264 2668 3466 3120 2384 3868 5693 7960 4730 4877 5654
8039 3619 3819 1440 9269 2550 5560 2058 1584 3340 5406 8812 6985 1047 4268 5447 3831 7443 2247 7761 3858 2514 3644 8428 8303 4906 1535 3958 7528 3039 1702 1900 5837 6255 6886 7575 2310 6016 2632 5648 8890 7672 6839 712 4951 3620 3785 4764 3957 3313 6218 7422 4315 505 5401 3518 4782 7720 5433 4499 2275 2107 294 5024 784 3409 3642 4150 6154 2616 6659 1979 2065 5531 419 7026 5482 1071 7210 4772 2291 6999 4799 4993 2455 4154 2252 3364 5215 2726 2581 6980 5858 8170 7904 6414 6433 5118 2792 5461 3631 4243 1910 3933 6994 5339 6163 4132 6969 4170 4654 7380 2346 4746 6218 6844 3259 3534 2956 5086 7571 3953 4264 4248 7585 4956 4687 6780 9409 6688 7236 4671 4086 6779 1897 4460 4560 4064 3682 6645 8198 7859 2955 7683 810 2220 6442 5782 7397 2857 6686 3649 3229 7175 6612 5700 3824 3382 3264 4252 7196 4362 1744 3820 1944 8285 3067 5363 0 5221 8681 7453 3936 6040 7764 4259 7814 6488 3471 6690 5316 2963 7140 6730 3666 5166 4536 5219 8329 5872 3550 6411 3510 4300 1496 6448 4620 6140 2551 4794 5714 7375 6509 6518 4239 6780 4398 1618 3096 7932 3889 2856 4837 7566 8691 5891 2766 2005 1616 5179 2907 5006 1311 6192 4092 3999 3468 940 4013 8666 2069 3715 8737 1889 3144 8581 1248 4965 6452 1650 2560
9844 8288 9100 4061 13919 5842 8301 3788 6155 8464 10690 10536 9718 6060 6282 9650 6067 10931 6769 9341 6175 3989 6736 12868 13335 414 3419 3717 10076 2105 5501 4049 10561 11054 9071 12534 4313 8961 4780 10302 10611 11124 10480 5674 6050 8473 8557 9100 8172 6443 10225 11456 8775 4565 9861 5423 10176 11714 10598 8934 6704 4621 5010 8353 5119 7478 8881 7814 7764 4747 10048 5251 7054 9617 5411 9193 9915 4474 11988 10143 7329 12112 9737 4618 5067 777 4078 7001 8994 6949 7082 9995 11646 12384 10988 9923 11534 8259 2671 10444 7716 6131 3883 8453 8025 9268 10088 7854 11035 5218 2203 12119 4129 6879 9898 10561 7903 8710 6399 9857 10540 8799 9492 8558 11514 10247 5351 8670 14093 11900 9336 3380 7410 10778 6067 892 8213 9184 8407 11827 10053 12489 7795 11510 5616 3719 11034 10238 8728 4582 11525 8725 2708 8097 8599 7977 1501 4051 5556 9283 9938 8965 6877 3599 6281 12968 7405 9882 5072 0 13718 11094 4435 10771 9892 5724 8939 10019 7237 11894 6366 2532 9450 11817 5906 10016 8062 10630 12677 10605 8644 11640 8276 8672 4041 11021 4657 9189 2908 898 10535 10443 11929 12033 8990 12015 3446 5322 3047 10124 8825 2043 9399 12319 13202 9944 6530 3452 5227 9734 2392 5053 6092 11055 7515 8723 2232 4133 8973 10142 3062 8057 12409 6702 7759 12648 4963 4831 9700 5035 5191
8471 8274 6646 8987 961 9748 5759 9791 6966 5656 6925 7192 6592 7957 7845 3755 7553 5426 7967 8050 7885 10894 10047 1811 209 13233 10360 9996 5291 12068 7775 9231 4413 2795 6706 1596 9442 6527 11172 7958 7768 2795 5030 8254 8396 6501 4812 8969 5062 9849 2501 1558 4439 8713 4220 8488 4278 2638 6097 7862 8814 8606 8723 5044 8722 9819 5359 5257 6956 8532 5337 10253 7066 8403 8672 6131 6468 9181 1900 4259 6250 2066 4061 10396 10709 13126 10542 9653 10197 6749 6171 6724 5063 1607 4345 3533 2333 6075 11094 5997 5855 8740 10848 4734 8674 3665 10100 9617 2287 8737 11764 1632 9507 7365 3551 2966 5612 7231 6422 6308 5961 7362 5076 4573 2396 4619 9803 8070 1531 2926 8011 11380 5918 3378 9553 11938 5425 6818 6529 5168 7153 1299 5670 1669 7765 10601 2863 7661 8414 9325 2312 5916 10811 9047 6302 7899 12160 9245 7991 4277 5933 5900 6791 9882 8878 418 5509 3575 8477 12719 0 3980 10046 3380 5877 8211 8712 4432 6327 2522 8539 11675 6930 3373 7447 7806 6394 5505 1489 2732 5875 4650 5364 7347 9572 2144 9765 4832 11577 13240 3522 4930 3252 3355 5750 3321 10657 9872 10765 7002 5007 11365 4580 986 1094 3018 6634 9632 8084 8320 11323 9543 7466 2678 9678 4679 12479 9029 5513 7735 11231 5250 312 6597 5429 377 9801 9970 4762 8376 8757
3984 8709 6580 7565 5034 9135 2399 7350 5593 5877 8466 3328 2261 6479 4746 2387 4551 1317 7764 4065 4546 9986 10194 5595 3891 10984 8246 7577 1080 10042 6177 6865 5808 3539 2966 4844 6587 2438 9444 8862 4086 1469 912 7010 5095 7203 4240 10023 4246 9992 2925 3418 4054 7563 1805 5297 4834 1474 7536 8961 7956 6203 7413 2401 6366 9138 5276 3420 3625 6132 1495 8819 5750 10226 7483 2128 8245 6727 4308 4886 5546 4587 3373 7229 9592 9922 9835 9817 10919 4382 4892 2929 7244 2413 613 1218 3567 2861 8695 7255 3585 5209 8847 4311 4924 2370 10612 10152 2469 5878 9442 2431 6624 4119 1104 1564 3975 7479 4435 7731 2171 8364 6301 3717 1669 6055 5977 3908 5500 5133 4044 8225 3185 630 8445 10264 2616 7410 7042 7101 2823 3153 4727 2435 6626 9127 2094 8639 4522 6738 4723 6458 8278 4817 2432 3729 9439 6712 4814 4748 1820 6481 6154 7229 8058 3575 4069 4216 7161 10467 4023 0 6694 1561 1660 5181 4831 794 3955 4553 5023 9826 2795 5754 4711 8527 3243 6901 4943 3024 5937 7042 5004 8253 7216 3553 6691 1332 9837 10085 1836 1075 5511 5933 5930 5757 7848 8365 8123 3056 4712 8593 2399 3757 4889 2541 4659 7411 5913 9532 9281 6465 6522 3440 10065 4097 10473 7406 5742 3409 9113 3580 4101 6392 4093 3800 8413 6972 973 6016 6057
5604 7537 6788 2769 10262 6486 4261 2087 4184 6321 9032 6204 4990 4197 2134 5990 1977 6444 6300 4549 2135 5483 8010 10232 9649 4198 3332 824 6322 4297 2935 2103 8389 7478 4433 9702 1840 4591 5771 9978 5846 7404 6135 4349 1775 6898 5761 8800 5607 7345 7343 8730 6153 3667 5776 1742 7388 7444 8905 8170 6463 2044 4074 4748 3420 7792 6338 4878 3805 1623 5255 5835 4742 8977 4385 5491 8597 2929 9028 7083 5160 9099 6004 887 5801 3893 5585 7521 9045 3844 4462 5001 8941 8527 6581 6143 7720 3989 2487 8586 4231 1684 4884 5915 3939 6145 10660 8082 7798 1031 2359 8143 1736 2539 6488 6987 4638 6968 3313 8343 5894 7532 7668 5492 7672 7855 1084 4256 10959 9143 4640 1225 4183 7088 5892 3550 4617 7474 7128 9553 5953 8243 4830 8248 3556 4958 7229 9487 4616 1054 9238 6886 1830 3760 4437 3371 3134 598 2009 6680 5796 7373 5255 733 6241 9752 4610 7278 3982 4453 10258 6997 0 6670 5850 1704 4767 6152 3731 8713 1956 4394 5158 8962 2137 8637 3598 8831 10186 7133 6506 9209 5962 7773 2586 7711 531 5500 4219 3439 6144 6645 9259 9465 7301 9137 1348 5772 1642 5925 6488 3261 5259 8685 9979 6640 3798 2553 2714 9357 4290 982 4487 7144 8180 5808 4396 3204 7038 6269 4251 4594 9543 5290 4932 9570 5086 758 5690 2683 1640
5292 7079 5372 6642 4027 7753 2509 6883 4707 4221 7016 4437 3300 5133 4392 935 4496 2765 6379 5377 4338 9213 8438 4255 3014 9896 7117 7205 2435 9451 5344 6604 4380 1935 3841 3469 6030 3123 8849 7559 5552 1255 2082 5859 5195 5714 3075 8053 2926 8524 1380 2095 2392 6585 832 4820 3341 1185 5969 6981 6784 5626 6857 1858 5654 7947 4042 2428 4058 5648 2411 8059 4538 8183 6266 3079 6469 5844 3135 3268 4423 3059 2069 7264 8797 9501 8292 8138 9334 3711 3789 3875 5476 1983 2091 443 2099 3092 7591 6200 2903 5057 8283 2886 5387 979 9705 8225 1147 5793 8870 1527 6431 4289 587 456 3010 5694 3708 5989 3344 6527 4333 2271 1293 4273 6075 4755 4604 3908 4950 7533 2583 1034 7655 9375 2179 5799 5260 5696 4097 2010 3300 1662 5730 8530 492 7147 5640 6125 3433 5103 7778 5569 3338 4394 8776 6744 4655 3018 3301 4965 5060 7366 7266 2949 3015 2951 6619 10445 3343 1637 6422 0 2840 5350 5992 1352 2992 3147 5595 8870 3758 3877 4683 7269 3077 5255 4084 1613 4142 5440 3720 6748 6601 2173 6811 1671 8402 9892 422 2555 4181 4088 4909 4410 7721 7663 7589 4351 3106 8809 1347 2792 4209 897 3635 7034 5606 8287 9115 6644 5274 1839 8829 2598 9285 6627 4345 4632 8516 2534 3134 4689 3180 3138 7404 6878 1801 5148 5546
2429 9556 7883 6870 6593 9768 1988 7011 5839 6493 9424 1633 818 6452 4006 3538 4213 453 8235 2631 4324 9639 10448 7199 5878 10155 7703 6914 596 9820 5723 6698 7372 5114 1641 6373 5989 1432 9588 9838 2381 2990 956 7147 4308 7824 5468 10831 5196 10714 4601 4828 4868 7577 2862 4630 6460 3225 9008 9205 8628 5973 7635 2755 6828 9966 6468 4040 2217 5902 913 9639 6265 11082 7777 712 8984 6558 6075 5919 6386 6292 4398 5911 9527 9966 9287 9878 11864 4595 5152 1243 8573 3966 1281 2637 5153 2159 7873 8980 3806 4272 8935 5091 3267 3435 12262 10249 4259 4831 8217 4290 6413 3558 2458 3056 4781 7806 4734 9006 458 8567 7246 4462 3387 6920 5274 2396 6958 6785 2347 7260 3257 2155 9295 9731 2850 7926 7805 8570 1263 4947 5347 4269 6575 9679 3555 10126 2954 5704 6443 7762 7686 3273 1310 2733 9164 6159 4463 5451 178 7299 6920 6813 8978 5293 4527 5422 7723 10456 5677 1663 5982 2962 0 4115 3118 1645 4002 6417 4241 9849 1129 7130 4009 10137 2903 8030 6930 4470 6676 8460 6100 9376 7209 5055 5596 1583 9593 9217 3182 692 7177 6999 6953 7097 7424 8616 6972 1581 5911 8979 3398 5433 7008 3846 4481 7509 6091 10722 8863 5257 6816 4685 10457 5105 9853 7845 6689 1922 8873 4137 5716 6700 4938 5467 8233 5779 1161 6037 5595
4344 7238 6656 3311 8871 6933 2954 3067 3906 6025 8737 4718 3658 3921 603 4611 826 4705 6190 3093 945 6533 8258 9199 7983 5525 4198 2301 4682 5494 2796 2961 7413 6061 2793 8430 2370 3012 6526 9443 4695 6149 4417 4727 371 6973 4822 8456 4833 7296 5980 7110 5010 4077 4551 1034 6273 6328 8351 8597 6581 2239 4792 3305 3546 8139 5644 3602 2160 1821 3677 6081 4547 9152 4911 3555 8422 3325 7780 6298 4557 7553 4900 1837 6423 5288 6195 7510 9977 3106 3913 3688 8225 6996 5043 4746 7000 2178 3666 8707 2824 5 5872 4761 2960 4609 9878 8078 6361 673 3968 6695 2417 828 4900 5750 3830 6996 2642 8441 4221 7371 6703 4614 6215 7055 1157 2830 9708 7917 3291 2755 2664 5282 6362 5236 3130 6997 6714 8801 4530 7033 4400 6825 3789 5963 5566 8590 3072 1926 7865 6733 3394 2587 3112 1696 4895 1877 1252 5589 4443 7089 4719 2416 6233 8160 3616 6156 4494 6201 8120 5034 1695 5306 4439 0 3466 4654 2947 7250 924 5523 3493 7779 957 8444 2172 8158 8886 6181 5941 8199 5591 8121 3277 6663 1663 3742 5628 5410 5102 4543 7885 7936 6743 8156 2896 5953 3084 4112 5460 4446 4242 7984 9175 5315 2814 3605 2751 8812 5554 1294 4242 6245 8346 4768 5623 4100 6121 4530 5453 3714 8095 4652 4028 8529 5875 1661 4253 2705 1842
1082 10627 9801 6929 9655 9924 3633 6347 7199 8687 11674 2037 2372 7505 3564 5891 4228 3463 9421 500 4001 9626 11954 10464 8352 8319 7876 5349 3614 8868 6253 6488 9767 7456 1835 9412 5889 2650 10259 12637 1383 5830 3769 7861 3429 9199 7446 11726 7188 10550 6888 7605 6797 7738 5489 4378 8601 6396 11166 10806 9949 5780 8478 4876 7345 11508 7965 5329 2106 5292 3297 9502 7544 12844 8479 2669 11033 7019 9141 7993 7687 9010 6701 4305 9692 8893 10027 11162 13214 5731 6452 1851 10675 7266 4162 5122 8095 3255 6915 11123 5279 3714 8861 7315 723 5832 13066 12082 7140 3864 7206 7233 5851 3216 5411 6031 6078 9608 5216 10228 2778 10395 9027 6194 6434 9489 3693 1016 9896 9760 793 5483 4572 5033 9315 8692 4673 10083 9720 10681 2288 7375 7001 6974 6937 9814 6388 11326 356 5305 9087 9476 6766 1025 2537 2269 7637 5221 4438 8124 2984 9186 8112 5310 9361 8656 6253 7954 8039 8923 8449 4824 4992 5915 2960 3664 0 4319 5282 8824 2842 8760 2015 9348 4197 11313 3956 9762 9910 7247 8720 10851 8121 10686 6774 7854 4378 4054 9099 8286 5828 3618 9734 9778 8924 10151 5881 9887 6647 1682 7315 7607 5466 8266 9867 6647 5933 6931 6048 11568 8578 3945 7506 7485 11586 7081 9526 7862 8890 1600 8578 5723 8787 7566 6119 8171 9451 4258 3741 5956 5351
4034 7675 6409 6297 5239 8343 1547 6629 5145 5405 7798 3255 2097 5359 3837 1867 3941 1478 7531 3829 3987 8870 9181 5725 4300 9593 7415 6936 1199 8855 5106 6228 5628 3426 2659 4510 5745 1940 9165 8632 3908 1786 706 6601 4741 6542 3705 9370 3943 9454 2672 3318 3374 6953 1248 4415 4510 1837 7313 8032 7808 5218 6577 1774 5893 9121 4899 2620 2926 5170 1090 8830 4977 9168 6928 1813 7797 6369 4676 4566 4745 4285 2848 6121 8713 9827 9167 9284 10640 3804 4289 2692 6735 2795 1212 851 3427 2098 7880 6928 3008 4336 8787 3697 4448 1831 10318 8887 2377 5007 8481 2681 6216 3530 724 1624 3498 6643 3586 7423 2180 7755 5774 2935 1967 5527 5686 3468 5842 5237 3771 7064 2572 903 7809 9082 1930 6534 6622 6740 3001 3145 3897 2640 5454 8882 1906 8430 4320 5931 4497 6162 7163 4329 2079 3202 8648 5753 4146 4205 1775 6289 5601 6986 7305 3881 3455 4005 6534 9730 4271 754 6256 1334 1622 4387 4598 0 3183 4530 4631 9399 2412 5254 3913 8477 2390 6198 5043 3011 5107 6282 4567 7932 6730 3296 6237 648 8854 9007 1522 1256 5308 5637 5905 5629 7209 8253 7400 3137 4356 8238 1816 4077 5098 2110 3635 6658 5576 9038 8948 5501 5709 3154 9229 3328 9184 6840 5335 3469 8040 2782 4218 5172 3649 4048 7788 5858 552 5197 5054
5537 5197 4196 3706 6785 5444 2177 3438 2024 3222 5954 5426 4038 2547 2309 2267 2119 4438 4424 4681 1862 6091 6859 6510 5625 6949 4142 4403 3849 5824 2123 3403 4592 3578 3666 5289 2962 2942 5931 7042 5657 4368 3468 3293 3250 4401 2170 6894 2077 6281 3422 4800 2191 3458 2249 2225 3531 4323 5542 5906 4753 2593 3862 1527 2666 6263 2771 851 3202 2622 3276 5186 2118 7233 3660 3738 5602 3089 5315 3370 2202 5011 2361 4571 5690 6261 5614 6363 7419 691 1360 4210 5808 5263 4464 3067 3856 2146 4773 5405 275 2840 5514 2009 4713 2273 7729 6441 3729 3158 5545 4464 3163 2525 3136 3685 944 4395 632 5555 4367 5304 3796 1536 4266 4236 3835 4471 7370 4864 4841 4881 738 3808 4888 6451 1280 4630 4252 5723 5027 4957 1528 4376 2526 5680 3247 6711 4949 3276 5020 3979 4647 4730 3319 3226 5619 3516 1922 2834 4151 4214 2671 4289 4523 5489 872 3245 3464 7663 5832 4058 4008 3080 4196 2764 5447 3186 0 4665 3780 5986 4027 4962 1932 5973 1458 5207 6224 3216 3049 5611 2666 5386 3667 3948 4066 2666 5345 6717 2648 4130 5137 5304 3816 5782 5014 4976 4408 4949 2467 5072 1767 5124 6731 2886 635 3868 2208 6633 5524 4236 2590 3495 6797 2064 6382 3903 3347 5516 5144 811 5616 2541 1123 5689 4611 4186 3322 2242 2468
8313 5569 4141 7440 2407 7489 5271 7513 4982 3380 4591 7651 6605 5846 6731 2930 7026 5978 6060 8645 6448 8796 7913 1710 2286 11575 8359 8760 5760 10074 6571 8060 1931 1294 7080 948 7692 6357 8952 4994 8250 3662 4988 6017 8159 4384 2935 6395 3015 7569 1714 1431 2740 6994 3563 7018 2000 3294 4033 5463 6082 6823 7137 4089 6322 7239 3329 4091 7039 7307 5387 8146 4561 6192 6536 6205 4039 7193 632 2016 4509 360 2524 9535 8066 10745 8343 7640 7427 4820 4392 6862 2708 2978 5335 3652 1085 5580 8830 3541 4816 7338 8427 2977 8965 3073 7055 6859 2212 8312 10073 2431 8025 7292 3655 2991 3832 4663 5227 4044 6947 5047 2928 3018 3407 2222 9024 7674 2746 666 8458 9414 4958 3936 7063 10440 4544 4141 4005 3056 7516 1977 3900 2414 6071 8873 2737 4902 8953 7488 199 3747 9107 8900 6597 7287 10210 8310 6794 2162 6507 3306 4858 8883 6560 2257 4140 1522 6599 11470 2367 4867 8497 3074 6425 7222 8811 4547 4582 0 7875 9190 6992 980 6968 4959 5698 2828 1558 1721 3386 2349 3038 4904 7926 1116 9218 5047 9271 11137 3118 5824 907 1086 3091 1298 9969 7264 9287 7612 2652 9156 3595 1603 2171 2466 5220 8259 6724 6100 9107 9128 5175 1482 7423 2735 9714 7696 3040 7919 8498 3943 2100 4878 3985 2474 7113 8986 5016 6515 7290
3509 8293 7586 4228 9283 7762 3105 3686 4797 6765 9644 4095 3342 4928 1276 5450 1684 4452 7347 2528 1834 7056 9148 9514 8413 6050 4878 2840 4568 6127 3937 3909 8075 6849 2504 8773 3192 2763 7437 9793 4161 6123 4245 5786 579 7993 5847 9607 5589 8392 6451 7839 5735 4880 4880 2005 7427 6531 9097 9213 7030 3040 5767 3902 4478 9098 6165 4264 1914 2853 3740 7124 5438 10593 5956 3452 9054 4334 8569 6857 5286 8198 5503 1871 7520 6010 7191 8449 10874 4037 4650 3216 9756 7387 5354 5121 7504 2497 4299 9244 3536 941 6564 5358 2083 5366 11238 9390 6724 1272 4131 7126 3232 1197 4944 5835 4499 7496 3592 9363 4038 8225 7439 5343 6892 7560 1161 2295 10561 8201 2797 3048 3347 5708 7472 5848 3574 8512 7885 9974 4048 7916 5006 7427 4719 6981 6046 10216 2383 2616 8119 7643 3709 1801 3008 1521 5055 2472 2268 6322 4008 8102 5473 2815 6963 8274 4571 7048 5131 6638 9036 5300 2017 5318 4336 972 2839 4799 3472 8407 0 6528 3061 8898 1841 9891 2557 8956 8951 6707 6647 9160 6096 8952 4133 6909 1698 3960 6116 5386 5216 4850 8491 8643 7387 9357 3007 6678 3743 3542 6299 5080 4842 7973 9796 6001 3762 4409 3742 9817 5794 1256 5183 7041 9141 5781 6566 4941 7178 4049 6002 4284 8269 5704 4869 8843 6701 1731 4378 3515 2758
9740 5567 6261 2386 11630 3254 7866 2749 4386 6033 8040 10117 9015 3713 6068 8148 5551 10194 4524 8888 5274 1627 4374 11777 11751 2595 1596 3759 9901 543 3743 2876 8437 8650 8091 10217 3330 8057 2223 8142 10523 9940 9443 3469 5661 5942 6813 6183 6881 3975 8662 10261 7029 2452 7979 5075 7716 9987 7707 6678 4194 3668 2773 7470 3356 4628 6315 6533 7453 3896 8480 2610 4800 7114 3066 9174 7895 2964 9964 7630 5445 10025 7775 5004 2507 2006 1582 4298 6535 5502 5443 9539 8398 10485 10201 9159 9700 7297 2126 7799 6449 5501 1274 6901 8450 8055 7413 5331 9328 5258 3292 10313 3141 6471 8666 9796 6092 5977 5262 7322 9765 5973 7115 6748 10275 7861 5678 8629 12515 9562 9102 4334 6772 9479 3378 2130 7419 6833 6136 9259 9903 10666 5658 10710 3427 1245 9041 7471 9198 3725 9756 6439 2740 8056 8659 7279 1809 3755 4808 7549 9940 7180 4609 3970 3802 11377 5708 8094 2988 2519 11057 10125 4251 8699 9682 5454 9283 9204 6121 10017 6096 0 9128 8968 5443 7240 6644 7902 10826 8591 6413 9568 6502 6360 2557 9556 4857 8573 375 2688 8959 9440 9587 9425 7050 10080 4020 2845 2654 9928 6655 1379 7355 10505 11908 9070 5213 2249 3557 7374 346 5252 4137 8478 4985 6738 505 2174 7028 10131 740 6330 11714 4897 5830 10922 2551 5057 8768 3897 4085
1581 9168 7806 6823 7897 9626 2070 6511 6205 6917 10054 1361 382 6003 3181 4005 3420 1663 8709 1542 3471 9215 10115 7856 6848 8944 7356 5920 1684 8907 5713 6045 8154 5578 548 7352 5676 982 9496 10619 1782 3998 1770 7235 3424 8122 5356 10804 5562 9851 5384 6043 5196 7304 3342 3915 6951 4258 8950 9546 8754 5554 7693 3205 6596 9868 6387 4063 1410 5201 1484 9251 6258 10609 7184 643 9007 6351 6699 6543 5913 6595 5074 4736 9152 8673 9595 10386 11621 4548 5323 233 9266 5030 2490 3429 5925 1897 6882 9275 3985 3452 8652 5343 2128 4047 11439 10086 5111 3908 7366 5173 5658 2692 3338 4055 4689 8294 4329 8690 982 9004 7267 4805 4443 7714 4428 1087 8179 7437 1229 5944 3341 3108 8713 8493 2988 8888 7834 9101 1166 5495 5137 5153 6152 9076 4153 10316 1973 5329 7445 7506 6882 2020 835 1783 8352 5398 4011 6417 1133 8137 6732 6040 8817 6554 4808 6370 6905 9721 6845 2735 4842 3844 1141 3522 1931 2460 3967 7007 3181 9356 0 7935 3630 9571 2453 8611 7727 5353 6708 8965 6670 8922 6590 5642 4853 2151 8262 8929 3872 1886 8018 7556 7702 8017 6229 8478 6392 959 5818 8054 3904 6661 7786 4418 4440 6576 5589 10430 8963 4632 6340 5547 10616 5476 8909 7343 6923 1346 8138 4007 6529 6708 5084 6716 8718 4717 1940 5280 4833
9498 4890 3378 7666 3039 6859 5943 7932 5015 3050 3693 8496 7700 5825 7473 3761 7048 6665 5509 8776 6771 8947 7408 2087 3036 11922 7870 8982 6468 9867 6546 8096 1021 1928 7838 1770 7325 6536 8285 4206 9648 4669 5866 5747 7939 3555 3100 5649 3199 7026 2663 2427 3053 7136 4298 6890 1666 4592 2945 4522 5615 6992 6926 4784 6366 6526 2943 4217 7392 7834 6129 7222 4586 5392 6255 6767 3124 6804 1451 1795 4061 1349 2993 9484 7920 10361 8530 6635 6530 4998 4578 7592 1829 4009 5919 4274 1944 6180 9410 2598 4758 8241 8438 3140 9075 3539 6485 6394 3082 8379 10436 3351 7864 7266 4580 4028 4286 4080 5610 3149 7313 4185 2367 3569 4213 1694 9416 8700 3238 286 8578 10194 5284 4816 6720 10855 4957 3317 3330 1922 8148 2940 3850 3400 6152 8082 3366 4007 9604 8272 945 3181 9297 9334 6796 7815 9812 8343 6598 2195 7230 2760 4639 9070 5875 3062 4253 1688 6380 11004 3364 5778 8603 3890 7006 8256 9287 5126 5214 944 8348 9538 7904 0 7348 4133 6105 1949 2085 2339 3088 1345 2806 4194 7440 2025 9424 5839 9305 11018 3736 6721 312 219 2596 529 10274 7173 8767 8372 2781 9193 4224 2435 2813 3092 5457 8157 6292 5046 9426 9451 5062 2220 6950 3071 10226 7709 2676 8910 8264 4379 2971 4507 3925 3633 7159 9579 5618 6371 7469
4556 6622 5953 2943 8096 6461 2458 2766 3070 4818 8150 4723 3733 3100 517 4059 112 4568 5752 3587 73 6158 7374 8074 7904 5780 3848 2785 4311 5316 2200 2691 6618 5323 2998 7142 1952 2722 6104 8092 4882 5571 3898 3951 1264 5872 4073 8088 3839 6959 5513 6613 3920 3630 3726 518 5223 5425 7564 7342 5582 1749 3947 2733 2950 7127 4640 2733 2280 1485 3370 5857 3498 8730 4278 3393 7217 2741 6661 5274 3687 6677 4377 2551 5782 5622 5972 7159 8911 2099 2846 3676 7375 6747 4676 4180 6009 2066 3676 7809 2056 882 5064 3922 3423 3831 9679 7508 5328 1249 4287 6218 2279 1022 4367 5136 2965 5746 1599 7202 4418 6529 5581 3638 5810 6334 1960 3317 9237 6725 3872 3324 1991 5034 5583 5039 2423 6243 5744 7844 4888 6417 3333 6270 3075 5629 4650 8116 3626 1788 7033 5871 3544 3118 2900 1936 4891 2003 524 4712 4085 5990 3796 2677 5468 7522 2733 5346 3643 6045 7904 4900 2204 4527 4220 945 4064 4073 1963 6764 1726 5509 3392 7097 0 7933 1695 7070 7907 5005 4857 7599 4674 6699 2930 6009 2224 3523 4943 5261 4164 4453 7391 7571 5880 7805 3356 5281 3212 4513 4309 4526 3230 6725 8298 4642 1956 3295 2246 8491 4968 2132 3576 5435 7549 4236 5515 3690 5189 4715 5032 2687 7333 4063 2981 7355 5093 2347 3716 2014 1376
11142 1924 2086 6632 7005 4404 7711 6927 4967 3015 744 10878 9558 5121 8283 6350 8192 9749 3091 11246 7753 6280 3581 5796 7014 9992 6869 8997 9774 7615 6337 6920 3160 5645 9878 6027 7435 9427 5288 637 11433 8063 8717 4496 9475 1986 4422 1545 4642 3685 6137 6537 4705 5843 6706 8030 3871 7829 1178 814 3133 7299 5158 7162 5697 2980 3540 6019 9245 7592 9220 4793 4499 1312 4809 9240 868 5972 5811 4100 4049 5302 5209 9718 5159 9159 5934 3699 2721 5915 4890 10717 2486 8187 8851 7292 5756 7983 7907 1357 6513 8573 6280 4501 10714 6606 2321 2667 6470 8508 9551 7223 7244 8528 7868 7115 5308 1920 6414 1122 10534 1200 2533 5237 8346 2912 9495 10780 7169 4457 10611 9535 6840 8442 4264 9212 7153 1499 2010 2426 11318 7100 4674 6953 5292 6285 6851 339 11482 8179 5265 2398 8886 10571 9545 9674 9082 8689 7499 4248 9597 2212 3964 9068 3582 7354 5221 4526 5163 9920 7699 8363 8785 6836 9567 8788 11734 7975 6074 4905 9410 7362 10198 4122 8213 0 7555 2238 6104 5470 3072 3123 3751 1051 6805 5726 9791 8400 7170 9710 6967 9787 4207 3967 2399 4118 9766 4505 7951 10962 3919 8376 6333 6861 6629 6270 5938 7004 6126 982 7850 9706 4738 5494 3166 4784 8126 6186 2838 11476 6493 5731 6878 3996 4982 7484 4930 9582 8945 6279 7453
4169 6812 5326 4183 7144 6742 869 4074 3533 4494 7689 3759 2487 3948 1674 2578 1692 2931 6096 3510 1529 7406 8340 6817 5814 7197 4973 4559 2787 7012 3188 4199 6033 4276 2278 5700 3347 1543 6857 8217 4285 4138 2332 4718 2445 5779 3476 7987 3160 7511 3898 4767 3192 4618 2262 2136 4434 3913 6917 6977 6315 3159 4931 1301 4048 7813 4059 1833 1745 3116 2007 6838 3677 8446 4882 2369 7285 3944 5723 4260 3579 5662 3094 3960 7161 7156 6593 7788 8719 2123 2913 2780 6890 5189 3340 2588 4749 700 5132 6830 1375 2214 6637 3070 3518 2540 9313 8108 3888 2787 5720 4717 3594 1540 2749 3274 2251 5851 1734 7039 2962 6838 5484 2552 4226 5664 3420 2891 7725 6055 3364 4938 784 3082 6467 7020 843 6099 5763 6957 3686 4913 3014 4481 3794 6861 3276 7653 3679 3528 5894 5574 5033 3258 1717 1762 6450 3533 1975 4076 2919 5612 4264 4385 6208 5639 2204 4479 4552 8046 6279 3113 3740 3008 2811 2226 4011 2432 1535 5599 2708 6789 2564 5807 1604 7937 0 6068 6864 3935 4449 6724 4083 6652 4130 4445 3736 1715 6725 6936 2835 3051 6329 6150 5314 6468 4900 6365 4846 3638 3797 5887 2060 5785 6547 3201 2030 4717 3211 7816 6313 3704 3903 4072 8211 3201 7257 4556 4819 3959 6353 1906 5974 4250 2484 5991 6003 3717 2311 3251 2866
9673 3245 1712 6507 4931 5483 6638 7161 4207 2128 1673 9807 8311 4573 7168 4409 7247 7537 3762 9226 6932 7226 5350 3873 4957 10259 6696 8806 7447 8106 5627 6675 1006 3265 8105 3622 7167 7496 6358 2341 10225 6185 7222 4564 8552 2006 2946 3773 3082 5273 3753 4253 3080 5640 5074 6645 1763 5685 1086 2661 4006 6447 5230 5156 5405 4550 2257 4432 7796 6897 6908 5947 3753 3630 5095 7927 1299 5857 3491 2094 3512 3037 3597 9371 6409 9995 6562 5253 5067 4627 4081 9064 809 5689 7144 5620 3603 6678 8092 866 4905 7735 7068 3076 9279 4751 4530 4590 4648 8260 10023 5100 6906 7750 5875 5144 4316 2357 5080 1058 8245 2268 1167 3743 5875 943 9228 8731 5375 2226 9336 9371 5586 6197 5122 9511 5644 1610 1646 997 8790 4842 3668 5009 5092 6985 4736 2169 9476 7406 2733 1556 8720 9789 7878 8080 8736 7943 6596 2336 8164 1039 3608 8485 4409 4884 4191 2434 5220 10823 5227 6736 8468 5390 8198 7938 10479 6188 4833 2936 8769 8331 8518 2043 6964 2161 6342 0 4026 3575 2090 1128 2318 2271 6965 3670 8842 6276 7534 9861 4889 7649 2336 1937 1305 2082 9549 5230 8403 9445 2647 8293 4672 4186 4581 4349 5002 7009 5974 3229 8372 8542 4249 3683 4844 3256 8220 6539 1700 9562 7278 4556 5074 3671 3964 5298 5432 8830 6978 5908 6771
8825 7245 5502 8853 1037 9255 6485 9202 6455 4963 5450 8423 7007 7403 8176 3938 8230 6266 7633 9447 8211 10785 9652 391 1508 13266 10199 10041 5988 11044 7866 9160 3275 2588 7809 720 9126 6885 10165 6109 9286 3953 5635 7827 8617 5821 4498 7966 4693 9230 2753 1828 4234 8802 4386 8296 3390 3791 4847 6413 7880 8769 8299 5147 8153 8223 4834 5133 7879 8772 6073 9736 6158 7623 7950 6803 5276 8923 1098 3349 5957 1249 3893 10226 9398 12341 10731 9104 9008 6214 5890 8077 3780 2893 5426 4221 2061 6677 10871 4579 6068 8956 10484 4641 9309 4250 8045 8467 2660 9563 11590 2548 8816 8183 4348 3629 5353 5974 6920 5202 7471 6555 4454 4358 3676 3706 9720 8787 1171 1873 8506 11273 6133 4499 8650 12455 5918 5444 5557 3906 8062 2070 5631 2750 7618 10411 3556 6204 9584 9047 1395 4922 10940 9753 6904 8366 11751 9621 7743 3655 6847 4791 6610 10201 8077 1697 5481 3004 8410 13000 1528 4908 9952 4025 6849 8904 9215 5318 6200 1633 9023 11483 7769 2051 8360 6020 6426 4154 0 2724 5007 3378 4510 6506 9352 2033 10356 5865 11094 12121 3862 6140 1769 2061 4609 2019 11784 8711 10118 8176 4145 10815 4490 1251 591 3311 6524 9867 7891 6926 11070 10550 7152 2644 8582 4066 11328 8756 4660 8658 9957 5280 1466 6557 5488 1827 8779 10565 5989 7662 8489
6547 6166 4031 6435 3470 7481 3565 6639 4359 3279 5175 5900 4853 4984 5233 1219 5062 4308 5735 6403 5179 8021 7699 3079 2693 9955 7156 7454 3890 8891 5126 6777 2726 444 5528 2215 5934 4593 7833 5883 7174 2295 3746 5171 6209 4449 2045 7134 2145 7529 304 1328 1548 6196 1896 5266 2045 2169 4469 5981 5732 5595 6284 2625 5766 6751 2839 2402 5380 6137 3985 7551 3809 7199 6219 4729 4885 5780 1849 1768 3791 1691 1226 7895 8017 9707 8238 7506 7859 3509 3397 5426 3915 2450 3700 2086 745 4175 7603 4403 3130 6075 7765 1982 6883 1323 7862 7077 975 6603 9542 1684 6467 5348 2214 1542 2819 4552 4068 4631 4808 5540 3121 1804 2433 2760 7280 5967 3714 2301 6099 8279 3396 2445 6668 9844 3002 4633 4147 4135 5955 1626 2789 1702 4952 8149 1121 5688 7025 6718 1909 3643 7999 7084 4570 5626 8728 6959 5319 1899 4659 3544 4193 7721 6169 2474 2973 1339 6120 10516 2825 3140 7488 1542 4599 5875 7175 2885 3226 1626 6277 8906 5261 2427 4955 5631 3785 3630 2853 0 3108 3553 2743 5540 6383 737 7512 3109 8133 9781 1356 4033 2624 2561 3381 2884 8548 6861 7393 6023 2157 8220 1758 1886 3254 691 3801 6936 5162 6382 8928 7616 4606 216 7395 1722 8771 6289 2892 6222 8057 2536 2472 4131 2721 2614 6985 7608 3294 5028 5654
8622 2847 1129 4916 6038 4234 4957 4891 2175 142 3048 7763 6844 2724 5150 3486 5154 6927 2599 7883 5079 5744 4729 5195 5211 8057 5286 6640 6234 6828 3590 4889 2210 2935 6594 4212 4659 5881 5264 3521 8668 5238 5769 2787 6075 1308 1343 3858 1396 4351 3356 4122 1808 4023 4143 5002 1449 5371 2540 2837 2736 4603 3664 3965 3468 4049 346 2905 6628 4988 5644 4583 1659 4058 3284 6641 2651 4173 4027 1547 1401 3721 2396 6929 4820 8097 5272 4303 5100 2909 1966 7327 2687 5645 6207 4469 3432 5023 6037 2499 3130 5844 5187 1568 7865 3385 5170 4029 4275 6299 7831 4983 5090 5833 4525 4347 2228 1630 3384 2167 6857 2377 881 2238 5415 1451 6582 7182 5963 3155 7462 7103 3961 5485 3845 7938 4206 1658 1148 3033 7503 4598 1684 5018 3007 5443 4092 3159 7935 5382 3658 807 6323 7667 5864 6208 7324 5859 4573 1317 6910 1106 1706 6604 2989 5121 2223 1851 3394 8541 5656 5614 6597 4466 6698 6109 8057 5241 3066 3309 6799 6502 7225 2925 4796 3004 4389 2103 4863 3185 0 3039 548 2581 4583 3597 6743 5305 6047 8207 3857 6231 3317 3090 717 3461 7086 3891 6180 8099 1062 6263 3373 4544 5412 3652 2910 5246 3913 3752 6194 7078 2291 3091 4553 1862 7039 4519 426 8506 5618 2662 5265 1643 1975 5620 3725 7137 5722 3660 4945
10609 4158 2984 7790 4305 6457 6833 8288 5261 3131 2311 10266 8292 5998 8060 4579 7647 8148 4823 9933 7283 8028 6236 3087 4445 11550 8135 9729 7460 9639 6869 7753 928 3280 8508 2981 7701 7980 8010 3034 10556 5626 6911 5557 9109 3204 3702 4453 3821 6174 3772 3890 3625 7096 5651 7888 2300 5573 1791 3647 5006 7752 6561 5994 6429 5495 3257 5102 8915 8142 7553 7278 4769 4432 6136 7973 2058 7046 2770 2417 4207 2739 3722 9675 7056 10782 8328 6308 5532 5588 4723 9267 614 5471 7639 5835 3332 7704 8941 1653 5606 8954 7913 3618 10720 4642 5014 5474 4314 8785 10868 4701 7938 8341 5588 4980 4887 3343 6088 2075 8418 3443 2123 4219 6010 1619 9622 9181 4356 1643 9853 10158 6010 5944 5891 11243 5985 2699 2695 595 9623 4320 4464 4750 6418 8082 4853 2798 9874 8104 2301 2645 9219 10248 7973 8483 9904 8834 7750 2875 8110 2232 4604 9163 5330 4394 4812 2550 6547 11411 4572 7105 9278 5052 8030 8809 10499 6515 5883 2376 9611 9567 8787 1392 7443 2881 6990 1144 3376 3745 2889 0 3172 3519 8050 3476 10163 6781 8635 11222 5140 8092 1489 1252 2380 1200 10557 6609 9543 9195 3242 9403 5123 3719 3858 4446 5645 7991 6935 4127 9529 9579 5322 3330 5793 3713 9481 7555 2548 9589 8462 4852 4468 4448 4757 4637 6726 9646 6892 6647 7538
7734 3259 1618 4721 5488 4834 4417 5050 2155 658 3672 7565 5990 2625 4830 2750 4489 5827 2997 7607 4627 6046 5076 4715 5225 8819 5113 6608 5965 6836 3557 4820 2389 2632 6132 3959 4947 5158 5645 4131 8450 4830 5248 2842 6017 1950 800 4283 859 4854 2990 3854 1303 4140 3368 4422 1208 4872 2969 3452 3114 4523 3861 3215 3663 4394 243 2308 6015 4814 5082 4850 1705 4445 3628 5777 3115 4046 3658 1204 1359 3429 1767 6838 5158 8051 5872 4656 5777 2405 1734 6354 2983 4902 5663 4083 3086 4690 6066 2942 2725 5521 5344 1023 7739 2927 5787 4714 3656 5471 7487 4386 5005 5090 4266 4122 1763 2169 2915 2759 6327 2811 1210 1818 4651 1513 6817 6777 6072 2961 7054 6948 3361 4801 3860 7843 3403 2228 1650 3251 7479 4222 1298 4292 3194 5618 3341 3659 7963 4995 3367 1325 6130 7074 5374 5740 7307 5899 4339 918 6326 1471 1991 6234 3462 5033 1778 1518 3656 8482 5075 5457 6012 3892 6104 5379 8093 4766 2783 3211 6182 6322 6087 3012 4473 3630 3944 2354 4782 2621 559 3130 0 3178 4528 2936 6869 4742 6328 8491 3216 5932 3113 3061 1219 3414 7415 4166 6155 7437 511 6488 2740 4108 5189 2938 2758 5281 3765 4132 6139 6591 2311 2752 5017 1257 6778 4625 729 7635 5528 2188 5049 1670 1606 5115 4100 6462 5208 3490 4535
10792 987 1409 5566 7357 3365 7065 6106 3913 2381 1570 10315 9094 4090 7791 5884 7175 9542 2042 10710 6769 5239 3149 6635 7579 8783 5510 8014 8678 6691 5196 6204 3429 5302 9358 6126 6443 7969 4719 1743 11045 7929 8526 3681 8421 1109 3803 1408 3896 2944 5562 6071 4453 4506 6620 6765 3557 7796 1561 384 2242 5948 4193 6523 4821 2074 2728 5433 8889 6463 8122 3790 3502 1563 3832 8501 1358 5307 5603 3567 3180 5499 4700 8652 4389 8237 5266 2818 2530 5167 4143 9983 2961 7574 8747 7281 5304 7917 6939 1942 5654 7984 5058 4257 10409 6118 2526 2190 6435 7658 8712 6920 6417 7878 7512 6931 4455 1067 5232 1401 9474 244 2242 4918 7652 2788 8755 9633 7603 4606 10025 8391 6426 7913 3021 8607 6606 968 1424 3105 10139 6780 3850 7210 4442 5199 6490 1362 10370 6964 5312 1675 7571 10364 8680 8196 7754 7708 6812 3777 8984 1821 3023 7861 2459 7079 4413 4064 4262 9176 7289 8440 8258 6731 8836 8180 10602 7722 5713 5101 8982 6602 9238 4335 7096 1080 6959 2340 6691 5619 2415 3343 3060 0 5845 5789 8919 7882 5874 8601 6267 9195 4478 4523 2120 4456 8482 3496 7105 10577 3474 7119 6129 6834 7293 6036 4959 6178 5290 1234 6312 8781 3655 5564 2553 4458 6993 5359 2527 11170 5700 5166 7347 3051 4463 7740 3955 8419 8304 5434 6365
7247 5095 4926 85 9942 3894 4982 425 2499 4752 7181 7993 6335 2048 3503 5970 3050 7535 3841 6314 3012 3077 4853 8986 9253 3766 918 2201 6930 2556 1536 464 7187 6976 6011 8771 969 5928 3245 7274 8015 7618 6708 2194 3556 5152 4873 6455 4624 4691 6700 7545 4995 1151 5970 2405 6102 7542 6671 5872 3834 1218 1697 4789 1208 4972 4469 4328 5458 1490 6241 3017 3098 6875 1880 6571 6529 738 7777 5654 3556 8131 5667 3427 3176 2984 2772 4717 7068 3077 3101 6787 7843 8384 7790 6559 7388 4837 1457 6995 3802 3339 2245 4847 6206 5910 7470 5614 6959 2829 2847 8083 940 3822 6571 7276 3832 5143 2862 6730 7322 5406 5721 4935 8270 5948 3634 6125 10434 7904 6865 3112 4251 7581 3172 2933 4607 5674 5428 7976 7335 7781 3890 8050 1626 2582 6522 6775 6577 1578 7919 5067 1725 5686 5905 4736 2494 2036 2560 5688 7387 5421 3086 2327 3448 8733 3830 6139 1607 4015 9001 7209 2736 6812 6773 3235 7215 6458 3419 7878 4166 2499 6691 7473 2846 6523 4286 6972 9510 6575 4602 7613 4810 5809 0 7347 3090 6128 2165 3381 6392 7392 7644 7961 5464 7725 2877 3034 1543 7110 4979 1783 5372 8842 9550 6223 2934 426 1206 6634 2125 3491 2556 6424 5664 4783 2786 703 5278 7674 1829 4191 9185 3312 3746 8891 2484 3399 6717 1325 1590
7129 6215 4142 7154 2754 7533 4191 7571 4808 3651 5181 6803 5646 5539 5944 2080 5987 4858 6192 7002 5971 9206 8385 2424 2078 10491 7911 8400 4670 9657 5704 7281 2651 472 5665 1366 7037 4858 8661 6068 7338 2593 4059 6102 6630 4647 2649 6660 2755 7882 699 783 2280 6561 2593 6258 2109 2495 4752 5644 6027 6282 6565 3228 5874 7416 3210 3080 5945 6469 4273 7807 4703 7207 6478 5168 4677 6301 1153 2025 4344 982 1837 8449 8510 10460 9028 7726 8153 4382 3838 5988 3894 2330 4065 2497 81 5070 8928 4353 3752 6640 8225 2661 7543 2074 8008 7260 1129 7351 10181 1560 7036 6038 2643 1895 3545 4810 4608 4707 5555 5575 3138 2428 2430 2773 8029 6548 2977 1676 7025 9353 3911 2809 7164 10076 3609 4452 4160 3800 6174 1212 3457 1530 5635 8919 1595 5794 7742 6976 1200 4069 8448 7858 5268 6095 9475 7791 5902 2235 5271 3896 5041 8576 6627 1915 3478 1493 6434 11301 2189 3492 8209 2073 5262 6706 8132 3393 3994 1077 7158 9659 5614 2021 5690 5887 4414 3544 2078 776 3569 3196 3003 5564 7460 0 7959 3945 9002 10602 2078 4672 2054 2181 3574 2374 9522 6969 8007 6597 2618 8812 2479 1330 2493 1290 4395 7688 5847 6545 9405 8179 5077 560 7557 2221 9927 7214 3311 6721 8787 3187 1861 4677 3489 2238 7498 8629 4108 5717 6354
5469 7771 7636 3106 10504 6834 4470 2657 4975 7025 9744 6122 5225 4674 2155 6127 2138 6136 6609 4294 2353 5821 8335 11008 10108 4180 3838 1180 6191 4685 3290 2708 8675 7689 4286 10007 2362 4676 6666 10341 5593 7786 5948 5004 1557 7327 6184 9375 6256 7440 7309 8276 6077 4407 5875 2110 7363 7434 9247 8773 6601 2423 4920 5032 3901 8368 6794 4959 3667 2033 5577 6461 5213 10266 5205 5354 9324 3469 9607 7223 5308 9211 6392 371 6158 4017 5809 8075 10332 4345 4751 5059 9686 9068 6774 6224 8266 3869 2767 9796 4331 1636 5377 6143 3869 6390 10381 8927 7443 1027 2509 8387 2177 2383 6625 7531 4794 7269 3920 9063 5598 8168 7797 5814 8141 8286 658 4001 11506 8913 4639 1234 4219 7003 6628 3717 4482 7830 7560 9701 5782 8446 5451 8541 4320 5697 7247 10137 4226 1548 9293 7716 2211 3319 4394 3060 3502 1166 2307 6917 5812 8103 5361 1111 6820 9746 4678 7283 4559 4738 9788 6994 537 6842 5824 1606 4472 6113 4357 8719 1834 4983 5008 9474 2412 9501 3924 9119 10122 7531 6791 9510 6420 8567 3067 7915 0 5300 4604 3674 6400 6109 9856 9447 7562 9775 1334 6335 2161 5245 6910 3673 5450 9164 10485 6788 3936 2996 3446 10045 4521 521 4997 7958 9014 6402 4910 3725 7090 5475 4877 4988 10173 5637 4945 9754 5881 206 5780 3316 2245
3663 7941 6207 5898 5735 8639 958 5660 4877 5336 7737 3127 1812 4928 3201 1942 3501 1515 7184 3368 3333 8984 9595 5842 4864 8888 6893 6004 1351 8195 4550 5769 5625 3765 2237 5119 5360 1336 8683 8321 4019 2313 763 5943 3831 6368 3901 8866 3711 9160 2986 3820 3400 6482 1345 3769 4619 2398 7067 7876 7428 4845 6493 1322 5243 8746 4692 2264 2359 4942 694 8077 4600 9182 6136 1498 7486 5845 4809 4229 4491 4984 3151 5611 8752 9056 8187 9065 9827 3250 3840 2215 6857 3504 1550 1329 3715 1548 7346 7469 2347 3614 8292 3666 3937 2017 10686 9025 2912 4364 7490 3346 5592 3012 1273 2189 3220 6611 3308 7081 1989 7589 5445 2881 2518 5599 5064 3041 6256 5568 3371 6685 2047 1533 7526 8473 1385 6956 6289 7326 2701 3667 3608 3189 5330 8391 2114 7876 3712 5151 5058 5915 6813 3659 1502 2527 8356 5314 3597 4088 1794 5777 5355 5932 7160 4429 3348 4123 5851 9158 4769 1326 5376 1738 1638 3718 4117 645 2825 4649 3997 8710 2188 5468 3415 8104 1740 6262 5862 3061 5220 6856 4570 7500 6125 3760 5423 0 8432 9068 1828 1385 5750 6033 5434 5889 6576 7362 6281 3006 3941 7397 1840 4345 5678 2562 3412 6568 5021 9155 8090 5267 5255 3387 9060 3382 8444 6326 5391 3305 7958 2575 4838 5123 3326 4650 7223 5330 558 4882 4456
10077 5315 5976 2154 11934 3017 7024 2478 4218 5679 7733 9477 9006 3391 5414 8052 5188 9438 4066 8966 5024 1493 4268 10740 11457 2896 1273 3535 9469 746 3368 2599 8439 8357 8045 9691 3050 8034 2057 8017 10153 10274 9143 3065 5868 5995 6097 6095 6286 3933 8619 9832 6893 2057 7889 4484 7623 10175 7219 6383 3965 3358 2294 7202 2850 4718 6205 6172 7382 3550 8749 2234 4613 6530 2696 8841 7296 2444 10077 7248 4837 9280 7394 5211 2219 2221 1456 3888 6546 4845 4856 9088 8158 10402 9471 8424 8544 6673 1910 7885 6069 5485 1091 6579 8516 7888 7418 5062 8807 4988 3353 9572 2990 6204 8827 9195 5932 5708 4833 7372 9009 5855 6875 6774 9939 7577 5339 8632 11624 9291 8464 4210 6241 9687 3038 2248 6862 6129 6252 8284 9871 9574 5780 9583 3035 1106 9014 7211 8564 3557 9828 6368 2636 7712 8183 6969 1900 3794 4529 7272 9220 6445 4185 3577 3618 10552 5695 7700 2614 2780 11676 9678 4090 8497 9085 5642 8762 8835 5736 9217 6223 360 8766 9197 4975 7315 6401 8051 10437 8446 6111 8617 6396 6203 2115 9270 4756 7910 0 2986 8153 9817 9440 9377 6383 9543 3986 2556 2717 9173 6396 1362 7536 10369 11610 8422 4959 1920 3413 6823 388 5038 3852 8291 4843 6469 864 1891 6097 10196 394 5876 11172 4504 5758 10790 2347 5117 8452 3437 3641
9003 7765 8384 3628 12885 5964 7580 3463 6197 8005 10136 10011 9141 5316 5882 9002 5601 10206 6768 8441 5608 4456 7124 12301 12916 466 3269 2936 9717 2321 4824 3280 10234 9979 8457 12178 3827 7884 5078 10213 9947 10995 9810 5554 5289 8216 7919 9224 8250 6725 10503 11122 8744 4155 8930 4863 9595 10567 10464 8740 7039 4443 4940 8373 4905 7486 8379 7779 7448 4009 9235 5337 6806 9667 4960 8758 9960 4181 11942 9273 6660 11562 8985 4022 5031 882 4534 7017 8838 6105 6531 8760 10610 12010 10212 9672 10886 7617 2010 10029 6741 5294 3964 8053 7828 8746 10723 7790 10705 4591 1214 11660 3617 6275 10005 9830 7205 8340 6318 9535 9802 8569 8930 8507 10741 10002 4661 7740 13609 11324 8189 2541 7466 10446 5725 661 7882 9075 8229 11006 10039 11821 7226 11311 5124 4140 10157 10382 7606 3576 11538 8678 2090 7374 8556 6986 1210 3482 5300 8745 9294 8896 6678 2738 6658 12487 6910 9926 4717 869 13326 10406 3556 9390 9531 5392 8368 9426 6586 10758 5545 2745 8589 10734 5481 10084 7032 9893 12978 9899 8637 11473 8524 9036 3370 10671 3840 8939 3048 0 9091 10272 11941 11424 8572 11752 2481 5603 2356 8844 8535 1918 8094 12013 12576 10082 6105 3204 4629 9478 2475 4427 5758 9697 7677 8599 2589 3872 8813 9978 3342 7490 12559 6835 6990 12111 4961 3838 9583 4770 4296
5631 6897 5060 6000 4427 8006 2375 6294 4401 3991 6716 4795 3674 4663 4529 482 4358 3070 6085 5282 4070 8102 8466 4447 3342 10058 6971 6669 2731 8374 4952 6405 4063 1829 3922 3195 5549 3197 8289 6901 5317 1745 2246 5255 5115 5274 2552 8152 2624 7807 1311 2273 2025 5949 570 4585 3260 1605 5787 6786 6237 5506 6114 1491 5503 7668 3574 1938 3937 5309 2449 7449 4153 7702 5999 3299 5918 5787 2981 2900 4040 2995 1609 6863 8123 9086 8398 8007 8723 3437 3431 4065 5228 2291 2483 718 2086 2883 7286 5745 2513 5174 7464 2465 5473 544 8855 7752 1314 5649 8414 1787 6212 4398 841 799 2531 5570 3380 5587 3581 6133 4324 1829 1745 3794 5945 4780 4741 3530 4954 7399 2492 1393 7039 9190 1997 5667 5134 5451 4257 2228 2846 1917 5063 8064 536 6774 5814 5804 3359 4581 7494 5313 3214 4117 8290 6250 4614 2788 3494 4731 4516 7143 6301 2941 2841 2624 5761 10417 3527 1840 6585 426 3202 4847 5891 1541 2834 3174 5147 8373 3944 3874 4253 6855 2825 5009 3953 1337 4042 4865 3302 6205 6158 2006 6825 1823 8163 9189 0 2800 3982 4066 4484 4513 7860 7073 7230 4435 2926 8296 963 2866 4109 692 3212 6744 5055 7546 8396 6091 4922 1567 8367 2063 9103 6262 4018 4992 7874 2115 3281 4618 2728 3379 7029 6896 1927 4985 5082
3076 9248 7827 7368 5970 9266 2220 7336 5967 6269 9126 2147 1384 6818 4312 2980 4353 265 8500 3295 4643 10494 10261 6479 5054 10440 7972 7054 136 10049 6240 6981 6929 4361 2258 5773 6472 1818 9707 10141 2962 2390 695 7432 4856 7892 4933 10798 4804 9732 4056 4620 4518 7318 2403 4918 5886 2528 8569 9181 8251 6253 7695 2793 6528 10091 6353 3619 2882 6118 1053 9421 6151 10915 7830 1269 8837 6819 5280 5387 6313 5617 4046 6374 9393 10367 10198 10141 11784 4931 5335 1934 8161 3528 594 2001 4493 2565 7921 8319 3782 4823 9738 4695 3862 3227 11326 10687 3429 5524 8809 3600 6994 3739 1949 2572 4487 8086 4476 8120 1043 9093 6593 4291 2641 6835 5464 3006 6356 6293 2861 7726 3530 1705 9147 10007 2952 8406 7288 8296 1742 4067 5011 3581 6664 9852 3070 9435 3801 6463 6012 7159 7930 3972 1704 3187 9078 6389 4828 5177 795 7247 6644 6852 8307 4906 4437 5267 7808 10877 5100 1049 6379 2415 633 4642 3855 1290 4280 5659 4694 10091 1836 6599 4615 9605 2852 7377 5875 4257 6385 7739 5753 8653 7002 4407 6548 1470 9893 10144 2779 0 6566 6874 6942 6781 7758 8669 7874 2146 5373 9190 3124 4803 6260 3459 4626 7699 6070 9758 9105 6122 6320 4433 10813 4578 10185 7423 6675 2491 9018 3817 5002 6607 4621 4622 8873 6516 853 6342 6013
9445 5272 3829 7807 2920 7138 6324 8495 5126 3632 3583 8572 7170 6237 7326 3609 7085 6520 5682 8752 7367 8856 7562 1687 2834 12172 8394 9507 6698 9614 6532 8405 1367 2089 7624 1514 7790 7032 8835 4594 9762 4415 5927 6246 8801 3962 3434 5703 3444 7228 2704 2244 3035 7407 4566 7716 2129 4381 3147 4652 6112 7256 6826 4901 6533 6654 3152 4650 7576 7655 6102 7446 5075 5794 6532 7212 3545 7326 1273 2186 4365 1251 3197 9930 8073 11237 8398 7346 7179 5402 4935 7725 2075 3907 6205 4642 1969 6538 9179 2930 5232 8363 8242 3566 9467 3695 6731 6762 3114 8387 10817 3231 7849 7466 4559 3842 4579 4320 5785 3275 7734 4353 2703 3821 4505 1961 9609 8413 2953 327 8763 10334 5407 4847 6595 11475 5514 3753 3598 2181 7904 2897 4174 3343 6143 9033 3453 4141 9767 8322 853 3501 9448 8963 7051 7693 10183 9006 7431 2413 7118 2877 5273 9494 6043 3033 4491 1888 7082 11540 3260 5386 9016 4153 6768 8382 9525 5604 5450 950 8980 9548 7609 324 7219 4234 6313 2336 1894 2554 3463 1526 3154 4370 8181 2079 9479 5653 9293 11444 4084 6537 0 244 3108 420 10363 7081 9610 8348 2859 9306 4042 2311 2477 3317 5726 8623 7158 5389 9218 9158 5376 2365 7279 3362 9923 7705 2994 9311 8973 4655 2926 4905 4214 3392 7048 9365 6089 6734 7269
9505 5270 3322 7789 3030 6928 6049 7883 5263 3228 3466 9128 7571 5855 7880 3870 7646 6750 5453 8991 6852 8730 7256 1998 3178 11113 8405 9514 6450 9998 6456 7877 1079 2126 7684 1737 7603 7173 8627 4435 9505 4815 6257 5984 8696 3747 3376 5637 3425 7292 2786 2581 3012 7491 4405 7088 1961 4641 2947 4518 5543 7472 6484 5222 6773 6119 3112 4563 7515 7541 6335 7627 4830 5398 6550 7251 3347 7394 1601 2027 4559 1478 3069 9817 7808 10492 8101 7205 6974 5444 4596 8285 1798 4333 6426 4787 2066 6574 9210 2598 5415 7820 8333 3448 9372 3741 6462 6127 3373 8784 10250 3580 7987 7520 4765 4188 4486 3987 5628 3107 7965 4475 2512 3663 4514 1727 9012 8411 3143 435 8593 10328 5374 5199 6905 10746 5414 3493 3534 1794 8507 3107 3977 3479 6480 8711 3863 4164 9383 8438 1003 3189 9627 9658 7529 7987 10551 8580 7298 2348 7588 2652 5069 9382 6050 3228 4708 1977 6962 11912 3449 5626 9411 4091 6931 8473 9601 5559 5053 1137 8397 9121 7517 218 7175 4065 6233 2014 2027 2610 3037 1238 2971 4414 7645 2225 9808 6000 9388 11651 3927 6844 259 0 2763 310 9961 6803 9524 8490 2873 9792 4378 2602 2695 3383 5683 8298 6824 4957 9385 9811 5353 2332 6919 3198 9965 7890 2806 8961 8989 4747 3161 4897 4103 3713 7083 9917 6312 6414 7406
8927 2633 791 5274 5847 4592 5667 5776 2945 809 2378 8910 7451 3289 6021 3982 6044 7140 2814 8488 5815 5678 4585 4647 5419 9453 5740 7603 6610 7104 4165 5814 1769 3129 7405 4215 5687 6404 5283 2965 9225 5569 6308 3184 6701 1041 1963 3612 1976 4444 3559 4407 2288 4445 4386 5607 1370 5512 1741 2510 3068 5421 4101 4577 4041 3762 1048 3479 7118 5418 6460 4573 2323 3662 3937 7273 1862 4486 3884 1533 2131 3489 2680 8197 4981 8012 5892 4475 4646 3636 2613 7855 2081 5633 6710 5166 3280 5772 6985 1864 3893 6322 5345 2078 8615 3766 4804 4015 4469 6929 8000 4829 5693 6146 5227 4820 3108 1344 4149 1503 7509 1899 351 2820 5439 989 7267 8041 6070 2884 8353 8448 4382 5816 3863 8180 4598 1072 760 2403 8207 4914 2446 5001 3890 5794 4345 2663 9163 6286 3443 445 7076 8145 6914 6807 7861 6908 5335 1535 7082 388 2423 7149 3323 5235 2898 2049 4102 9317 5659 6399 7394 4530 7429 6811 9148 5492 3791 3210 7749 6747 7638 2696 5544 2606 5354 1358 4716 3311 728 2451 1196 2027 5322 3380 7656 5860 6697 9065 4474 6852 2958 2806 0 2978 8264 4338 6967 8264 1507 7104 4030 4548 5400 3987 3786 5575 4454 3152 6834 7518 2984 3340 4203 2266 7192 4984 458 8575 5918 3488 5548 2161 2704 5850 4284 7560 5987 4641 5348
10057 5226 3744 8082 3193 7151 6244 8037 5674 3389 3495 8707 7521 5944 7692 4033 7467 7022 5664 9895 7452 8961 7031 1928 3421 11372 8565 10125 6637 10009 6736 8288 1241 2499 8245 1761 8166 7028 8700 4229 9725 4852 6570 6018 8929 3874 3468 5492 3704 7229 3138 2700 3541 7311 4581 7697 2133 4697 2974 4576 5657 7701 7057 5464 6626 6311 3347 4941 8491 7773 6724 7457 5286 5360 6739 7905 3421 7469 1734 2338 4881 1519 3419 10122 8271 10992 8696 7148 6861 5844 4855 8487 1769 4354 6348 5055 2401 6726 9731 2767 5669 8361 8658 3769 9511 4129 6046 6643 3346 8651 10898 3671 8479 8205 4870 4197 4736 4208 5809 3022 8286 4506 2563 3849 4623 1997 9523 8584 3066 671 9413 10433 5765 5191 7136 10946 5603 3577 3550 1837 8403 3239 4598 3816 6184 8498 3865 3876 9654 8207 1166 3261 9525 9562 7374 8138 10438 9183 7360 2708 7493 3035 5253 9895 6388 3346 4738 2321 6930 11479 3553 5855 9644 4602 7801 8530 9929 5658 5814 1372 9314 9712 8039 503 7685 4022 6275 2031 1969 3053 3259 1229 3329 4260 8205 2402 10145 5919 9109 11675 4189 6843 422 320 2982 0 10279 7378 9575 8545 3094 9650 4771 2847 2563 3545 5837 8342 7067 5289 9800 9276 5676 2605 6865 3417 10106 8121 3051 9293 9331 4979 3159 5032 4509 3476 7287 9895 6484 6977 8061
6898 8332 8014 3194 11822 6638 5503 2727 5247 7113 10005 7246 6698 5010 3442 7163 3282 7286 6862 5810 3528 5266 7730 11563 11123 2897 3379 869 7481 3775 3977 2667 9963 9153 5790 10130 2674 6019 5808 10299 6987 9243 7440 5350 3016 7905 6826 8982 6926 7157 8748 10055 7405 4006 6857 3012 8625 8711 9403 8866 7080 3068 4587 6455 4032 7687 7287 5974 5167 2499 6674 5726 5810 10129 4827 6629 9926 3731 10129 8577 6064 10032 7084 1447 5770 2943 5172 7957 9925 4781 5697 6526 10746 10320 8430 7831 9522 5258 2025 9943 5080 2963 4905 6770 5158 7023 11107 8794 9282 2343 1176 9431 2355 3685 7492 8034 5652 8080 4768 9870 6989 8470 8119 6472 8924 9102 1926 5500 12493 10032 6046 121 5346 8224 6373 2549 5654 8250 8427 10265 7456 9837 6146 9294 4341 4728 8560 9943 5267 2000 9824 8126 1551 4618 6077 4629 2346 1523 3399 7757 7047 8344 5865 861 6451 10370 5586 8368 4590 3355 11544 8303 1357 8327 7116 2957 5515 7032 5351 10314 3192 4119 6095 10425 3582 9713 5044 9682 11157 8176 7606 10306 7243 9084 3005 9053 1373 6595 4035 2489 7818 7394 10282 10079 8329 10380 0 5742 1552 6735 7155 2841 7019 10434 11279 7737 4976 2612 3739 10204 3666 1860 5504 8979 8316 7199 4036 3571 7661 6782 4018 5769 10732 6242 6133 10439 5256 1547 6802 3804 2824
10134 2459 3490 2995 9389 873 7088 3408 2973 3656 5110 10456 9045 2388 5744 6337 5435 9519 1590 9175 5605 1699 2125 8679 8882 5367 2563 5210 9032 3335 3189 3393 5881 7125 7898 7934 3785 7636 1288 5327 10574 8673 8500 1661 6141 3241 4586 3709 4775 1600 7311 8182 5062 1859 6679 5055 5228 8550 4814 3668 1332 3894 1404 6496 2507 2150 3860 5045 7942 4373 7919 610 3040 4315 1267 8776 4639 2706 7680 5174 3321 7828 5966 6218 1044 4821 1491 1712 4015 4117 3651 8876 5992 9553 9297 7703 7204 7073 3893 4965 5266 6007 1636 4947 8919 6361 4928 2668 8074 5649 5502 8620 3781 6424 7586 7504 4748 3092 4574 4588 9351 3449 4601 5171 8873 5354 6342 8387 10191 7007 9330 5808 5447 7995 412 4999 5890 3568 3761 6219 9456 8036 4239 8335 2364 1721 7237 4797 9587 4455 7560 3778 4351 8699 7908 7429 4288 4939 4923 5055 9056 4437 2361 5089 1011 8895 4602 5663 1587 5726 9829 8612 5743 7682 9037 6181 9229 8191 4824 7074 6865 2911 8521 7081 5300 4663 6174 5191 8915 6946 3886 6296 4374 3381 3040 6949 5885 7351 2528 5692 7053 8992 7480 7030 4031 7109 5944 0 4459 9883 4532 3787 6134 8750 9441 7143 4171 3043 3133 4313 3019 6440 2454 7131 2598 5355 3335 2193 4357 10150 2339 5040 9391 2562 4408 9742 443 6112 8266 3217 4375
7415 6358 6924 1582 10771 5234 5464 1213 3994 6110 8917 7858 6548 3648 3267 6526 3050 7323 5206 6225 3152 3975 6697 11101 10068 2730 1798 1000 7680 2435 2753 1226 8510 7835 5921 9511 1529 6059 4300 9302 7384 8570 7216 3781 3168 6806 6026 7807 6164 5902 7763 9187 6485 2567 6943 2526 7578 8638 8699 7634 5369 1973 3101 5725 2807 6502 6211 5338 5340 1764 6720 4236 4385 8178 3547 6355 8626 2197 9153 7060 4754 9549 6839 2339 4634 2231 3986 6342 8027 4116 4565 6993 8976 9526 8052 7309 7986 4907 705 8339 4638 3241 3163 5676 5927 6879 9511 6918 8550 2545 1522 8848 1193 3789 7526 7791 5040 6639 3661 7715 7372 7261 7434 5815 8546 7510 2724 6072 11813 8748 6702 1542 4867 7622 4888 2177 5367 7351 6887 9597 7671 8782 5323 8769 3139 3451 7596 8675 5869 1384 8939 6762 282 5680 5869 5053 1519 1305 2927 6666 7397 7158 4531 1035 5226 10451 4614 7708 3010 3140 10173 8222 1715 7349 7098 3136 6328 6933 4236 8519 3738 2759 6816 9137 3026 8344 4740 8392 10110 7929 6034 8873 6046 7366 1585 8341 2122 6381 2746 2336 7106 7638 9525 8995 6849 9014 1532 4145 0 7061 6353 1432 6153 9158 10379 7622 4078 1239 2483 8026 2480 2524 4005 8049 6898 6268 2919 2174 6801 7586 2661 5328 10615 4822 4784 10606 3950 2397 7050 2439 1950
936 9897 8812 7327 8376 10091 2827 7051 6889 8177 10613 430 1106 7452 3959 5015 4536 1916 9149 1504 4352 10157 11666 8558 6962 9797 8573 6800 2062 10119 6471 7056 8771 6484 1424 7573 6171 1858 10811 11776 963 4482 2433 8011 4050 9136 6271 11836 6743 10712 5967 6514 6139 7647 4262 4915 7757 4550 10437 10335 9851 5948 8596 4088 7366 10788 7285 4823 2023 5957 2162 10521 7145 12180 8680 1477 10751 6879 7412 7335 7230 7383 6104 5449 10151 9506 10497 11505 12230 5747 6460 729 9810 5611 2660 3852 6346 2683 7651 10473 4851 4316 9957 6466 2017 4882 12460 11570 5326 4662 8059 5619 6877 3577 4008 4882 5424 9668 5290 10353 1043 10007 8439 5726 4840 8742 4803 1434 8874 8279 1115 6781 4044 3879 10048 8873 3810 9601 8907 10094 586 5970 6111 5831 7197 9791 4763 11384 1777 5931 7981 8924 7287 2376 1771 2385 8855 6066 5082 7244 1384 9082 7535 6595 9720 6979 5790 6869 8366 9884 7054 3143 5766 4429 1593 4055 1656 3260 4908 7855 3749 9409 975 8521 4330 10426 3486 9280 8102 6077 8049 9861 7063 10539 7403 6534 5741 3001 9626 9132 4410 2189 8434 8620 8835 8641 6849 9854 7513 0 6746 8396 4668 6980 7878 5447 5277 7295 6250 11137 9266 4939 7216 6215 11710 6108 9532 7876 8033 448 9431 5264 7324 7775 5724 6693 9568 5195 2679 6191 5635
7506 3927 2132 4893 5242 5377 3855 4893 2419 1176 3712 7158 5919 3133 5070 2289 4533 5402 3468 7456 4626 6559 5497 4277 4535 8882 5696 6583 5507 7122 3513 4878 2297 2034 6082 3776 4736 5129 6191 4408 7543 4173 4739 3514 5805 2539 434 5084 491 5653 2357 3293 812 4371 2850 4702 975 4326 3282 4021 3807 4494 4062 2848 3757 4763 756 2130 5603 4632 4971 5131 2074 5172 3963 5541 3551 4409 3351 845 1676 3078 1178 6887 5662 7823 5974 5410 5999 2574 1839 6326 3161 4493 5080 3360 2443 4241 6241 3306 2646 5317 5754 608 6944 2352 5973 5346 3011 5649 7621 3726 5093 5182 3791 3391 1560 2545 2753 3108 5990 3400 1470 1321 4360 1721 6282 6639 5518 2752 6876 7477 2907 4231 4545 8400 3209 2614 2163 3413 7140 3836 1275 3918 3251 5929 2872 4009 7246 5107 3039 1810 6356 6767 5094 5319 7551 6004 4147 496 6096 1885 2309 6614 3817 4405 1679 1142 3915 8755 4935 4552 5974 3198 5511 5150 7377 4049 2645 2654 6236 6863 6049 2663 4496 4097 3957 2634 4203 2155 1088 3103 553 3641 4779 2485 6394 3966 6301 8359 2960 5319 3052 2796 1497 3334 7188 4744 6302 6863 0 6717 2377 3898 4721 2541 2646 5250 3956 5008 6488 6379 2610 2215 5427 737 7198 4965 1096 7492 6124 1998 4406 2094 1421 4961 4401 6594 4758 3714 4372
8343 6113 6664 1759 11932 4455 6468 1864 4475 5993 8082 8875 7676 3895 4625 7445 4431 8796 4869 7419 4326 2794 5660 10662 11178 2044 1340 2392 8701 1053 3300 1956 8473 8996 7252 9977 2489 6911 3223 8892 9391 9529 8439 3569 4889 6785 6254 7602 6411 4900 9029 9793 6605 2398 7750 3727 7701 9525 8385 7536 4769 2954 2950 6510 2917 5978 6262 6372 6867 2913 7716 3653 4577 7992 3341 7686 8227 2580 9482 7801 5123 9977 7139 3959 3385 1319 2612 5432 7755 4603 4883 8062 8794 10654 9519 8654 9434 6666 726 8653 5551 4363 2214 6562 7479 7253 8227 6054 8686 3778 1842 9893 2165 5022 8564 9062 5587 6581 4657 8256 8990 7076 7271 6703 9425 7925 4040 7074 11714 9486 7833 2881 5775 8862 4181 1343 6159 6633 6812 9532 8809 9648 5797 10269 3292 2410 8244 7971 7333 2675 9917 6623 1316 6991 7132 6351 700 2661 4108 7064 8320 7383 4712 2496 4438 10442 5290 8014 3036 2154 10851 8743 3081 8734 8771 4682 7919 8624 5218 9559 4950 1419 7966 9711 4493 7683 5658 8154 11240 8051 6186 9110 6268 7013 1785 9396 3697 7848 1346 1832 7986 9107 9328 9454 7030 9858 2638 3820 1416 8731 6590 0 6818 10647 11832 8643 4912 1405 2939 8162 1064 3942 4042 8534 5862 7031 1342 1994 6553 8904 1439 5773 10574 4934 5651 10628 3389 3711 8257 3180 3009
5336 5942 4470 5395 5026 6763 1901 5404 3315 3512 5963 4873 3498 4068 3411 619 3585 3231 5597 5028 3329 7693 7604 5105 4078 8577 6133 5832 3094 7505 3728 5215 3996 2205 3732 3838 4778 2781 7290 6891 5657 2699 2379 4671 4580 4801 2027 7283 1986 7563 1946 3034 1502 5266 693 3800 2972 2536 5485 6352 5877 4309 5275 774 4520 6813 2896 967 3484 4590 2447 6455 3304 7541 5180 3275 5988 4801 3674 2582 2978 3650 1226 6048 6994 7934 7389 7099 8211 2248 2466 3824 5188 3240 3007 1459 2649 2408 6473 5433 1496 4205 6876 1725 5050 598 8338 6984 2207 4715 7455 2700 5128 3365 1519 1912 1615 4945 2403 5638 3830 5596 3951 1094 2687 3871 5430 4374 5499 3757 4964 6391 1454 2158 6073 8522 1198 4846 4484 5594 4345 3052 2206 2793 4060 6807 1490 6764 5410 5040 3645 4210 6656 5268 3002 3698 7250 5179 3572 2416 3538 4258 3706 6196 5870 4118 1745 2510 4860 8956 4285 2526 5547 1360 3303 4267 5574 1816 1711 3407 4685 7567 3618 4247 3344 6231 1967 4579 4793 1889 3451 5244 2801 5993 5243 2509 5946 1821 7329 8706 1034 3073 4106 4367 4028 4745 6524 6159 6265 4617 2348 6837 0 3541 4670 1327 2376 5846 3951 7392 7301 5222 4010 2112 7861 1634 7673 5326 3602 5171 6758 1160 3952 3715 1850 4266 5810 5948 2128 3986 4324
8100 7259 5391 8549 1451 9122 5299 8729 5948 4664 5739 6942 5803 6741 7165 3054 6912 5357 7189 7708 6983 10323 9543 1607 795 12659 9150 9478 5086 11056 6807 8725 3267 1711 6294 951 8202 5602 9880 6778 8235 2598 4768 7524 7898 5834 4056 8013 4037 9356 1713 616 3328 8333 3377 6996 3409 2451 5309 7079 7741 7748 7914 4357 7720 8242 4545 4384 7072 8268 5098 9210 5911 7793 7982 6004 5670 8195 1042 3234 5319 1238 3076 9355 9274 11476 10220 9105 8838 5371 5307 6866 4520 1617 4226 3130 1370 5971 10086 4959 5249 7975 9669 3979 8639 3061 8989 8690 1621 7887 11105 1283 8743 7098 3239 2293 4804 6257 6065 5250 5710 6213 4415 3885 2414 3912 8723 7511 1924 2204 7946 10636 5069 3081 8069 11561 4651 5740 5300 4488 6445 783 4921 1398 7415 9721 2192 6526 8622 8314 1568 5216 9464 8418 5933 7036 11336 8673 7171 3557 5388 4788 6283 9504 7736 655 5070 2766 7653 12738 985 3743 8647 2845 5341 7708 8171 3864 5028 1591 8030 10466 6492 2521 6718 6596 5716 4511 1259 1887 4826 3760 4465 6829 8409 1273 9530 4291 9791 11707 2952 4878 2393 2488 4756 2657 10406 8267 10003 7276 3877 10553 3488 0 1329 2252 5660 8882 7305 7752 10023 9271 6580 1754 9244 3587 11248 8225 4357 7460 10045 4528 621 5796 4553 996 8377 9456 4548 6984 7470
9278 7677 5746 9740 464 9373 6515 9581 7470 5368 5863 8098 7439 8012 8324 4083 8376 6598 7782 9480 8287 11105 9755 796 1219 12970 9864 10831 6395 11922 7895 9406 3856 2727 7702 1116 9016 7340 10955 6891 9268 3733 6051 8156 9694 6079 5003 8093 4964 9671 3026 1883 4528 9433 4797 8866 4067 3561 5811 7297 8544 8750 8882 5615 8549 9167 5148 5684 8099 8816 6336 9845 6617 7911 8434 7380 6135 9195 1544 3925 6243 1833 4400 11287 10415 12799 11078 9690 9742 6903 6520 7729 4351 2567 5439 4510 2388 6735 10932 5484 6557 9072 10267 4939 9827 4523 8626 9203 2868 9890 12159 2588 10016 8028 4533 3649 5611 6527 7224 5760 7266 6902 5063 4730 3330 4357 10262 8756 663 2504 8496 12035 6098 4428 9496 12214 5840 5934 6170 4466 7811 2049 5991 2458 7758 10751 3595 6836 9945 9597 1919 5585 11547 9424 7539 8620 11578 9827 7981 4227 6734 5353 7117 10768 8311 1326 5725 3705 8347 13391 1132 4843 10233 3874 6402 9255 9675 5244 6157 2093 9127 12099 7720 2584 8415 6969 6762 4517 606 2981 5186 3656 5372 7028 9694 2417 10541 5801 11414 13190 4005 6097 2370 2750 5339 2783 11795 9001 10492 8454 4693 11913 4932 1362 0 3580 7056 10190 8590 7772 11586 10183 7407 2978 9522 4489 12212 9747 5129 8256 10552 5825 1113 6799 5663 1431 9180 10711 5944 8510 8757
6073 6590 4420 6388 3717 7824 3092 6473 4294 3468 6134 5357 4393 4692 4962 697 4626 3782 5747 5773 4743 8477 7837 3658 2804 9934 6968 7561 3445 8968 5190 6536 3495 1179 4438 2596 5930 3733 8498 6740 6526 1916 2940 5692 5839 4993 2275 7683 2302 7651 650 1579 1664 6114 1231 5102 2512 1770 5486 5990 6276 5348 5994 1985 5451 7534 3083 2227 4705 5875 3148 7214 4242 7163 5830 3769 5341 5947 2356 2369 3650 2244 1275 7003 7860 9836 8394 7387 8663 3493 3271 4642 4754 2350 3010 1376 1417 3405 7645 5215 2694 5274 8172 2137 6416 793 8150 7540 816 6138 9106 1518 5972 4999 1548 1007 2667 5263 3565 4981 4368 5731 3660 1744 1909 3353 6926 5615 4022 2880 5922 8297 2786 1985 6884 9424 2497 4776 4760 4998 5245 1791 2959 1596 5193 7864 486 6534 6216 6214 2507 4114 7979 6439 3883 4672 8869 6295 4702 2338 4007 4330 4348 7333 6466 2586 2918 2020 5861 10691 2908 2430 6650 950 3778 5381 6648 2163 2985 2426 5910 8491 4577 3062 4820 6513 3286 4448 3237 723 3598 4178 2982 5995 6718 1267 7088 2419 8660 9976 679 3307 3227 3431 3754 3542 8184 6646 7092 5400 2482 8621 1408 2335 3630 0 3502 6675 5068 6888 8815 7060 4548 888 7594 1888 9464 6705 3594 5638 7986 2314 2877 4214 2658 2855 6917 7353 2788 4982 5493
6083 4768 3755 2911 6895 4926 2705 3039 1557 3031 5906 6002 4521 1929 2486 2937 1967 4884 3813 4963 1943 5181 5781 6887 6044 6792 3803 3948 4524 5261 1529 3018 4730 4005 4265 5858 2467 3460 5592 6432 6289 4724 4168 2647 3108 4218 2208 6396 2030 5511 3730 4857 2393 3125 2885 1979 3694 4651 5568 5679 4002 2105 3234 2126 2120 5756 2868 1354 3650 2409 3670 4695 1717 6978 2995 4335 5572 2497 5571 3573 1847 5410 2677 4275 5270 6091 5054 5538 6922 141 1019 4498 5870 5421 4837 3558 4344 2540 4343 5596 890 2896 4649 2027 5284 2893 7864 5857 4406 3220 5219 4815 2776 2813 3821 3989 1039 3892 298 5385 4813 4919 3886 1880 4997 4335 4078 4834 7789 5346 5338 4807 1385 4535 4345 6040 1912 4531 3984 6132 5806 5307 1445 4852 1942 4948 3783 6132 5159 2931 5235 3854 4308 5028 3728 3348 5299 3251 1774 2958 4584 3934 2301 3932 3911 6266 877 3578 2684 6821 6265 4673 3623 3589 4730 2992 5717 3887 613 4796 3759 5171 4320 5391 1931 5727 1990 4898 6702 3865 3065 5854 2729 4903 2935 4557 3858 3313 4865 6121 3269 4900 5478 5180 3745 5663 4957 4273 4149 5244 2465 4566 2298 5740 6617 3383 0 3506 1688 6202 5060 3971 2079 3766 5884 2236 5940 3213 3354 5663 4703 1192 6023 2238 1164 6593 3802 4163 3720 1601 2056
7975 5196 5319 449 9868 4168 5659 453 2864 4906 7325 7883 6677 2351 3498 6337 3238 7424 4314 6624 3194 3037 5167 10102 9770 3483 803 1966 7237 2184 1813 521 7244 7292 5965 9306 1123 5981 3388 7671 7856 8427 6873 2648 3584 5587 5188 6458 5032 4585 7042 8531 5342 1409 5993 2738 6379 8359 7064 6321 4213 1422 2058 5194 1668 5185 5115 4713 5255 1581 6402 3373 3458 7497 2345 6871 6959 1120 8457 6315 3938 8388 6060 3440 3384 2655 2843 4691 6947 3514 3711 6849 8106 8833 7718 7110 7332 5241 1051 7020 4118 3407 2314 5330 6487 6208 8081 5811 7681 2953 2497 8012 981 4105 6740 7455 4308 5388 3295 7196 7617 5838 6174 5220 8341 6843 3488 6260 10485 8310 6820 2615 4564 7379 3715 2552 5092 5945 5840 8446 8072 8153 4426 8655 2006 2640 6980 7129 6470 1549 8328 5354 1330 5740 6125 5035 1961 1956 2697 5594 7582 5883 3312 1959 3761 9757 4072 6531 1876 3517 9628 7701 2458 7165 7658 3449 7283 7030 3987 8392 4251 2161 6836 8233 3242 6867 4690 6861 9794 7055 5173 7870 4956 5899 425 7802 3153 6104 1921 3185 6551 7395 8538 8047 5750 8383 2780 3075 1170 7364 5233 1480 5650 9133 9822 6814 3306 0 1546 6850 2001 3527 2845 7380 5892 5544 2622 969 5683 7944 1690 4493 9728 3667 4107 9702 2806 3104 6540 1730 1743
6528 4580 4437 1313 9019 4052 4224 1264 1554 3692 6346 7168 5465 1269 2806 4831 2181 6061 3710 5841 2158 4057 5273 8026 8298 5112 1916 2769 5955 3642 248 1300 5878 5786 5279 7149 1048 4797 4121 6766 6969 6645 5627 1889 3136 4408 3366 5999 3393 4616 5787 6843 3914 1449 4636 1833 4671 6803 6112 5519 3652 746 1756 3604 714 4917 3686 3065 4247 1190 5324 3490 2113 6829 1984 5677 6064 762 6640 4735 2404 6591 4102 3507 3744 4317 3627 5000 6652 1770 2028 5905 6874 7699 6368 5221 5816 3949 2551 6287 2599 2983 2980 3362 5384 4547 7285 5549 6097 2680 3759 6692 1332 3200 5179 5693 2719 4460 1614 5759 6181 5219 4832 3716 7005 5126 3518 5420 8768 6276 5818 3725 2801 6092 3317 4398 3374 4785 4300 6644 7039 7223 2539 6599 973 3375 5675 6604 5776 1721 6558 4221 2719 5599 4763 4182 3778 2231 1626 4257 5874 4943 2241 2913 3402 8041 2529 5133 1590 5334 8214 6159 2817 5306 6120 2780 6370 5177 2212 6607 3737 3625 5800 6845 2291 6479 3300 5742 7774 5222 3987 6526 3717 5448 1287 6084 3346 4660 3255 4812 5227 6254 6620 6516 4339 6920 3714 3048 2442 6377 3969 2946 3840 7145 8429 5172 1800 1599 0 6445 3394 3617 1713 5686 5765 3692 3808 1503 4181 7051 2981 2982 7937 2305 2540 8050 2915 3410 5499 141 1140
11649 1714 2733 6788 8569 3826 9054 6983 4927 3690 1683 12389 10793 5298 8840 6844 7998 10130 2820 11016 8490 5843 2952 6778 8234 9749 6412 8830 10558 7410 6275 7219 4079 6017 10767 6548 7342 9495 5314 1127 11888 9066 9589 4566 9125 2479 4949 752 5093 3371 6701 7217 5773 5906 7704 7725 4403 8535 2036 894 3084 7097 5150 7657 5608 2218 4105 6407 9774 7836 9428 4774 4521 396 4890 10068 1792 6296 6294 4603 4513 6273 5924 10215 4574 9127 5455 3042 1831 6486 5423 10850 3232 9130 9894 8518 6534 8494 7766 2418 6914 9409 6024 5403 11053 6971 1349 1973 7154 8779 9394 8297 7599 8701 8347 8147 5774 2342 6681 1982 11205 1471 3378 6280 9082 3791 9899 11034 8560 5362 11608 9783 7305 8975 3829 9001 7456 2211 2596 3279 11102 7419 5257 8181 5631 5584 7777 1208 11423 8378 6094 3003 8377 10850 9377 9719 8814 8276 7624 4727 10923 3031 4237 9360 3230 8303 5788 4978 5128 9967 8094 9104 9056 8288 10223 9220 12403 9181 6553 6202 9918 7382 11084 5091 8432 973 8159 3134 7283 6455 3583 4079 4344 1260 6660 6424 9775 8723 6910 9440 7444 9984 5148 4978 3125 5134 10171 4083 8652 11892 4994 7923 7126 7820 7520 7269 6316 6895 6643 0 6981 10293 4577 6222 2449 5714 7754 6124 3702 11690 6571 6221 8444 4096 5724 8231 4465 10039 9034 6730 7505
9258 5476 6059 2116 12207 3481 7142 2382 4211 6326 7833 10300 8940 3684 5450 8218 4919 9489 4585 8535 5180 1790 4924 11206 10782 2582 1390 3541 9350 400 3537 2492 8470 8530 7769 10748 3155 8021 2342 7989 10189 10386 9152 3474 5534 6292 6623 6494 6780 4330 8819 10378 7060 2246 8057 4760 7363 10011 8178 6656 4242 3418 2557 7219 2947 5259 6300 6215 7532 3538 8317 2642 4657 7364 3013 8268 7563 2666 9791 7849 5162 10049 7325 5055 2666 1739 1722 4546 6475 5251 4970 8768 8598 10894 9447 8424 8773 7093 1743 8262 5986 5532 1438 6458 8360 7759 8033 5590 9144 4760 2892 10340 2936 6282 8591 8976 5797 5866 5258 7360 9550 6439 6959 6901 9949 7745 5256 7899 11638 9371 8511 3848 6225 9733 3343 1966 6822 6889 6591 9147 10049 10606 5982 9865 3472 1417 8485 7805 8570 3666 9364 6363 2305 7637 8002 7024 1513 3556 4783 7497 9202 7187 4624 3565 4075 10789 5569 8156 2692 2448 11192 9315 3943 8644 8917 5266 9120 8573 5546 9820 6111 341 8484 9387 5062 7760 6328 8338 11418 8664 6243 9597 6160 6601 2158 9388 4698 7982 376 2465 8394 9511 9302 9869 6900 9325 3708 3122 2384 9086 6930 1078 7513 10163 11260 8703 5057 2027 3460 7089 0 4851 4235 8893 5380 6764 582 2108 6491 9951 766 6558 11252 4769 5780 11364 2650 4729 9081 3372 3631
5019 7863 7421 3673 10862 7478 4003 3026 4925 6638 9444 5432 4601 4931 1862 6355 2103 5622 6917 3908 2136 6738 8724 10302 9277 4738 4280 1654 5787 4925 3555 3092 9063 7602 3707 9673 2727 3962 6762 9950 5455 7206 5604 5331 1205 7697 5928 9176 5856 8198 7182 8527 6274 4439 5799 2082 7283 7322 9699 9318 7254 2661 5261 4676 4157 8256 6731 4998 3029 2328 5079 6522 5266 10087 5204 4726 9343 3967 9518 7576 5628 8759 6149 563 6921 4596 6014 7912 10335 4121 5144 4583 9874 8352 6199 6047 8060 3675 3339 9619 4121 1411 5539 6262 3121 6130 10762 8699 7281 904 2977 7806 2654 2156 5976 6682 4994 7899 3745 9395 5114 8512 7676 5910 7678 8492 170 3586 10623 8674 3970 1668 4024 6655 7012 4200 4539 8545 7932 10265 5584 8560 5638 8230 4493 5760 6711 9527 3781 1829 9290 7635 2696 3029 4126 2857 3946 1608 2381 7264 5424 8085 5819 1552 6986 9087 4700 7438 4958 5197 10243 6148 932 6505 5210 1359 4012 5720 4150 8758 1264 5186 4623 9361 2115 9845 3547 8804 9721 7139 6712 9353 6928 8799 3382 8128 511 5290 5074 4359 6354 5988 9653 9745 7834 9831 1940 6361 2586 5141 6470 4189 5250 9481 10203 7121 4004 3369 3638 9950 5005 0 5343 7662 8709 6271 5629 4212 7086 5075 5013 4761 9680 5719 5320 9407 6034 379 5345 3338 2376
8264 3047 2739 2508 7628 3105 4470 2794 499 2091 4901 7938 6620 462 4191 4222 3707 6799 2062 6877 3625 3764 4189 7450 7554 6125 2724 4407 6526 4569 1579 2771 4585 4712 5817 6055 2731 5583 3603 5379 7839 6427 6155 773 4827 2618 2605 4598 2495 3736 4742 5714 3062 1712 4327 3215 3603 6306 4331 3844 2099 2442 1418 3831 1279 3585 2157 2920 5515 2883 5742 2942 708 4909 1370 6269 4284 1796 5969 3430 1096 5636 3352 5538 3312 5613 3597 3510 5243 1804 1336 6887 5029 6894 6967 5195 5146 4596 3799 4402 2840 4459 3155 2659 6622 4314 5724 3847 5562 4494 5642 6127 2826 4585 5123 5710 2259 2701 2262 4158 6637 3235 3296 2965 6320 3884 5255 6700 8483 5468 7051 5406 3204 5865 2417 5508 3763 3162 2815 5118 7649 6433 1784 6093 835 3290 5307 4719 7187 3547 5832 2706 3996 6418 5752 5235 4980 3955 3077 3044 6734 3280 551 4480 2050 7060 2019 4008 1340 6052 7773 6511 4310 5217 6940 4456 7549 5707 2597 5532 5207 4272 6396 5417 3484 4558 3768 4112 7124 4474 2365 5494 2317 3723 2415 5122 5176 5067 3791 5967 4925 6573 5308 5345 2816 5753 5116 2385 4005 7679 2713 4016 3794 6426 7575 4483 1979 2981 1767 4717 4106 4986 0 4749 4049 2793 4597 2153 2637 8141 3473 2849 7103 753 2104 7678 2199 5330 5891 1813 2921
6845 5653 4125 6430 3188 7270 3692 7101 4429 3233 5077 6543 4903 5082 5768 1485 5438 4414 5671 6808 5491 8402 7882 2837 2467 10628 7427 8007 4428 8722 5507 6800 2678 229 5508 1894 6438 4446 8075 5748 7222 2538 3961 5444 6198 4444 2184 7033 2170 7342 391 1214 1687 6210 2057 5778 1963 2348 4377 5856 6114 6111 6010 2897 5845 7283 2850 2621 5268 5986 4091 7682 4217 6890 6008 4691 4834 5978 1558 1791 3828 1460 1283 7680 8043 9830 8512 7408 8028 3871 3498 5789 3951 2481 3953 2264 567 4519 8313 4351 3381 6270 7741 2183 7313 1525 8229 7188 1051 6619 9611 1767 6371 5388 2416 1787 2901 4548 4047 4389 5129 5040 3104 2022 2327 2588 7036 6470 3761 1927 6436 8515 3540 2659 6768 9780 3365 4383 4078 3994 6151 1503 2906 1814 5321 7944 1279 5536 7194 6724 1628 3706 7718 7045 4880 5701 9137 7317 5450 1789 4752 3581 4366 7576 5908 2377 3122 1237 6081 10789 2614 3182 7299 1859 4603 6212 7197 3217 3436 1527 6722 8703 5466 2310 5119 5452 4184 3494 2533 225 3183 3611 2790 5479 6567 558 7753 3435 8523 9920 1542 4297 2278 2327 3220 2662 8456 7052 7608 6247 2235 8795 2120 1754 2884 862 3890 7309 5380 6223 8382 7747 4518 0 7873 1729 8957 6709 2979 6461 8160 2699 2283 4187 2811 2720 7051 7611 3679 5304 5961
11737 1663 3488 5319 9894 1848 8354 5735 4513 4438 3612 12383 10418 4431 8028 8077 7501 10858 2220 11391 7416 3568 689 9019 9379 7670 5307 7915 10806 5846 5589 5866 5845 7319 10686 8161 6104 9982 2933 3504 12110 10026 9705 3661 8883 3306 5930 1638 5825 1175 7563 8621 6122 4197 8066 7274 5478 10088 4045 2302 1976 6180 3680 8119 4577 599 4616 7021 9462 6651 9600 2609 4598 2069 3480 10307 3767 5343 7812 5699 4448 7626 6698 8863 2703 7279 3576 851 1292 6017 5238 10602 5482 10257 10232 8820 7386 8749 6395 4453 6599 8798 4026 5734 11023 7685 2502 343 8414 7966 8230 9123 6424 8246 8917 8839 6154 2964 6594 3767 11371 2603 4779 6714 9584 5326 8965 10534 9741 6991 10991 8104 7586 10094 2260 7288 7567 3399 3613 5406 11430 8974 5662 9151 4455 3794 8169 3237 11431 7268 7771 4024 7195 11007 10127 9482 6599 7632 7435 5765 10567 4110 3910 7731 2177 9212 5987 6507 4221 7540 9657 10337 8200 8750 10335 8333 11759 9720 6413 7719 9172 5076 10387 6872 7919 2968 8055 4803 9255 7419 4392 5932 4883 2540 5637 7588 8805 9423 4881 8163 8300 10439 6930 6874 4150 6561 8148 2627 6742 12032 5273 5880 7599 9064 9376 8144 6067 5628 5793 2340 5222 8849 4077 7355 0 6214 5322 4703 4606 11873 4741 6704 9389 4043 5724 9617 2855 8694 9964 5499 6804
6670 4576 2936 4979 4763 5573 3295 5131 2552 1886 4476 6464 5188 3266 4174 1601 4293 4924 4198 6531 4141 6858 6156 4385 4150 9031 5511 6399 4559 6967 3495 4924 2833 1839 5377 3705 4764 4148 6122 5223 7175 3887 4144 3786 5390 3173 458 5856 461 5808 2024 2888 135 4428 2129 4354 1411 3526 3828 4832 4473 4304 4276 2190 3796 5579 1390 1390 4844 4517 4035 5692 2205 5850 4201 4834 4154 4218 3330 1289 1895 2876 576 6876 6154 8272 6195 6006 6947 2190 1768 5360 3758 4220 4510 2727 2184 3823 6326 3851 2043 4864 6332 319 6300 1612 6620 5708 2552 5188 7470 3471 4986 4505 3058 2764 1225 3421 2613 3977 5502 4183 2243 610 3573 2189 5990 6159 5085 3023 6454 6943 2512 3584 5188 7874 2361 3320 2914 3897 6293 3236 1129 3329 3436 6314 2267 4765 6901 5117 3098 2552 6162 6688 4573 4809 7466 5731 3937 836 4988 2605 2662 6201 4426 4165 1340 1265 4183 8472 4636 3954 6172 2442 4996 4705 6784 3444 2057 2650 5522 6973 5071 3103 4004 4896 3275 3122 4173 1681 1819 3585 1246 4254 5126 2303 6171 3420 6518 8756 2139 4840 3174 3063 2387 3653 6953 5171 6119 6281 701 6713 1557 3453 4555 1803 2366 5183 3669 5364 6909 6378 2848 1853 6075 0 7148 4923 1825 6703 6252 1341 4151 2460 1125 4598 5039 6309 3899 3527 4522
9841 5648 6841 2774 12848 3718 8105 3095 5093 6479 8674 10782 9297 4407 5755 8980 5854 10390 4746 9171 5598 1927 4839 12081 12208 2423 1907 3637 10328 323 4150 3007 9148 9063 8748 11010 3633 8838 2647 8153 10545 10148 9417 3998 6024 6983 6839 6856 6832 4581 9818 10631 7655 2827 8357 5163 8198 10501 8550 7103 4603 3930 3184 8034 3690 5135 7141 7122 8228 4036 8803 3126 5295 7388 3583 9289 8041 3376 10838 7821 5615 10329 8383 5040 2913 1559 1994 4819 6837 5622 5843 9374 9429 10921 10405 9699 9919 7265 2096 8621 6262 6088 1780 6867 8969 8553 8416 5454 9705 5491 3085 10627 3472 6376 9519 9990 6409 6305 5818 8049 9990 6985 7921 7606 10797 8384 5705 8797 12507 9798 8891 4252 7176 9782 3896 1882 7109 6893 7111 9103 10219 10743 6368 10600 3879 1740 9129 8531 8919 3837 10686 6711 2699 8306 8437 7530 1719 4005 5318 7975 10312 7700 4850 3785 4458 12160 6175 8708 3240 2106 11888 10226 4737 9603 9768 5805 8891 9673 6230 10353 6667 505 9630 9761 5761 7535 6958 8780 11676 9278 7107 9357 7277 6750 2784 10180 5168 8880 857 2484 9318 9681 9774 10223 7273 10118 3943 3470 2753 10453 7561 1350 7954 11576 12349 8805 5568 2538 3915 7601 596 5336 4452 9256 5561 7487 0 2605 7140 9924 1215 6576 12202 5108 6681 11461 3272 5045 9318 4180 4341
7851 4515 4551 652 10171 3186 5726 1145 2307 4233 6515 8279 6990 1736 4064 6110 3423 7918 3161 7229 3448 2416 4178 9267 9013 4150 658 2955 7504 2299 1627 1160 6665 6962 6632 8607 1662 6173 2777 7013 8596 7954 6922 1710 4336 4601 4635 5876 4464 3957 6885 8152 5092 491 5947 3050 5794 7736 6477 5613 2981 1785 1051 5184 1071 4257 4525 4530 5697 2166 6525 2294 2864 6510 1312 7257 6347 785 8310 5591 3061 8138 5624 4316 2532 3278 2210 4107 6287 3065 3236 7288 7021 8904 7692 6589 6916 5548 1882 6307 3888 3866 1748 4681 6931 5638 7327 4698 7355 3828 3345 7798 1651 4390 6645 6993 3912 4203 3035 5969 7965 5062 5461 4851 8009 6154 4395 7034 9887 7090 7365 3537 4574 7515 2535 3417 5005 5250 4924 7340 8037 8054 3729 8058 1367 1939 6843 6647 7415 2424 7688 4839 2298 6846 6211 5737 2808 2765 2938 5227 7600 5191 2560 2962 2747 8615 3636 6087 998 4235 9113 7891 3284 6844 7242 3934 7556 6772 3920 7181 4945 2109 7205 7614 3401 6405 4632 6084 8811 6820 4443 7181 4699 5262 715 7098 3872 6166 1896 3961 6530 7400 7400 7347 4988 7760 3617 2291 2128 7878 4794 1949 5585 8330 9685 6617 3288 1001 1461 6432 2078 4290 2102 6969 4845 5063 2727 0 5051 7977 1472 4262 8720 2771 4016 8886 1751 3906 6807 1570 2281
8604 2876 1067 5067 5599 4697 4998 5468 2731 556 2713 7910 6560 3303 5615 3549 5280 6458 2893 7811 5332 5736 4725 4717 5003 8559 5477 7117 6464 7080 4033 5558 1861 2958 6781 3965 5081 6192 5524 3581 9351 5543 5804 3293 6447 1379 1552 4062 1598 4886 3256 3857 1926 4534 4099 5183 1083 5142 2258 2702 3231 4868 4126 3836 4062 4193 614 3133 6388 5410 6120 4859 2232 4167 3618 6791 2404 4352 3538 1195 1888 3445 2344 7753 5402 8470 5977 4292 5068 3306 2250 7430 2304 5216 6525 4385 3219 5518 6731 2112 3581 6022 5738 1666 7961 3499 4920 4248 3788 6129 8461 4792 5347 6042 4832 4651 2457 1743 3511 1971 7149 2287 522 2409 5346 1087 7210 7626 5469 2686 7768 7971 4022 5142 3907 7795 4245 1595 1109 2557 8170 4657 1963 4764 3610 5782 4050 3143 8438 6049 3249 740 6729 7700 6321 6610 7657 6098 5144 1207 7183 820 2147 6977 3349 5110 2489 1734 3768 8956 5492 5551 6863 4367 6758 6100 8662 5119 3409 3036 6860 7018 7227 2633 5188 2858 4975 1732 4704 2968 444 2607 753 2589 5014 3323 7001 5204 6668 8728 3851 6627 2867 2741 449 3022 7827 4252 6740 7678 1096 6571 3453 4477 5121 3322 3194 5840 4260 3850 6758 7452 2698 2989 4675 1899 7456 4815 0 8109 5858 2960 5126 1999 2410 5177 4241 7250 5747 4074 5233
703 10986 9700 7905 8888 10339 3278 7749 7182 8137 11549 303 1587 7415 4287 5404 4887 2326 9953 1497 4739 11057 11947 9420 7242 10102 8259 6821 2415 10096 6980 7037 8693 6770 1778 7954 7012 2427 11005 11606 598 4764 2837 8158 4235 9298 6989 12377 7084 11814 6522 6651 6797 8676 4528 5361 7671 4764 10169 10896 9922 6481 9136 4580 7471 11787 7883 5595 2521 6282 2535 10246 7569 12765 9000 1914 10665 7541 8290 7759 7217 8041 6584 5611 10549 10215 10547 11292 13013 6253 7048 1197 10475 6137 2940 4306 6714 3327 8149 10591 5036 4706 10249 6819 2269 5309 12879 11726 5790 5156 8328 6081 6778 3735 4103 4879 6127 9402 5961 10417 1424 10358 8764 6154 4998 8782 5189 1697 8942 8541 1273 7013 4736 4168 9805 9905 4404 10122 9270 10301 727 6483 6774 5958 7898 10735 5187 11946 1849 6210 7897 8717 7572 2327 2158 2926 9092 6563 5465 7429 1649 8895 8284 6865 9892 7187 6319 7209 8807 10649 7527 3477 5933 4665 1895 4666 1690 3458 5286 8344 3891 9724 1323 9020 4740 11455 4079 9802 8589 6466 8124 9680 7865 10632 8123 7104 6019 3293 10047 9714 4848 2413 8794 9431 8830 9627 7163 10061 7814 433 7414 9027 5071 7016 8370 5515 5764 7937 6972 12026 9976 5127 7851 6308 12533 6788 10637 7994 8288 0 9675 5619 7537 8056 6441 7100 9918 5756 2986 6992 6392
9806 4921 5599 1888 11671 2912 6879 2273 3839 5176 7245 9500 8374 3230 5364 7678 4851 9267 3701 8776 4676 1322 4117 10374 10691 3382 979 3577 9340 1137 3145 2368 7980 8113 7754 9621 2749 7832 1876 7064 9600 9735 8413 2774 5419 5479 5888 5938 5865 3722 8513 9390 6609 1742 7867 4323 7138 9840 7261 6073 3559 3083 1962 6614 2476 4413 5534 5790 7031 3331 8157 2152 4005 6302 2093 8121 6866 2216 9054 7190 4563 9376 6513 5192 2072 2499 1304 3712 6272 4652 4587 8640 8063 10361 9583 8598 8225 6565 2021 7508 5549 4986 763 5766 7760 7138 6995 4721 9010 4718 3302 9233 2754 5732 8427 8637 5087 5149 4668 6640 9042 5675 6630 6167 9459 7183 5020 8164 11661 8664 8942 4182 5866 8894 2728 2692 6383 5848 5761 8010 9413 9946 5269 9765 2726 866 8358 6774 8473 3487 9261 5682 2460 8110 7718 6611 2079 3770 4267 6548 9140 6276 3711 3552 3155 10219 5256 7218 2114 3276 11095 8731 4257 8517 9303 5155 8383 8244 5009 8609 5904 755 8700 8263 5055 6515 6414 7491 10220 7803 5580 8239 5607 5760 1939 8478 4824 7767 413 3329 7988 8953 8686 8930 6277 9181 3904 2310 2506 9208 6226 1409 6572 10142 11042 8283 4497 1725 3070 6287 744 4961 3260 8448 4560 6280 1221 1398 5732 9432 0 5651 10321 4139 5359 10446 1897 5004 8441 3029 3346
5733 5148 3795 4024 6017 5713 2184 4223 2215 2697 5945 5349 4074 2668 2881 1619 2863 4241 4506 5345 2758 6157 6777 5473 5270 8047 5036 4988 3985 6695 2609 4146 4073 2757 4098 4519 3818 3237 6508 6609 5899 3687 3160 3435 3775 4092 1421 6622 1494 6529 2664 3754 1447 4128 1783 2998 2750 3736 5135 5350 4812 3272 4139 1240 3320 5808 2366 166 3573 3480 3109 5513 2168 6900 3948 3657 5141 3718 4249 2741 2178 3912 1534 5166 6027 7516 6076 5977 7613 1140 1338 4461 5333 4446 4188 2603 3105 2340 5360 5029 639 3704 5718 1367 5225 1640 8191 6154 3053 3894 6728 3722 4104 3175 2675 2970 554 3973 1323 4867 4595 4949 3573 795 3832 3519 4516 4554 6170 4273 5057 5909 1052 3402 4887 7302 1225 4421 4013 5430 5306 3982 1172 3767 3126 5803 2507 6132 5211 3979 4315 3608 5474 5303 3371 3491 6696 4549 2596 2204 4372 3630 2883 5171 4478 4969 703 2736 3908 7814 5187 3434 4590 2547 4216 3488 5862 2798 796 4152 4482 6369 4149 4375 2641 5717 1824 4436 5254 2508 2724 4874 2323 5309 4181 3415 5165 2476 5855 7279 2093 3822 4337 4633 3293 4711 5659 5148 5221 5075 1867 6111 1151 4656 5799 2209 1202 4600 3059 6287 6416 4733 2787 2751 6863 1336 7040 4451 2887 5552 5579 0 5170 2694 793 5220 4986 4940 3174 2770 3347
7706 8047 6134 8858 1142 10001 5425 9273 6789 5557 6817 7052 6160 7316 7461 3594 7207 5062 8096 8160 7263 10784 9763 1900 121 12847 9957 9811 5052 11346 7672 9022 3976 2350 7105 1323 8984 6253 10736 7612 7857 2584 4842 7595 8431 6495 4797 8580 4656 9995 2263 1159 3954 8626 3852 7670 3796 2476 5853 7770 8145 8585 8603 4595 7981 9502 5211 4966 6763 8359 5168 9459 6688 8932 8624 5680 6017 8792 1608 3810 5829 1848 3636 10445 10328 12284 10532 9152 9939 5983 5904 6820 4726 1496 4208 3572 2031 6276 10200 5766 5518 8107 10018 4414 8916 3556 9838 9482 1912 8429 11997 1435 9060 7593 3428 2516 5246 6419 6649 5972 6084 7365 5168 4213 2292 4300 9276 7747 1689 2757 7552 10627 5641 3416 8653 11615 5015 6407 5975 5104 6954 998 5525 1501 7565 10741 2764 7309 8108 8709 2130 5980 10729 8787 5868 7355 10958 9632 7694 4251 5827 5258 6721 9827 8095 193 5404 3422 8390 12862 321 3987 9633 2906 5570 8528 8210 4127 5911 2280 8476 11563 6907 3205 7811 7124 5929 5182 1429 2490 5372 4251 5015 7186 8921 2001 9960 4644 10864 12495 3347 5056 2780 3068 5198 3160 10475 9268 10340 7196 4298 11103 4135 669 1171 2714 5989 9096 8066 7990 11505 9182 6966 2405 9175 4050 11369 9064 5215 7574 10255 4878 0 6784 5372 422 9080 9694 4500 7681 8224
8100 2611 2019 3219 7115 3181 4625 3482 804 1462 4257 7928 6722 1130 4380 3910 4134 7014 1958 7209 3876 4373 3946 6519 6623 6933 3689 4968 6392 5288 2272 3486 3865 4070 6318 5919 3574 5676 4011 4755 8720 6183 6052 1262 4963 2016 2084 4152 1987 3699 4551 5403 2548 2428 4349 3886 2742 6126 3735 3290 2129 3059 2171 3683 1951 3458 1541 2862 5810 3634 5864 3357 425 4667 1903 6079 3875 2438 5561 2924 550 5263 2902 5861 3697 6032 4022 3501 4785 2021 1257 6706 4469 6603 6527 5145 4413 4780 4536 3941 2725 4756 3719 2155 7156 3775 5679 3785 5047 4801 5936 6046 3499 5025 5316 4965 1957 2103 2436 3423 6658 2670 2511 2705 6392 3072 5694 6843 7675 4707 7084 5901 3436 5677 2703 6263 3740 2570 2071 4361 7955 5538 1513 6003 1547 3779 4557 4249 7362 4157 4841 1928 5110 6828 5758 5548 5433 4525 3678 2490 6678 2418 241 5344 2066 6516 1941 3114 2035 6913 6698 6148 5073 4913 6453 4670 7818 5600 2513 4844 5747 4699 6544 4671 4075 3837 4086 3648 6219 4133 1522 4502 1658 3163 3070 4855 5725 4988 4446 6399 4533 6347 4918 4873 2126 5049 5887 2634 4794 7283 2059 4759 3435 5881 6666 4232 2241 3696 2453 4422 4959 5588 736 4201 4244 2350 5504 2870 2036 7657 4206 2512 6592 0 1868 7010 2464 5499 5693 2314 3544
6405 4443 3155 3867 6315 5097 2893 3885 1526 2076 5229 6165 4637 2142 3451 2115 3116 4950 3581 6046 3009 5519 5714 5863 5222 7712 4329 5078 4495 6380 2317 3865 3610 2857 4549 4905 3430 3850 5430 5488 6703 4162 4245 2912 4219 3184 963 5738 919 5622 2894 4051 1196 3556 2565 3201 2323 4416 4664 4615 3881 3052 3357 2082 2858 5142 1789 936 4394 3449 3870 5195 1417 6250 3413 4385 4734 3204 4438 2330 1306 4238 1602 5402 5404 7021 5366 5376 6840 1044 678 5022 4692 4829 4780 3116 3455 3160 5344 4398 1213 3989 5233 922 5676 2083 7152 5608 3405 4067 6409 4187 3861 3689 3235 3465 258 3318 1492 4329 5477 4007 2684 944 4451 3048 4908 5372 6648 3936 5561 5768 1771 3814 4482 7125 1987 3550 3192 4769 5957 4394 390 4100 2522 5379 2919 5467 6122 3988 4083 2809 5142 5950 4082 4268 6034 4198 2881 1832 5130 3092 1910 5031 4037 5192 278 2303 3328 7749 5662 4240 4889 3166 4646 3900 6556 3452 1116 3736 4577 5794 4938 4041 3052 5356 2606 4004 5444 2702 2061 4427 1561 4358 3921 3368 5291 3201 5899 7395 2585 4715 4366 4410 2829 4772 6216 4468 5010 5702 1446 5611 1807 4752 5703 2596 1115 4285 2531 5784 6058 4926 2148 2775 5642 1105 6556 3960 2288 6332 5275 772 5083 1800 0 5650 4042 5270 4049 2467 3209
8166 8289 6203 9470 1290 9806 5413 9620 6906 5822 6869 7183 6061 7877 7674 3654 7708 4829 8544 7990 7294 11146 10343 2149 352 13473 10209 10382 4847 11282 7601 9097 4388 2617 6662 1736 9016 5765 11254 7608 7880 2352 4520 7803 8000 6463 5052 8776 4957 10042 2390 1404 4123 8928 3619 7775 4114 2188 6528 7858 8557 8053 8453 4947 8160 9103 5344 5219 6762 8262 5219 10057 6754 8668 8409 5837 6627 8822 1928 4001 6056 2143 3853 9943 10581 12039 10750 10354 10550 6422 6182 6348 5399 1257 4094 3320 2216 6116 10608 5991 5512 8458 10988 4820 8060 3412 10011 9210 2013 8591 12003 1420 8704 7266 3464 2517 5666 7289 6571 6737 6038 7694 5325 4590 2110 4777 9005 7290 1806 3154 7430 10387 5632 3124 9496 12293 5125 6468 6212 5409 6349 1133 5613 1454 8120 11139 2644 7349 8344 8897 2675 5794 10511 8080 6067 7294 11847 9296 7364 4516 5764 5534 6981 9731 8628 340 5369 3708 8962 12941 357 3813 9632 3074 5378 7852 8483 4162 5851 2510 8314 11701 6590 3568 7179 7452 5815 5241 1865 2794 5904 5009 5088 7396 8919 2109 9973 4759 11478 12193 3246 4569 3430 3394 5899 3529 10479 9433 10306 6639 4907 10824 4194 997 1476 2910 6452 9904 8134 8647 10841 9652 7539 2626 9488 4595 11864 9505 5540 7433 10361 5111 429 6749 5482 0 8927 9402 4747 8013 8186
9284 2811 3821 2559 9883 1279 6640 2956 2662 3793 5423 9239 8639 2064 5682 6314 5216 8581 1734 8835 5020 1729 2436 9264 9174 5356 2088 4622 8520 3051 2830 3099 6203 7039 7737 7989 3429 7066 1372 5262 9572 8395 7937 1386 6121 3402 4762 4119 4595 2041 6953 8252 5342 1502 6503 4506 5487 8815 5075 4163 1530 3389 928 6184 2125 2471 3952 5060 6974 3719 7724 818 2634 4605 908 8385 5099 2186 7613 5320 3164 7228 5489 5854 1184 4548 1553 2237 4228 3756 3517 8402 6188 9386 8780 7078 7271 6204 3637 5278 4700 5427 1330 4693 8292 6081 5435 2866 7586 5268 5188 8245 3460 5958 7725 7762 4259 3196 3968 5063 9158 3613 4567 5033 8741 5497 6065 8654 9989 7026 8520 5432 5236 7788 816 4678 5752 3999 3947 6115 9870 8238 4050 8211 1955 1561 6997 5341 9162 4162 7487 4033 4017 8108 7940 6714 3864 4540 4585 5290 8510 4220 2399 4901 1315 8867 4357 5699 1291 5113 9856 8789 5321 7640 8643 5767 8841 7468 4548 7382 6830 2587 7961 6947 4791 4827 5764 5451 8670 6772 4035 6609 4187 3672 2529 6901 5652 7480 2388 5018 6566 8741 7183 7032 4130 7338 5468 446 4019 9605 4745 3254 5696 8599 9481 7096 3926 2724 2838 4437 2784 5823 2101 6840 2909 4891 3254 1811 4192 9241 2016 4777 8975 2470 4357 9243 0 5796 7747 3033 3876
5268 7921 7781 3438 10729 7484 4546 2955 5091 6801 9606 6029 4896 4694 2208 6192 2263 6497 6902 3991 2400 6187 8754 10709 10278 4260 3888 1394 6354 4676 3525 2853 8862 7726 4238 9246 2566 4342 6570 10594 5786 8138 5806 5211 1615 7474 6555 9753 6413 7601 7374 8657 6598 4564 6020 2245 7720 8090 9694 8780 6946 2736 5207 5075 4028 8079 6976 5282 3633 2140 5250 6443 5544 9905 5289 5240 9234 3755 9171 7803 5707 8866 6676 235 6880 4306 6155 7779 10165 4125 4875 4834 9731 8904 6598 6741 8020 3925 3131 9216 4272 1690 5473 6434 3704 6477 10590 8954 7810 1115 2683 8133 2361 2413 6352 7065 5281 7771 3876 9004 5608 8161 8141 5914 7851 8596 569 3846 11779 8911 4411 1298 4400 7251 6852 4139 4818 8491 7796 9601 5799 9137 5476 8543 4332 5494 7101 10144 4128 1814 8895 7920 2518 3308 4504 3265 3701 1406 2346 7464 5984 8485 5859 1323 6634 9695 4952 7329 4743 4590 9756 6600 763 6634 5638 1643 4472 5895 4405 9390 1633 5032 4999 9146 2427 9518 3743 9020 10539 7474 7137 9525 6921 9013 3507 8657 203 5415 5148 3818 6868 6496 9442 9717 8099 9998 1463 6596 2258 5323 6477 3801 5945 9625 10328 7020 4127 3293 3535 10189 5005 402 5328 7959 8980 6655 5009 4117 7263 5523 4766 4953 9516 5912 5435 9845 5729 0 5866 3381 2260
3456 8592 6443 6531 5578 8873 1464 6621 5069 5429 8644 2651 1524 5501 3595 2356 3929 1051 7242 3568 3842 9629 9886 6371 4734 9968 7187 6268 786 9268 5216 6046 6281 3864 2154 5216 5507 1403 9254 8845 3436 2269 201 6275 4458 6866 4311 9373 4314 9110 3206 3835 3683 6754 1715 4533 4985 2356 7865 8711 7414 5466 7061 1873 6084 9252 5251 2971 2545 5553 561 8231 5538 9971 7249 1318 7959 6429 4807 4759 5084 4840 3491 6222 8712 8961 9061 9201 10110 4085 4537 2181 7476 3325 1083 1380 3938 1978 7548 7759 2941 4160 8380 3826 3792 2382 10698 9080 3139 4808 8206 3256 6082 3258 1223 2144 3643 7116 3780 7365 1579 7957 6041 3182 2481 5723 5238 3077 6048 5453 3203 7361 2559 1362 8044 8966 2065 7429 6655 7840 2476 3691 4141 3349 5905 8983 2261 8325 3685 5767 5359 6072 7126 3853 1526 2853 8786 5771 4277 4486 1346 6181 6109 6668 7866 4671 3931 4513 6676 10035 4864 942 5967 1839 1176 4017 4021 548 3401 4918 4186 9273 1910 5821 3703 8318 2185 7017 5850 3525 5397 6872 5050 8050 6644 4065 5720 579 9011 9100 1932 843 5847 6222 5857 6546 6869 7756 7080 2647 4390 8046 2151 4487 5691 2816 3694 6619 5496 9304 8753 5372 5704 3572 9777 3746 9197 7118 5929 3097 7996 2966 4736 5808 3949 4531 8194 5938 0 5064 4874
6823 4750 4469 1347 8506 4311 3912 1408 1546 3652 6252 6732 5622 1291 2683 4393 2072 5910 3589 5973 2010 4137 5166 8324 7819 5235 2067 2651 6143 4028 156 1377 5712 5347 4850 7038 1072 4832 3955 7176 7152 6707 5642 1898 3216 4246 3582 6464 3514 4831 5475 6718 3704 1571 4411 1740 4974 6628 5973 5825 3812 740 2008 3716 844 5283 3789 2998 4465 1207 4999 3870 2077 6672 2146 5537 6327 894 6585 4670 2362 6477 4198 3461 3888 4554 3679 4888 6995 1663 1955 5794 6826 7458 6400 5084 6055 3678 2633 6369 2355 2884 3394 3462 5604 4590 7498 5454 6061 2688 4147 6635 1350 3120 5222 5904 2439 4432 1569 5735 6332 5301 4784 3566 6384 5190 3266 5175 8785 6565 5764 3540 2747 5673 3655 4509 3375 4957 4532 6890 6841 6913 2519 6657 1018 3472 5282 6587 5833 1706 6439 4186 2710 5336 5008 4021 3831 2170 1530 4336 6283 4957 2381 2717 3634 7665 2388 4889 1708 5037 8287 5865 2723 5289 5991 2765 6375 5069 2243 6484 3598 3739 5669 6557 2098 6437 3098 6030 7952 5205 3786 6877 3762 5310 1398 5968 3150 4763 3421 4681 4885 6031 6917 6557 4364 6730 3685 3231 2377 6503 3622 3049 3835 7189 8241 5156 1669 1667 144 6458 3605 3346 1711 5256 5553 3558 3979 1658 4174 6913 3160 2874 7719 2424 2583 8190 3036 3332 5269 0 1030
5800 5648 5539 1654 9038 5166 3586 1296 2469 4829 7181 6465 4844 2337 1779 4950 1433 5789 4797 5197 1386 4692 6083 8506 8521 4758 2456 1889 5714 4012 1213 1294 6581 6188 4557 7987 690 4206 4798 7812 6128 6571 5213 3016 2225 5301 4339 7033 4129 5633 5830 7215 4624 2441 4697 847 5795 6407 7240 6756 4942 447 2807 3827 1824 5896 4495 3339 3708 254 4611 4709 3128 7812 3167 4983 7018 1676 7701 5412 3459 7342 4639 2667 4740 4236 4352 6049 7781 2085 2953 4918 7378 7629 6032 5529 6661 3340 2543 7409 2681 1741 4026 4202 4673 4740 8522 6405 6105 1577 3380 7195 909 2235 5572 5791 3009 5490 1879 6905 5904 6042 5587 4087 6932 6116 2302 4668 9469 7365 5056 2806 2737 6086 4599 4154 3225 5843 5694 7470 6327 7049 3228 7103 2071 4291 5843 7617 5189 735 7475 5553 2313 4465 4366 3454 3376 1199 865 4852 5657 5589 3313 1898 4537 8399 2961 5397 2590 5018 8287 5696 1662 5656 5521 1878 5447 5011 2387 7342 2764 3959 4815 7286 1302 7418 2822 6716 8461 5542 4719 7905 4439 6510 1646 6468 2186 4681 3621 4541 5256 5799 7748 7443 5435 7742 2799 4087 1906 5836 4534 3039 4056 7636 8537 5504 2110 1791 1142 7496 3691 2399 2796 5941 6356 4256 4158 2340 5361 6346 3648 3156 8010 3267 3263 8214 3723 2258 5234 1080 0
