80 5 12
43 76 88 29 87
101 58 186 72 157 129 200 44 143 172 87 115
0 632 1261 684 704 1025 805 711 993 925 1132 1003 746 1087 874 1123 1192 1175 1568 1295 1258 1489 1355 1362 1455 1663 1935 1639 1749 1794 1841 1971 2002 1970 2111 2087 2138 2184 2263 2355 2354 2629 2495 2555 2751 2748 2811 2792 2847 2928 3038 3000 3186 3163 3394 3240 3295 3510 3458 3479 3529 3637 3707 3758 3791 3859 3925 4013 4007 4099 4124 4250 4345 4305 4443 4412 4505 4565 4710 4708 4706 4766 4845 4891 5045 5014 5178 5219 5180 5257 5297 5370 5416 5621 5530 5620 5663 5784 5859 5832 5897 5963 6020 6185 6120 6195 6242 6308 6400 6416 6524 6555 6621 6647 6730 6790 6826 6883 6959 7007 7067 7151 7189 7247 7321 7403 7430 7535 7547 7588 7659 7717 7778 7846 7891 7941 8041 8062 8197 8183 8237 8299 8390 8439 8471 8531 8609 8696 8706 8771 8849 8882 8944 9024 9111 9151 9193 9235 9298 9365 9462 9477 9562 9627 9651 9735 9771 9844 9890 9944 10003
632 0 629 121 179 424 309 356 479 488 628 604 1084 720 837 826 888 941 1131 1059 1132 1193 1256 1377 1381 1420 1572 1545 1589 1649 2059 1769 1824 1905 1942 2021 2086 2162 2193 2237 2360 2390 2429 2484 2547 2590 2650 2717 2778 2825 2885 3013 3011 3061 3168 3276 3316 3319 3354 3435 3517 3529 3588 3647 3711 3767 3823 3884 3961 4000 4080 4120 4190 4247 4302 4402 4413 4470 4550 4590 4698 4737 4768 4834 4898 4948 5022 5074 5136 5178 5254 5298 5369 5452 5495 5529 5592 5656 5721 5774 5827 5883 5943 6031 6079 6119 6185 6238 6296 6365 6415 6470 6529 6615 6647 6706 6780 6860 6883 6948 7006 7059 7120 7179 7235 7298 7354 7420 7471 7552 7591 7650 7708 7765 7827 7900 7943 8045 8075 8122 8189 8285 8296 8353 8430 8507 8529 8593 8666 8711 8765 8841 8923 8941 9007 9060 9117 9197 9242 9295 9359 9417 9471 9532 9594 9648 9710 9765 9826 9889 9979
1261 629 0 597 602 325 582 736 519 644 551 720 1607 807 1196 947 976 1089 946 1167 1332 1195 1452 1653 1578 1436 1413 1699 1668 1735 2424 1780 1854 2042 1970 2145 2219 2318 2301 2293 2528 2303 2524 2571 2491 2581 2635 2785 2850 2861 2866 3155 2964 3086 3059 3429 3452 3242 3366 3505 3616 3533 3578 3643 3736 3778 3825 3855 4014 4000 4132 4085 4127 4282 4251 4481 4410 4464 4474 4557 4774 4790 4774 4859 4829 4961 4943 5005 5169 5176 5286 5301 5394 5353 5532 5509 5591 5596 5651 5785 5824 5870 5931 5941 6103 6107 6192 6232 6254 6376 6367 6446 6497 6643 6624 6681 6792 6896 6865 6946 7003 7023 7106 7166 7204 7246 7331 7358 7447 7569 7574 7634 7690 7735 7814 7909 7894 8076 8001 8109 8190 8318 8248 8314 8434 8529 8496 8535 8671 8697 8726 8845 8946 8903 8945 9012 9085 9201 9228 9268 9298 9399 9422 9478 9578 9601 9691 9726 9801 9875 9995
684 121 597 0 59 342 188 250 364 366 513 483 1046 599 747 707 768 825 1013 942 1023 1073 1147 1280 1274 1300 1451 1435 1473 1534 1982 1650 1706 1795 1824 1910 1976 2055 2082 2122 2255 2269 2317 2372 2427 2472 2532 2603 2665 2710 2767 2907 2892 2945 3048 3171 3209 3199 3238 3323 3407 3413 3471 3530 3596 3651 3707 3766 3848 3884 3967 4002 4071 4133 4183 4291 4296 4354 4430 4472 4588 4624 4653 4720 4778 4833 4903 4955 5022 5062 5140 5182 5255 5332 5382 5412 5476 5537 5602 5659 5711 5767 5826 5912 5965 6003 6070 6123 6178 6251 6297 6353 6412 6502 6531 6589 6666 6748 6767 6833 6891 6942 7004 7063 7118 7180 7237 7302 7354 7438 7475 7534 7592 7648 7711 7786 7825 7932 7956 8006 8074 8172 8178 8236 8315 8393 8412 8475 8551 8596 8648 8726 8810 8824 8888 8943 9001 9082 9126 9179 9241 9301 9354 9414 9478 9530 9595 9648 9709 9774 9866
704 179 602 59 0 323 132 196 316 309 465 424 1020 541 698 648 709 766 960 883 966 1014 1091 1228 1218 1241 1395 1378 1414 1475 1936 1591 1647 1737 1765 1852 1919 1998 2024 2063 2199 2210 2259 2314 2368 2413 2473 2545 2607 2651 2708 2850 2833 2886 2989 3115 3152 3140 3179 3264 3350 3354 3412 3471 3537 3592 3648 3707 3789 3825 3909 3943 4012 4074 4124 4234 4238 4295 4371 4413 4530 4566 4594 4661 4719 4774 4844 4896 4964 5003 5082 5124 5196 5273 5323 5353 5417 5478 5543 5601 5652 5708 5767 5853 5906 5944 6012 6064 6119 6192 6238 6294 6353 6443 6472 6531 6607 6689 6708 6774 6832 6883 6945 7004 7059 7121 7178 7243 7295 7380 7416 7475 7533 7589 7652 7727 7766 7873 7897 7947 8016 8114 8119 8177 8256 8335 8353 8416 8493 8537 8589 8668 8751 8765 8829 8884 8942 9024 9067 9120 9182 9242 9295 9355 9420 9471 9536 9589 9651 9715 9807
1025 424 325 342 323 0 266 419 207 324 294 414 1291 516 872 654 694 795 785 887 1032 953 1156 1342 1284 1195 1252 1417 1409 1475 2104 1548 1616 1769 1734 1878 1949 2042 2040 2050 2251 2119 2269 2319 2295 2366 2422 2541 2605 2630 2656 2888 2767 2860 2890 3160 3188 3060 3146 3264 3365 3317 3368 3431 3513 3560 3611 3654 3781 3788 3900 3887 3941 4056 4060 4240 4199 4255 4295 4359 4534 4559 4561 4639 4647 4745 4767 4824 4946 4967 5064 5090 5175 5186 5308 5308 5382 5412 5471 5572 5616 5666 5727 5771 5884 5903 5981 6026 6063 6164 6179 6248 6302 6424 6426 6483 6579 6674 6665 6739 6797 6830 6904 6964 7009 7060 7133 7177 7249 7355 7374 7434 7490 7540 7612 7699 7708 7857 7825 7908 7983 8099 8061 8124 8226 8314 8303 8353 8463 8497 8536 8637 8731 8712 8765 8826 8892 8993 9028 9073 9118 9201 9237 9295 9379 9415 9493 9537 9605 9675 9783
805 309 582 188 132 266 0 155 192 180 339 297 1027 415 640 530 588 656 829 768 868 889 994 1149 1122 1119 1264 1276 1301 1363 1883 1471 1529 1634 1648 1748 1816 1900 1918 1950 2103 2084 2152 2206 2245 2294 2353 2435 2498 2537 2588 2751 2711 2772 2863 3019 3053 3016 3063 3156 3245 3238 3295 3354 3423 3477 3532 3588 3680 3709 3799 3824 3890 3963 4004 4128 4122 4179 4249 4294 4424 4457 4479 4549 4598 4660 4721 4774 4852 4888 4971 5009 5084 5149 5213 5237 5302 5358 5422 5487 5537 5592 5652 5730 5794 5828 5898 5948 6000 6079 6119 6178 6235 6332 6355 6414 6494 6579 6592 6660 6718 6765 6829 6889 6942 7001 7062 7123 7179 7268 7300 7359 7417 7472 7537 7614 7648 7763 7776 7832 7902 8004 8000 8059 8143 8224 8236 8296 8380 8422 8471 8554 8640 8647 8710 8765 8825 8910 8952 9003 9062 9127 9176 9236 9304 9353 9420 9471 9534 9600 9695
711 356 736 250 196 419 155 0 300 214 425 300 872 402 504 484 550 589 867 710 776 860 900 1032 1026 1077 1271 1189 1235 1294 1746 1422 1474 1548 1591 1664 1730 1807 1837 1883 2006 2054 2073 2128 2204 2241 2301 2361 2422 2471 2535 2658 2665 2706 2832 2922 2961 2976 3000 3079 3161 3176 3236 3294 3356 3412 3470 3534 3605 3647 3724 3770 3843 3891 3953 4046 4059 4117 4204 4239 4342 4380 4414 4479 4550 4593 4676 4727 4780 4824 4898 4943 5013 5108 5139 5176 5237 5307 5373 5419 5472 5529 5589 5686 5723 5765 5830 5884 5944 6010 6064 6117 6177 6259 6294 6353 6425 6504 6530 6593 6652 6707 6766 6825 6882 6947 7000 7070 7117 7197 7237 7296 7354 7412 7473 7545 7592 7688 7726 7768 7834 7929 7944 8001 8074 8151 8176 8242 8310 8357 8412 8486 8567 8588 8656 8708 8764 8841 8887 8942 9008 9063 9119 9181 9240 9296 9356 9412 9472 9535 9623
993 479 519 364 316 207 192 300 0 129 149 206 1139 311 682 448 491 588 653 684 825 765 948 1137 1077 1005 1103 1212 1210 1276 1904 1359 1424 1565 1542 1675 1746 1837 1839 1855 2045 1949 2069 2120 2118 2180 2238 2345 2408 2437 2473 2685 2588 2669 2724 2956 2986 2887 2958 3068 3166 3130 3183 3245 3322 3371 3424 3472 3586 3601 3706 3706 3765 3864 3882 4042 4013 4069 4121 4178 4338 4365 4373 4448 4472 4557 4594 4649 4754 4780 4873 4903 4984 5017 5116 5124 5195 5236 5297 5383 5430 5482 5542 5600 5694 5718 5793 5840 5883 5975 6000 6065 6121 6233 6243 6301 6391 6483 6481 6553 6611 6650 6720 6779 6828 6882 6950 7001 7067 7166 7190 7250 7307 7358 7428 7511 7529 7666 7651 7723 7797 7907 7882 7943 8039 8124 8122 8176 8275 8312 8356 8450 8541 8532 8589 8647 8711 8806 8843 8891 8941 9017 9058 9117 9195 9236 9310 9356 9423 9491 9594
925 488 644 366 309 324 180 214 129 0 216 118 1016 236 554 359 413 492 663 598 719 710 844 1020 973 942 1087 1117 1131 1195 1781 1295 1355 1474 1473 1586 1656 1743 1753 1779 1949 1905 1986 2039 2066 2118 2177 2267 2329 2366 2412 2593 2533 2599 2683 2863 2895 2838 2890 2988 3081 3064 3119 3180 3251 3304 3358 3412 3510 3535 3630 3647 3712 3792 3826 3962 3947 4004 4071 4118 4257 4288 4306 4377 4420 4488 4543 4597 4682 4714 4800 4836 4913 4970 5043 5062 5129 5180 5244 5315 5364 5417 5477 5551 5623 5654 5725 5775 5824 5906 5942 6003 6060 6161 6180 6239 6322 6409 6417 6486 6544 6589 6655 6715 6766 6825 6887 6946 7004 7096 7126 7185 7243 7297 7363 7442 7471 7593 7598 7658 7729 7834 7824 7883 7970 8053 8061 8120 8207 8248 8296 8382 8469 8472 8533 8589 8649 8738 8778 8829 8885 8953 9000 9060 9130 9177 9246 9296 9360 9426 9524
1132 628 551 513 465 294 339 425 149 216 0 209 1214 263 717 401 425 541 508 616 786 661 904 1114 1029 904 966 1148 1124 1191 1899 1256 1325 1493 1442 1599 1671 1768 1757 1760 1978 1826 1984 2033 2000 2072 2128 2253 2317 2338 2362 2609 2472 2567 2598 2883 2908 2766 2853 2975 3079 3023 3074 3137 3220 3266 3317 3359 3490 3494 3609 3593 3647 3764 3766 3951 3905 3961 4001 4065 4245 4268 4267 4346 4353 4452 4473 4530 4653 4673 4771 4796 4882 4894 5016 5014 5088 5118 5178 5278 5322 5372 5433 5478 5591 5609 5687 5732 5768 5870 5885 5953 6008 6131 6131 6189 6286 6382 6370 6445 6502 6536 6610 6670 6715 6766 6839 6883 6955 7062 7080 7139 7196 7246 7318 7405 7414 7564 7532 7613 7689 7806 7767 7829 7932 8021 8009 8059 8169 8203 8242 8343 8437 8418 8471 8532 8598 8699 8733 8779 8824 8906 8943 9001 9084 9120 9199 9242 9311 9381 9489
1003 604 720 483 424 414 297 300 206 118 209 0 1009 118 508 245 296 383 568 484 618 592 742 932 870 824 977 1008 1016 1080 1706 1177 1238 1364 1356 1475 1545 1634 1641 1663 1841 1787 1872 1925 1948 2000 2059 2151 2215 2249 2294 2483 2415 2482 2565 2754 2784 2720 2773 2874 2968 2946 3002 3062 3135 3186 3241 3294 3395 3418 3514 3529 3594 3675 3708 3847 3830 3887 3952 4000 4143 4173 4189 4261 4301 4371 4425 4478 4565 4597 4684 4718 4796 4852 4927 4944 5012 5062 5126 5198 5246 5300 5360 5433 5507 5536 5608 5657 5706 5789 5824 5885 5942 6045 6062 6121 6205 6293 6300 6369 6427 6472 6538 6597 6649 6707 6769 6827 6886 6979 7008 7068 7125 7179 7246 7325 7353 7477 7480 7541 7612 7718 7706 7766 7853 7936 7943 8002 8090 8130 8178 8265 8353 8354 8415 8471 8532 8621 8661 8711 8767 8835 8882 8942 9013 9059 9128 9178 9242 9308 9407
746 1084 1607 1046 1020 1291 1027 872 1139 1016 1214 1009 0 1015 544 952 1000 907 1442 984 832 1195 872 760 921 1272 1647 1093 1255 1278 1096 1491 1496 1363 1585 1473 1510 1532 1641 1767 1677 2138 1859 1920 2218 2174 2237 2153 2202 2304 2449 2304 2611 2532 2858 2530 2592 2940 2823 2806 2839 3000 3077 3122 3135 3210 3280 3386 3328 3449 3443 3619 3731 3630 3819 3712 3847 3908 4096 4064 4004 4073 4176 4211 4418 4338 4556 4589 4491 4586 4607 4694 4728 5004 4835 4953 4986 5139 5220 5147 5218 5290 5345 5555 5425 5518 5555 5628 5737 5726 5863 5881 5951 5947 6054 6115 6132 6178 6278 6318 6378 6479 6504 6562 6644 6737 6749 6874 6866 6888 6973 7031 7092 7166 7202 7243 7370 7353 7538 7493 7540 7588 7716 7760 7772 7823 7926 8026 8006 8079 8168 8182 8235 8342 8441 8474 8507 8533 8603 8677 8790 8783 8883 8951 8957 9055 9077 9159 9199 9248 9294
1087 720 807 599 541 516 415 402 311 236 263 118 1015 0 486 140 181 282 484 373 525 474 645 851 772 706 869 902 901 966 1636 1059 1120 1254 1239 1364 1435 1527 1528 1548 1735 1670 1759 1811 1830 1882 1941 2037 2100 2132 2176 2374 2297 2365 2448 2645 2674 2602 2655 2759 2855 2829 2884 2945 3018 3069 3123 3176 3279 3300 3399 3411 3476 3559 3590 3733 3713 3769 3834 3882 4029 4057 4071 4144 4183 4254 4307 4360 4449 4480 4567 4601 4680 4734 4810 4826 4894 4944 5008 5081 5129 5182 5242 5315 5390 5419 5491 5540 5588 5673 5706 5767 5824 5928 5945 6003 6088 6177 6182 6252 6310 6354 6420 6480 6531 6589 6652 6709 6768 6863 6891 6950 7008 7061 7128 7208 7235 7361 7362 7423 7495 7602 7588 7648 7736 7820 7825 7883 7973 8013 8060 8148 8236 8236 8296 8353 8414 8504 8543 8593 8649 8718 8764 8824 8895 8941 9011 9060 9124 9191 9291
874 837 1196 747 698 872 640 504 682 554 717 508 544 486 0 409 456 371 898 467 385 679 483 545 591 809 1140 772 876 921 1244 1099 1129 1118 1237 1236 1294 1356 1412 1490 1544 1759 1648 1707 1878 1877 1940 1943 2001 2070 2169 2199 2314 2307 2521 2455 2500 2637 2602 2648 2715 2781 2848 2901 2945 3009 3071 3152 3176 3247 3295 3389 3478 3470 3580 3602 3656 3716 3843 3851 3898 3946 4003 4058 4181 4177 4312 4356 4353 4415 4471 4531 4589 4753 4709 4774 4825 4926 4999 5000 5060 5122 5180 5321 5296 5355 5411 5472 5550 5588 5672 5713 5776 5829 5888 5948 6001 6070 6120 6176 6235 6306 6353 6412 6479 6554 6592 6683 6709 6769 6824 6883 6943 7006 7059 7120 7195 7253 7342 7352 7412 7492 7546 7598 7650 7718 7770 7849 7885 7941 8009 8061 8133 8184 8263 8309 8356 8416 8470 8531 8615 8647 8720 8783 8823 8894 8941 9006 9059 9117 9191
1123 826 947 707 648 654 530 484 448 359 401 245 952 140 409 0 69 141 495 240 385 378 505 715 632 594 812 764 772 836 1504 943 1000 1118 1118 1229 1299 1389 1395 1421 1597 1570 1628 1680 1723 1766 1825 1908 1971 2008 2060 2238 2186 2242 2348 2509 2539 2495 2533 2630 2723 2708 2765 2825 2894 2947 3002 3060 3152 3179 3271 3295 3364 3434 3477 3603 3592 3649 3724 3765 3899 3930 3949 4020 4072 4130 4197 4249 4323 4358 4442 4479 4555 4627 4684 4707 4773 4831 4896 4958 5007 5062 5122 5206 5265 5298 5368 5419 5472 5549 5591 5648 5706 5803 5825 5884 5964 6051 6062 6130 6188 6236 6300 6359 6412 6473 6532 6595 6649 6738 6770 6830 6888 6943 7007 7085 7119 7235 7249 7302 7372 7476 7472 7530 7613 7695 7707 7768 7850 7892 7942 8025 8111 8118 8182 8236 8295 8381 8422 8474 8534 8597 8648 8708 8774 8824 8890 8942 9005 9070 9166
1192 888 976 768 709 694 588 550 491 413 425 296 1000 181 456 69 0 128 442 193 369 311 482 707 605 532 743 725 720 785 1500 883 942 1075 1061 1184 1256 1349 1348 1367 1558 1505 1578 1630 1659 1706 1765 1856 1919 1953 2000 2194 2124 2186 2283 2466 2495 2431 2477 2578 2675 2651 2707 2767 2839 2891 2945 3000 3099 3122 3218 3235 3303 3379 3416 3553 3535 3592 3662 3706 3848 3877 3893 3965 4010 4075 4135 4187 4269 4301 4388 4423 4500 4564 4631 4649 4716 4770 4834 4902 4951 5005 5065 5144 5211 5241 5312 5362 5412 5494 5531 5590 5647 5749 5767 5826 5909 5997 6005 6073 6131 6177 6242 6302 6354 6413 6474 6535 6591 6683 6713 6772 6830 6884 6950 7029 7059 7181 7188 7245 7316 7422 7412 7471 7558 7640 7648 7708 7794 7835 7883 7969 8057 8059 8122 8177 8237 8325 8365 8416 8474 8540 8588 8648 8717 8765 8833 8884 8947 9013 9111
1175 941 1089 825 766 795 656 589 588 492 541 383 907 282 371 141 128 0 543 123 245 318 364 580 490 497 777 625 648 709 1373 834 885 982 1002 1094 1164 1251 1263 1297 1458 1476 1496 1550 1619 1652 1712 1780 1842 1885 1946 2101 2077 2120 2252 2371 2403 2390 2413 2501 2590 2588 2647 2706 2770 2826 2882 2944 3024 3059 3144 3181 3254 3308 3364 3472 3472 3529 3616 3650 3768 3801 3827 3895 3961 4007 4088 4138 4198 4237 4316 4357 4430 4521 4558 4588 4651 4718 4784 4834 4886 4942 5001 5098 5140 5178 5245 5297 5355 5426 5475 5529 5588 5677 5706 5765 5841 5924 5942 6008 6066 6118 6179 6238 6294 6358 6413 6481 6530 6614 6650 6709 6767 6824 6886 6961 7003 7108 7137 7181 7249 7349 7355 7412 7490 7569 7588 7653 7726 7771 7824 7901 7985 8000 8067 8120 8176 8257 8301 8354 8419 8476 8531 8592 8653 8707 8770 8824 8885 8949 9041
1568 1131 946 1013 960 785 829 867 653 663 508 568 1442 484 898 495 442 543 0 507 721 370 790 1042 880 562 471 920 818 884 1822 868 949 1205 1058 1291 1366 1478 1424 1384 1688 1357 1630 1671 1545 1642 1694 1871 1937 1932 1923 2274 2018 2152 2117 2551 2563 2297 2427 2583 2704 2591 2635 2700 2799 2837 2882 2909 3082 3057 3200 3139 3182 3344 3305 3556 3465 3519 3530 3611 3846 3856 3830 3918 3884 4018 4000 4061 4229 4231 4346 4356 4453 4414 4592 4563 4646 4652 4707 4841 4879 4924 4985 5001 5160 5161 5248 5286 5308 5432 5422 5500 5551 5700 5678 5735 5848 5954 5919 6001 6057 6077 6160 6220 6258 6301 6385 6414 6501 6625 6628 6688 6744 6789 6868 6964 6950 7133 7059 7163 7245 7376 7303 7369 7489 7585 7550 7592 7726 7751 7781 7899 8002 7957 8002 8068 8139 8256 8282 8322 8355 8453 8478 8534 8632 8656 8745 8781 8855 8928 9050
1295 1059 1167 942 883 887 768 710 684 598 616 484 984 373 467 240 193 123 507 0 215 213 306 549 421 373 673 532 533 596 1342 712 765 882 882 991 1062 1155 1156 1182 1364 1353 1388 1440 1496 1531 1592 1668 1731 1769 1826 2001 1955 2004 2129 2273 2302 2268 2296 2390 2484 2471 2529 2588 2655 2709 2765 2825 2912 2942 3032 3061 3133 3194 3244 3363 3355 3412 3494 3530 3659 3690 3711 3781 3840 3892 3967 4017 4084 4121 4203 4241 4316 4399 4445 4470 4535 4597 4664 4719 4770 4825 4885 4976 5026 5061 5130 5181 5236 5311 5356 5411 5470 5564 5589 5647 5726 5811 5825 5892 5950 6000 6062 6122 6176 6238 6295 6361 6412 6499 6533 6592 6650 6706 6770 6846 6884 6995 7016 7065 7134 7236 7236 7294 7375 7456 7470 7534 7611 7654 7706 7786 7872 7882 7947 8001 8059 8142 8185 8237 8300 8359 8412 8473 8537 8589 8653 8706 8768 8832 8927
1258 1132 1332 1023 966 1032 868 776 825 719 786 618 832 525 385 385 369 245 721 215 0 389 126 339 254 442 820 414 492 541 1134 714 745 773 855 889 954 1032 1063 1121 1235 1374 1299 1356 1494 1500 1562 1590 1650 1707 1793 1885 1935 1944 2136 2151 2187 2256 2239 2305 2385 2416 2481 2536 2589 2649 2709 2783 2832 2886 2951 3019 3104 3121 3208 3270 3297 3355 3468 3485 3567 3606 3648 3709 3808 3825 3938 3984 4008 4059 4127 4177 4242 4377 4366 4415 4471 4558 4628 4650 4706 4766 4824 4948 4951 5000 5061 5118 5187 5240 5309 5355 5416 5487 5531 5591 5654 5731 5765 5826 5884 5947 6000 6059 6121 6191 6236 6318 6354 6425 6471 6530 6589 6650 6706 6774 6834 6915 6976 7001 7065 7155 7185 7240 7304 7378 7414 7486 7540 7590 7651 7715 7794 7827 7901 7949 8001 8071 8120 8177 8253 8296 8360 8423 8472 8536 8590 8650 8706 8767 8851
1489 1193 1195 1073 1014 953 889 860 765 710 661 592 1195 474 679 378 311 318 370 213 389 0 432 684 512 243 461 554 478 546 1454 595 663 862 781 959 1033 1139 1108 1100 1351 1197 1329 1376 1357 1415 1473 1593 1657 1677 1707 1963 1825 1907 1975 2239 2259 2128 2194 2314 2421 2365 2418 2480 2560 2607 2659 2707 2829 2836 2948 2941 3003 3103 3119 3291 3248 3304 3361 3413 3585 3607 3609 3686 3711 3793 3834 3888 3993 4015 4111 4138 4222 4261 4355 4359 4431 4473 4535 4619 4665 4716 4777 4842 4932 4953 5029 5075 5118 5211 5236 5300 5356 5471 5477 5536 5627 5721 5716 5788 5846 5885 5955 6014 6063 6118 6185 6238 6301 6403 6425 6484 6541 6593 6663 6747 6765 6904 6890 6958 7032 7146 7118 7179 7274 7361 7357 7413 7511 7547 7591 7685 7778 7767 7825 7883 7946 8042 8078 8126 8178 8252 8294 8353 8430 8471 8544 8591 8658 8726 8831
1355 1256 1452 1147 1091 1156 994 900 948 844 904 742 872 645 483 505 482 364 790 306 126 432 0 253 129 412 818 294 399 439 1039 631 652 650 756 768 831 908 942 1008 1109 1290 1179 1236 1398 1394 1456 1471 1531 1592 1685 1760 1831 1828 2043 2025 2062 2155 2124 2184 2262 2302 2367 2422 2471 2533 2594 2671 2711 2770 2830 2907 2995 3001 3098 3147 3180 3239 3360 3371 3444 3485 3530 3590 3699 3706 3830 3874 3888 3942 4006 4059 4122 4270 4245 4298 4353 4445 4517 4531 4588 4648 4707 4838 4831 4883 4942 5000 5073 5121 5194 5238 5300 5366 5414 5474 5535 5609 5648 5707 5765 5831 5882 5941 6004 6076 6119 6204 6236 6305 6353 6412 6471 6533 6588 6654 6719 6793 6863 6882 6945 7033 7070 7123 7184 7257 7297 7371 7420 7471 7534 7596 7673 7710 7786 7833 7883 7951 8001 8059 8138 8177 8244 8307 8354 8419 8471 8533 8588 8648 8730
1362 1377 1653 1280 1228 1342 1149 1032 1137 1020 1114 932 760 851 545 715 707 580 1042 549 339 684 253 0 203 629 1044 341 523 532 795 754 747 615 828 730 777 824 904 1013 1004 1383 1133 1194 1459 1419 1481 1431 1485 1571 1699 1657 1857 1804 2099 1911 1958 2185 2098 2119 2178 2277 2349 2399 2429 2498 2564 2657 2648 2737 2766 2892 2994 2945 3088 3064 3143 3203 3360 3347 3360 3413 3484 3532 3690 3653 3825 3863 3823 3895 3941 4009 4059 4270 4176 4258 4302 4424 4501 4473 4537 4602 4659 4830 4765 4834 4884 4948 5038 5060 5162 5194 5259 5295 5369 5429 5471 5534 5598 5649 5709 5789 5829 5888 5959 6041 6070 6173 6187 6236 6300 6358 6419 6485 6533 6588 6679 6716 6835 6826 6882 6955 7029 7078 7118 7183 7248 7334 7354 7414 7488 7530 7598 7663 7749 7790 7833 7883 7942 8006 8100 8120 8201 8266 8295 8374 8414 8484 8533 8588 8656
1455 1381 1578 1274 1218 1284 1122 1026 1077 973 1029 870 921 772 591 632 605 490 880 421 254 512 129 203 0 428 843 184 334 358 943 571 576 529 671 647 708 781 823 901 981 1218 1059 1117 1312 1295 1357 1354 1412 1479 1583 1633 1733 1715 1956 1897 1935 2059 2011 2062 2137 2189 2257 2310 2355 2418 2480 2562 2591 2656 2709 2798 2890 2882 2990 3024 3066 3125 3255 3260 3320 3363 3414 3470 3592 3588 3724 3766 3767 3825 3886 3942 4002 4166 4124 4183 4236 4335 4408 4412 4471 4532 4590 4732 4711 4766 4823 4883 4959 5001 5081 5122 5185 5245 5298 5358 5415 5488 5531 5588 5647 5716 5765 5823 5888 5963 6002 6092 6120 6184 6235 6294 6354 6416 6470 6534 6604 6671 6751 6764 6826 6911 6955 7008 7064 7135 7180 7258 7300 7353 7418 7476 7551 7594 7672 7718 7767 7830 7882 7942 8024 8059 8129 8193 8235 8304 8353 8417 8470 8530 8609
1663 1420 1436 1300 1241 1195 1119 1077 1005 942 904 824 1272 706 809 594 532 497 562 373 442 243 412 629 428 0 415 389 256 322 1331 354 421 643 539 731 806 917 872 858 1127 980 1089 1135 1128 1177 1235 1351 1415 1435 1470 1727 1592 1665 1756 2004 2021 1900 1953 2072 2180 2125 2179 2240 2318 2367 2419 2470 2586 2596 2705 2705 2771 2861 2884 3048 3008 3065 3130 3176 3342 3364 3368 3444 3479 3552 3603 3655 3751 3776 3869 3898 3980 4033 4113 4121 4191 4238 4303 4379 4425 4477 4538 4612 4690 4714 4788 4836 4882 4971 5000 5062 5118 5229 5239 5298 5386 5479 5477 5548 5606 5648 5716 5775 5825 5883 5946 6004 6063 6161 6186 6245 6303 6356 6423 6506 6529 6662 6657 6719 6792 6904 6882 6942 7034 7120 7119 7178 7271 7308 7354 7445 7537 7530 7591 7647 7708 7801 7839 7888 7943 8013 8058 8118 8190 8235 8306 8354 8419 8486 8590
1935 1572 1413 1451 1395 1252 1264 1271 1103 1087 966 977 1647 869 1140 812 743 777 471 673 820 461 818 1044 843 415 0 784 609 655 1725 530 614 945 696 997 1069 1189 1091 1006 1385 894 1264 1295 1089 1204 1252 1471 1536 1510 1475 1907 1558 1719 1647 2182 2183 1830 1984 2163 2297 2143 2181 2248 2356 2389 2431 2450 2648 2604 2764 2677 2715 2900 2839 3127 3010 3062 3061 3148 3414 3416 3375 3468 3416 3565 3531 3593 3780 3773 3897 3899 4002 3943 4143 4102 4188 4184 4238 4385 4419 4462 4524 4530 4706 4700 4790 4825 4842 4975 4955 5036 5086 5247 5214 5271 5390 5502 5456 5540 5596 5611 5698 5758 5792 5833 5921 5946 6036 6167 6165 6225 6280 6323 6404 6505 6482 6679 6589 6700 6784 6922 6835 6902 7029 7128 7084 7123 7265 7288 7314 7438 7545 7490 7533 7600 7673 7795 7818 7856 7886 7989 8010 8065 8168 8188 8280 8314 8390 8464 8591
1639 1545 1699 1435 1378 1417 1276 1189 1212 1117 1148 1008 1093 902 772 764 725 625 920 532 414 554 294 341 184 389 784 0 194 192 944 416 406 359 493 475 541 626 649 718 834 1045 885 942 1131 1111 1173 1177 1237 1299 1399 1477 1549 1535 1775 1746 1778 1875 1831 1891 1972 2009 2075 2129 2177 2239 2301 2380 2418 2477 2537 2616 2707 2708 2808 2857 2887 2946 3072 3079 3153 3192 3236 3296 3409 3412 3541 3584 3594 3648 3713 3765 3828 3982 3952 4005 4059 4154 4226 4237 4294 4354 4413 4549 4538 4589 4648 4706 4779 4827 4901 4944 5007 5073 5121 5180 5241 5317 5354 5413 5472 5537 5588 5647 5710 5783 5825 5911 5942 6011 6059 6118 6177 6239 6294 6361 6425 6501 6570 6588 6651 6741 6776 6829 6890 6964 7003 7078 7126 7177 7241 7302 7380 7416 7493 7539 7590 7657 7707 7765 7844 7883 7951 8014 8060 8126 8177 8239 8294 8354 8437
1749 1589 1668 1473 1414 1409 1301 1235 1210 1131 1124 1016 1255 901 876 772 720 648 818 533 492 478 399 523 334 256 609 194 0 68 1118 237 253 388 363 481 556 663 633 649 874 892 860 910 1002 1011 1073 1136 1199 1237 1305 1487 1444 1472 1645 1762 1785 1764 1765 1858 1956 1941 2001 2059 2123 2178 2235 2300 2379 2412 2499 2537 2616 2662 2723 2833 2824 2882 2979 3004 3128 3157 3180 3248 3322 3360 3450 3498 3551 3590 3670 3710 3783 3887 3912 3941 4003 4075 4143 4187 4238 4295 4354 4460 4493 4530 4598 4650 4710 4778 4830 4882 4942 5031 5059 5118 5193 5278 5295 5360 5418 5472 5531 5591 5647 5712 5765 5837 5882 5967 6002 6061 6120 6177 6239 6314 6357 6462 6494 6534 6602 6703 6709 6766 6843 6923 6941 7008 7079 7123 7177 7254 7339 7353 7422 7473 7529 7610 7653 7707 7774 7828 7885 7946 8006 8061 8122 8177 8237 8301 8394
1794 1649 1735 1534 1475 1475 1363 1294 1276 1195 1191 1080 1278 966 921 836 785 709 884 596 541 546 439 532 358 322 655 192 68 0 1080 225 218 321 317 413 488 596 566 588 807 861 794 845 960 959 1021 1072 1135 1177 1252 1419 1394 1412 1604 1694 1717 1716 1706 1794 1890 1882 1944 2001 2062 2118 2176 2244 2316 2353 2436 2481 2563 2600 2668 2768 2765 2823 2927 2948 3063 3094 3120 3186 3268 3299 3397 3444 3489 3530 3607 3649 3721 3836 3849 3882 3943 4019 4089 4126 4178 4235 4294 4407 4431 4471 4537 4590 4652 4717 4773 4823 4883 4969 5000 5059 5132 5216 5235 5300 5358 5414 5471 5531 5588 5655 5706 5781 5823 5905 5942 6002 6060 6118 6179 6252 6299 6400 6438 6473 6541 6640 6651 6707 6781 6860 6882 6951 7018 7063 7119 7193 7277 7295 7365 7415 7470 7548 7593 7647 7717 7768 7827 7888 7945 8002 8062 8118 8177 8241 8332
1841 2059 2424 1982 1936 2104 1883 1746 1904 1781 1899 1706 1096 1636 1244 1504 1500 1373 1822 1342 1134 1454 1039 795 943 1331 1725 944 1118 1080 0 1270 1213 877 1220 913 890 822 995 1181 837 1698 1117 1170 1673 1540 1591 1353 1379 1526 1741 1331 1916 1714 2225 1511 1587 2227 1972 1866 1857 2137 2225 2255 2221 2309 2386 2526 2360 2541 2467 2744 2886 2663 2949 2693 2911 2973 3239 3152 2977 3062 3212 3224 3531 3357 3673 3692 3485 3612 3599 3711 3722 4125 3816 3984 3996 4206 4297 4142 4224 4304 4356 4643 4403 4524 4544 4627 4768 4708 4896 4891 4966 4913 5059 5120 5107 5136 5275 5301 5362 5488 5494 5550 5647 5756 5743 5901 5859 5850 5958 6015 6078 6160 6183 6206 6377 6301 6565 6469 6506 6534 6718 6754 6734 6774 6914 7032 6965 7051 7157 7141 7182 7330 7446 7468 7489 7489 7571 7654 7791 7752 7875 7946 7924 8043 8046 8141 8170 8212 8240
1971 1769 1780 1650 1591 1548 1471 1422 1359 1295 1256 1177 1491 1059 1099 943 883 834 868 712 714 595 631 754 571 354 530 416 237 225 1270 0 85 426 190 468 539 659 568 516 856 661 762 802 787 823 882 1007 1072 1083 1117 1408 1243 1312 1425 1685 1695 1557 1599 1725 1839 1771 1825 1886 1965 2013 2065 2117 2235 2242 2354 2352 2421 2508 2533 2701 2654 2711 2782 2823 2994 3013 3014 3090 3129 3198 3255 3306 3398 3421 3516 3544 3626 3687 3760 3767 3836 3887 3952 4024 4071 4123 4184 4264 4336 4360 4434 4482 4529 4616 4648 4708 4765 4876 4885 4944 5032 5126 5123 5194 5252 5294 5361 5421 5471 5530 5593 5652 5709 5808 5832 5891 5949 6002 6069 6152 6176 6309 6306 6365 6438 6551 6529 6588 6680 6766 6766 6825 6916 6954 7001 7091 7183 7177 7239 7294 7354 7447 7485 7534 7591 7659 7705 7765 7836 7882 7952 8001 8065 8132 8236
2002 1824 1854 1706 1647 1616 1529 1474 1424 1355 1325 1238 1496 1120 1129 1000 942 885 949 765 745 663 652 747 576 421 614 406 253 218 1213 85 0 353 118 386 456 576 483 439 771 642 681 722 749 767 827 931 996 1014 1062 1325 1195 1246 1392 1603 1614 1513 1535 1651 1763 1708 1765 1825 1898 1949 2003 2060 2165 2180 2284 2296 2370 2441 2480 2628 2592 2649 2733 2766 2921 2943 2951 3025 3077 3133 3205 3254 3331 3359 3449 3481 3560 3639 3693 3707 3774 3833 3900 3960 4009 4062 4122 4214 4271 4299 4371 4420 4472 4552 4591 4648 4706 4810 4825 4884 4968 5059 5062 5132 5189 5236 5300 5360 5412 5474 5532 5597 5649 5743 5771 5830 5888 5943 6008 6088 6119 6242 6252 6303 6374 6484 6472 6530 6616 6700 6707 6769 6853 6893 6942 7027 7117 7118 7183 7237 7295 7384 7423 7474 7535 7598 7648 7708 7775 7824 7891 7942 8005 8071 8171
1970 1905 2042 1795 1737 1769 1634 1548 1565 1474 1493 1364 1363 1254 1118 1118 1075 982 1205 882 773 862 650 615 529 643 945 359 388 321 877 426 353 0 343 118 182 277 295 404 489 853 530 589 880 813 875 826 883 958 1087 1120 1248 1193 1506 1391 1421 1577 1488 1533 1612 1667 1737 1788 1827 1892 1956 2044 2061 2131 2180 2280 2380 2353 2475 2497 2539 2599 2746 2738 2794 2835 2885 2941 3077 3059 3211 3250 3238 3297 3357 3413 3473 3656 3595 3656 3707 3814 3890 3883 3942 4004 4062 4217 4182 4238 4294 4354 4434 4472 4557 4595 4658 4716 4770 4830 4886 4959 5003 5059 5118 5189 5236 5295 5361 5437 5474 5567 5591 5655 5707 5766 5825 5888 5941 6005 6078 6143 6228 6235 6296 6383 6428 6480 6535 6607 6652 6732 6771 6824 6891 6946 7022 7066 7146 7191 7238 7301 7353 7413 7498 7530 7602 7666 7706 7776 7824 7888 7941 8000 8080
2111 1942 1970 1824 1765 1734 1648 1591 1542 1473 1442 1356 1585 1239 1237 1118 1061 1002 1058 882 855 781 756 828 671 539 696 493 363 317 1220 190 118 343 0 338 398 516 397 326 697 556 576 614 643 650 711 817 882 896 945 1222 1081 1127 1287 1499 1507 1401 1416 1535 1649 1590 1647 1707 1780 1830 1884 1943 2048 2062 2167 2179 2255 2323 2363 2512 2474 2531 2617 2648 2805 2826 2832 2906 2961 3015 3089 3137 3213 3241 3331 3362 3442 3525 3575 3589 3655 3716 3783 3842 3890 3944 4004 4099 4152 4180 4252 4301 4354 4434 4474 4530 4588 4691 4707 4766 4849 4941 4944 5013 5071 5118 5182 5241 5294 5356 5414 5480 5531 5624 5652 5712 5770 5825 5890 5970 6002 6124 6135 6185 6256 6366 6354 6412 6498 6582 6588 6652 6734 6774 6824 6909 6999 7000 7065 7119 7177 7265 7305 7356 7418 7479 7530 7591 7657 7706 7772 7824 7887 7952 8052
2087 2021 2145 1910 1852 1878 1748 1664 1675 1586 1599 1475 1473 1364 1236 1229 1184 1094 1291 991 889 959 768 730 647 731 997 475 481 413 913 468 386 118 338 0 75 192 176 303 398 789 412 471 794 710 771 708 765 841 977 1011 1141 1076 1407 1284 1311 1470 1371 1416 1497 1550 1621 1671 1709 1774 1838 1928 1944 2013 2063 2163 2265 2235 2359 2381 2421 2481 2631 2621 2678 2717 2767 2823 2961 2941 3095 3134 3121 3179 3239 3295 3355 3541 3478 3538 3589 3697 3773 3765 3824 3886 3944 4100 4064 4119 4176 4236 4316 4354 4439 4477 4540 4598 4652 4712 4768 4842 4884 4941 5000 5071 5118 5177 5243 5319 5356 5450 5473 5537 5589 5647 5707 5770 5823 5887 5960 6026 6110 6117 6179 6266 6310 6362 6417 6489 6534 6614 6653 6706 6773 6829 6905 6948 7028 7073 7120 7183 7235 7295 7380 7412 7484 7548 7588 7658 7706 7770 7823 7883 7962
2138 2086 2219 1976 1919 1949 1816 1730 1746 1656 1671 1545 1510 1435 1294 1299 1256 1164 1366 1062 954 1033 831 777 708 806 1069 541 556 488 890 539 456 182 398 75 0 120 131 297 323 808 356 417 793 691 750 654 709 796 946 939 1114 1027 1391 1211 1240 1442 1321 1354 1431 1500 1573 1622 1654 1721 1787 1881 1883 1960 2001 2116 2222 2176 2313 2316 2367 2427 2588 2570 2613 2655 2711 2764 2915 2883 3050 3087 3060 3122 3178 3238 3295 3497 3416 3483 3531 3647 3724 3706 3766 3829 3887 4054 4003 4062 4117 4178 4262 4294 4386 4421 4485 4537 4596 4656 4707 4779 4827 4882 4941 5015 5060 5118 5186 5265 5299 5397 5416 5476 5531 5589 5649 5714 5765 5827 5905 5963 6058 6058 6118 6202 6255 6306 6356 6427 6477 6559 6592 6647 6716 6768 6843 6891 6974 7017 7063 7123 7176 7237 7325 7353 7428 7492 7529 7602 7647 7713 7765 7823 7900
2184 2162 2318 2055 1998 2042 1900 1807 1837 1743 1768 1634 1532 1527 1356 1389 1349 1251 1478 1155 1032 1139 908 824 781 917 1189 626 663 596 822 659 576 277 516 192 120 0 175 364 212 890 333 394 850 724 779 622 670 778 955 852 1127 1002 1420 1120 1154 1451 1291 1296 1360 1469 1546 1591 1609 1681 1750 1855 1825 1921 1942 2087 2202 2121 2287 2246 2323 2384 2566 2535 2543 2591 2661 2708 2887 2830 3024 3058 3000 3073 3118 3186 3236 3473 3354 3436 3479 3610 3690 3650 3713 3779 3836 4024 3942 4011 4060 4125 4218 4236 4342 4371 4437 4474 4546 4606 4648 4714 4775 4826 4885 4967 5006 5064 5136 5220 5246 5354 5364 5414 5476 5535 5595 5662 5709 5766 5857 5897 6016 6002 6059 6136 6206 6255 6296 6363 6425 6513 6531 6590 6665 6707 6778 6840 6927 6967 7010 7061 7119 7183 7278 7296 7378 7443 7472 7551 7590 7661 7709 7765 7836
2263 2193 2301 2082 2024 2040 1918 1837 1839 1753 1757 1641 1641 1528 1412 1395 1348 1263 1424 1156 1063 1108 942 904 823 872 1091 649 633 566 995 568 483 295 397 176 131 175 0 188 305 715 236 294 678 564 622 531 589 667 815 855 983 900 1263 1131 1151 1311 1195 1242 1328 1374 1446 1496 1533 1598 1662 1753 1769 1837 1888 1989 2093 2059 2185 2210 2245 2304 2458 2445 2506 2544 2591 2648 2787 2765 2922 2960 2946 3003 3064 3119 3180 3368 3303 3362 3413 3521 3597 3589 3648 3710 3768 3926 3889 3943 4000 4060 4139 4179 4262 4300 4364 4424 4476 4536 4592 4668 4708 4765 4824 4894 4942 5000 5066 5143 5180 5273 5297 5362 5412 5471 5531 5594 5647 5712 5783 5852 5934 5941 6003 6092 6134 6185 6242 6315 6358 6437 6478 6530 6596 6653 6731 6772 6852 6896 6944 7008 7059 7119 7203 7236 7307 7371 7412 7482 7530 7594 7647 7707 7788
2355 2237 2293 2122 2063 2050 1950 1883 1855 1779 1760 1663 1767 1548 1490 1421 1367 1297 1384 1182 1121 1100 1008 1013 901 858 1006 718 649 588 1181 516 439 404 326 303 297 364 188 0 464 527 260 290 496 409 470 493 558 588 686 902 844 824 1104 1178 1182 1173 1118 1214 1324 1295 1359 1415 1474 1530 1589 1662 1732 1765 1851 1899 1990 2012 2090 2191 2177 2235 2355 2363 2485 2510 2531 2599 2691 2711 2823 2866 2902 2941 3021 3061 3134 3265 3263 3295 3355 3437 3509 3537 3590 3647 3706 3831 3844 3882 3948 4001 4066 4129 4187 4235 4296 4382 4412 4471 4544 4630 4647 4711 4769 4826 4883 4942 5001 5069 5118 5196 5235 5317 5354 5413 5472 5530 5590 5664 5713 5813 5855 5885 5953 6055 6064 6120 6193 6274 6294 6365 6430 6475 6531 6605 6690 6707 6779 6829 6882 6960 7005 7059 7131 7180 7240 7302 7357 7415 7474 7531 7589 7652 7745
2354 2360 2528 2255 2199 2251 2103 2006 2045 1949 1978 1841 1677 1735 1544 1597 1558 1458 1688 1364 1235 1351 1109 1004 981 1127 1385 834 874 807 837 856 771 489 697 398 323 212 305 464 0 976 295 339 892 728 772 519 552 690 905 655 1080 891 1393 916 956 1390 1166 1130 1176 1340 1423 1461 1460 1538 1610 1730 1655 1777 1771 1958 2085 1955 2161 2061 2171 2232 2445 2393 2357 2412 2500 2539 2755 2664 2895 2924 2825 2910 2943 3020 3062 3346 3176 3277 3313 3465 3548 3479 3546 3615 3671 3886 3766 3845 3888 3957 4061 4062 4186 4207 4275 4294 4381 4441 4472 4532 4607 4653 4713 4804 4836 4894 4972 5061 5079 5198 5196 5235 5306 5364 5425 5495 5537 5588 5695 5713 5861 5829 5883 5951 6043 6089 6118 6180 6257 6351 6353 6417 6498 6529 6595 6672 6766 6802 6840 6882 6944 7012 7116 7122 7212 7279 7297 7384 7417 7492 7536 7590 7654
2629 2390 2303 2269 2210 2119 2084 2054 1949 1905 1826 1787 2138 1670 1759 1570 1505 1476 1357 1353 1374 1197 1290 1383 1218 980 894 1045 892 861 1698 661 642 853 556 789 808 890 715 527 976 0 706 694 210 387 411 748 801 709 601 1225 666 875 779 1473 1445 941 1111 1335 1493 1261 1293 1361 1482 1506 1543 1556 1784 1715 1897 1783 1825 2021 1947 2270 2118 2170 2176 2254 2549 2539 2484 2581 2529 2674 2648 2706 2894 2880 3009 3006 3112 3068 3256 3208 3294 3296 3353 3492 3526 3569 3630 3652 3815 3806 3897 3932 3950 4082 4065 4143 4194 4355 4321 4378 4497 4612 4562 4647 4702 4720 4804 4864 4900 4945 5028 5059 5143 5274 5272 5332 5387 5431 5511 5611 5593 5787 5707 5807 5890 6029 5947 6011 6135 6235 6192 6236 6371 6394 6424 6544 6652 6600 6647 6711 6782 6901 6925 6964 7000 7096 7122 7178 7275 7300 7387 7424 7498 7571 7697
2495 2429 2524 2317 2259 2269 2152 2073 2069 1986 1984 1872 1859 1759 1648 1628 1578 1496 1630 1388 1299 1329 1179 1133 1059 1089 1264 885 860 794 1117 762 681 530 576 412 356 333 236 260 295 706 0 61 601 433 479 297 353 446 629 646 803 673 1107 923 934 1123 966 1006 1096 1145 1219 1267 1298 1365 1430 1528 1533 1604 1652 1762 1872 1823 1960 1976 2011 2071 2237 2214 2272 2308 2356 2411 2561 2529 2697 2733 2709 2767 2828 2883 2944 3145 3067 3127 3177 3291 3368 3353 3412 3474 3532 3699 3653 3708 3764 3824 3906 3943 4029 4065 4129 4188 4241 4301 4356 4432 4473 4529 4588 4660 4706 4765 4831 4909 4944 5041 5061 5126 5177 5235 5295 5359 5411 5476 5549 5616 5702 5705 5767 5856 5899 5950 6006 6079 6122 6203 6242 6294 6361 6417 6495 6536 6618 6661 6708 6772 6823 6883 6969 7000 7072 7137 7176 7247 7294 7359 7411 7471 7552
2555 2484 2571 2372 2314 2319 2206 2128 2120 2039 2033 1925 1920 1811 1707 1680 1630 1550 1671 1440 1356 1376 1236 1194 1117 1135 1295 942 910 845 1170 802 722 589 614 471 417 394 294 290 339 694 61 0 573 394 435 237 295 385 573 612 747 612 1056 888 893 1065 905 951 1046 1084 1158 1206 1239 1305 1370 1466 1477 1544 1596 1701 1811 1766 1899 1923 1951 2011 2175 2154 2218 2252 2297 2354 2500 2471 2636 2672 2653 2708 2771 2825 2887 3084 3011 3068 3119 3230 3307 3296 3354 3415 3474 3638 3596 3649 3707 3766 3846 3885 3969 4006 4070 4131 4182 4242 4299 4376 4414 4471 4530 4600 4647 4706 4772 4849 4886 4980 5003 5070 5118 5177 5237 5300 5353 5419 5489 5560 5642 5647 5710 5801 5840 5891 5948 6023 6064 6144 6185 6236 6302 6360 6439 6477 6558 6602 6650 6715 6766 6825 6910 6942 7013 7077 7118 7188 7236 7300 7353 7413 7496
2751 2547 2491 2427 2368 2295 2245 2204 2118 2066 2000 1948 2218 1830 1878 1723 1659 1619 1545 1496 1494 1357 1398 1459 1312 1128 1089 1131 1002 960 1673 787 749 880 643 794 793 850 678 496 892 210 601 573 0 203 209 573 620 510 393 1046 473 666 645 1283 1250 772 904 1126 1286 1056 1093 1160 1275 1303 1342 1364 1575 1515 1689 1595 1647 1816 1765 2061 1921 1974 2004 2067 2341 2334 2287 2380 2355 2476 2477 2532 2692 2686 2809 2812 2913 2905 3055 3019 3101 3118 3179 3297 3333 3379 3440 3485 3618 3616 3703 3741 3768 3887 3884 3956 4009 4158 4134 4192 4303 4413 4375 4455 4512 4537 4616 4676 4716 4766 4842 4883 4958 5080 5084 5144 5200 5247 5323 5419 5413 5590 5534 5619 5700 5833 5767 5830 5944 6041 6009 6059 6180 6207 6242 6354 6457 6418 6471 6532 6599 6710 6738 6780 6824 6910 6942 7000 7088 7120 7202 7242 7313 7385 7505
2748 2590 2581 2472 2413 2366 2294 2241 2180 2118 2072 2000 2174 1882 1877 1766 1706 1652 1642 1531 1500 1415 1394 1419 1295 1177 1204 1111 1011 959 1540 823 767 813 650 710 691 724 564 409 728 387 433 394 203 0 63 370 418 324 295 844 439 515 700 1087 1058 767 785 966 1116 952 1003 1065 1157 1197 1246 1294 1444 1422 1561 1530 1605 1702 1713 1924 1834 1889 1968 2000 2210 2215 2195 2278 2311 2381 2439 2487 2588 2601 2705 2724 2813 2877 2951 2944 3016 3066 3133 3207 3250 3301 3362 3449 3522 3538 3616 3660 3706 3799 3825 3885 3942 4062 4063 4121 4215 4315 4301 4374 4431 4471 4540 4599 4648 4707 4770 4830 4887 4991 5010 5069 5126 5179 5248 5334 5354 5496 5485 5543 5618 5738 5706 5765 5860 5950 5943 6003 6097 6132 6178 6271 6367 6354 6416 6471 6532 6628 6663 6711 6769 6837 6882 6942 7015 7059 7129 7178 7243 7311 7418
2811 2650 2635 2532 2473 2422 2353 2301 2238 2177 2128 2059 2237 1941 1940 1825 1765 1712 1694 1592 1562 1473 1456 1481 1357 1235 1252 1173 1073 1021 1591 882 827 875 711 771 750 779 622 470 772 411 479 435 209 63 0 377 417 301 235 841 376 472 642 1074 1040 704 733 928 1083 898 946 1009 1105 1143 1190 1235 1396 1366 1513 1470 1543 1651 1652 1878 1777 1833 1907 1941 2163 2165 2140 2224 2250 2326 2378 2426 2535 2545 2652 2668 2760 2815 2898 2887 2960 3006 3072 3151 3194 3244 3305 3388 3468 3481 3560 3604 3647 3743 3766 3827 3883 4008 4005 4063 4159 4261 4243 4317 4374 4413 4482 4542 4590 4648 4712 4770 4829 4935 4952 5012 5069 5121 5190 5278 5294 5441 5425 5486 5561 5684 5647 5707 5804 5895 5884 5943 6041 6075 6119 6215 6312 6295 6357 6412 6473 6572 6606 6653 6709 6779 6823 6883 6957 7000 7072 7119 7185 7253 7363
2792 2717 2785 2603 2545 2541 2435 2361 2345 2267 2253 2151 2153 2037 1943 1908 1856 1780 1871 1668 1590 1593 1471 1431 1354 1351 1471 1177 1136 1072 1353 1007 931 826 817 708 654 622 531 493 519 748 297 237 573 370 377 0 65 173 412 478 582 380 907 733 718 876 670 723 833 848 924 970 1002 1067 1133 1233 1244 1307 1364 1466 1581 1531 1666 1698 1714 1773 1945 1917 1993 2022 2060 2119 2266 2235 2403 2437 2419 2472 2537 2588 2652 2852 2778 2831 2882 2994 3072 3060 3117 3179 3237 3403 3362 3412 3471 3529 3609 3650 3732 3769 3833 3898 3945 4005 4064 4144 4177 4236 4294 4363 4411 4470 4535 4612 4649 4743 4766 4836 4882 4941 5000 5063 5117 5185 5252 5328 5404 5411 5475 5569 5603 5654 5714 5790 5827 5906 5950 6000 6065 6126 6206 6241 6321 6365 6413 6481 6530 6589 6672 6706 6776 6840 6883 6951 7000 7063 7117 7177 7262
2847 2778 2850 2665 2607 2605 2498 2422 2408 2329 2317 2215 2202 2100 2001 1971 1919 1842 1937 1731 1650 1657 1531 1485 1412 1415 1536 1237 1199 1135 1379 1072 996 883 882 765 709 670 589 558 552 801 353 295 620 418 417 65 0 166 418 426 580 340 908 675 656 860 622 659 768 799 877 921 945 1013 1080 1186 1183 1253 1302 1418 1537 1471 1619 1634 1658 1718 1900 1865 1929 1959 2002 2059 2217 2176 2355 2388 2358 2414 2476 2530 2592 2805 2717 2774 2824 2941 3020 3001 3059 3121 3179 3353 3301 3354 3412 3471 3553 3590 3677 3712 3776 3837 3887 3947 4004 4083 4119 4176 4235 4306 4353 4411 4478 4556 4591 4688 4708 4775 4823 4882 4942 5005 5058 5124 5196 5267 5350 5352 5415 5507 5546 5597 5654 5729 5769 5850 5890 5941 6007 6065 6145 6183 6265 6308 6355 6420 6471 6530 6616 6647 6719 6783 6823 6893 6941 7005 7058 7118 7201
2928 2825 2861 2710 2651 2630 2537 2471 2437 2366 2338 2249 2304 2132 2070 2008 1953 1885 1932 1769 1707 1677 1592 1571 1479 1435 1510 1299 1237 1177 1526 1083 1014 958 896 841 796 778 667 588 690 709 446 385 510 324 301 173 166 0 252 557 414 236 742 776 739 703 532 653 794 710 779 831 886 942 1002 1087 1153 1178 1272 1322 1427 1427 1518 1623 1589 1648 1792 1781 1914 1930 1943 2012 2120 2123 2255 2293 2317 2353 2435 2473 2547 2702 2679 2707 2766 2857 2931 2950 3001 3059 3118 3259 3258 3294 3360 3413 3481 3541 3602 3648 3709 3796 3824 3884 3956 4045 4059 4123 4181 4239 4295 4354 4413 4484 4530 4612 4647 4730 4766 4825 4884 4943 5002 5077 5127 5228 5272 5297 5365 5470 5478 5532 5606 5687 5707 5779 5842 5886 5944 6017 6104 6119 6194 6242 6294 6373 6417 6471 6546 6592 6653 6715 6769 6828 6885 6943 7001 7064 7158
3038 2885 2866 2767 2708 2656 2588 2535 2473 2412 2362 2294 2449 2176 2169 2060 2000 1946 1923 1826 1793 1707 1685 1699 1583 1470 1475 1399 1305 1252 1741 1117 1062 1087 945 977 946 955 815 686 905 601 629 573 393 295 235 412 418 252 0 791 175 291 495 981 929 496 511 747 918 668 713 777 883 915 959 1000 1182 1134 1297 1235 1311 1426 1418 1668 1544 1599 1675 1706 1948 1943 1908 1995 2017 2095 2145 2193 2307 2311 2423 2436 2530 2584 2670 2652 2727 2771 2838 2919 2960 3010 3071 3155 3237 3247 3327 3370 3412 3511 3531 3592 3648 3777 3770 3828 3927 4031 4009 4084 4141 4178 4248 4308 4355 4413 4477 4535 4594 4703 4718 4778 4834 4886 4956 5045 5059 5210 5190 5252 5328 5453 5412 5472 5571 5664 5649 5708 5808 5841 5884 5982 6080 6060 6122 6177 6238 6338 6372 6418 6474 6545 6588 6648 6723 6765 6837 6884 6950 7019 7130
3000 3013 3155 2907 2850 2888 2751 2658 2685 2593 2609 2483 2304 2374 2199 2238 2194 2101 2274 2001 1885 1963 1760 1657 1633 1727 1907 1477 1487 1419 1331 1408 1325 1120 1222 1011 939 852 855 902 655 1225 646 612 1046 844 841 478 426 557 791 0 920 570 1238 277 302 1123 720 539 536 855 947 961 898 991 1070 1227 1034 1216 1145 1431 1588 1337 1636 1412 1581 1642 1928 1823 1706 1769 1887 1910 2205 2040 2349 2364 2187 2292 2304 2396 2425 2800 2532 2662 2685 2876 2967 2843 2917 2991 3045 3313 3123 3217 3251 3325 3448 3422 3575 3582 3653 3647 3753 3814 3830 3882 3976 4014 4075 4179 4201 4258 4343 4442 4446 4583 4563 4588 4669 4727 4789 4863 4899 4942 5070 5062 5248 5189 5238 5300 5415 5458 5472 5531 5623 5727 5707 5775 5864 5883 5944 6038 6141 6171 6203 6235 6301 6373 6489 6481 6580 6649 6655 6751 6775 6856 6895 6946 7003
3186 3011 2964 2892 2833 2767 2711 2665 2588 2533 2472 2415 2611 2297 2314 2186 2124 2077 2018 1955 1935 1825 1831 1857 1733 1592 1558 1549 1444 1394 1916 1243 1195 1248 1081 1141 1114 1127 983 844 1080 666 803 747 473 439 376 582 580 414 175 920 0 365 329 1079 1016 329 482 775 957 607 630 700 836 849 881 892 1147 1050 1255 1122 1179 1364 1294 1634 1452 1504 1539 1594 1903 1883 1818 1916 1886 2008 2011 2063 2229 2214 2345 2341 2447 2445 2592 2546 2629 2648 2711 2827 2861 2906 2967 3021 3149 3143 3232 3268 3296 3417 3413 3483 3536 3689 3661 3719 3832 3946 3902 3983 4039 4064 4143 4203 4243 4294 4369 4413 4485 4609 4611 4671 4727 4774 4850 4947 4942 5121 5065 5146 5227 5364 5295 5357 5471 5570 5537 5588 5708 5734 5770 5881 5987 5946 6001 6060 6126 6238 6265 6308 6353 6437 6471 6529 6615 6648 6729 6770 6840 6912 7033
3163 3061 3086 2945 2886 2860 2772 2706 2669 2599 2567 2482 2532 2365 2307 2242 2186 2120 2152 2004 1944 1907 1828 1804 1715 1665 1719 1535 1472 1412 1714 1312 1246 1193 1127 1076 1027 1002 900 824 891 875 673 612 666 515 472 380 340 236 291 570 365 0 670 715 652 560 296 461 627 474 546 595 653 706 765 854 930 942 1048 1089 1201 1196 1287 1408 1353 1412 1564 1545 1695 1704 1708 1779 1887 1888 2024 2060 2086 2118 2204 2238 2315 2472 2448 2471 2531 2621 2697 2716 2766 2823 2882 3026 3025 3058 3126 3178 3244 3307 3366 3411 3472 3564 3588 3647 3723 3814 3823 3888 3946 4003 4059 4119 4177 4248 4294 4376 4411 4497 4530 4589 4648 4706 4766 4843 4890 4997 5036 5061 5130 5239 5242 5296 5371 5455 5470 5543 5608 5651 5707 5783 5872 5883 5957 6005 6058 6139 6181 6235 6309 6356 6416 6479 6533 6592 6650 6707 6765 6829 6925
3394 3168 3059 3048 2989 2890 2863 2832 2724 2683 2598 2565 2858 2448 2521 2348 2283 2252 2117 2129 2136 1975 2043 2099 1956 1756 1647 1775 1645 1604 2225 1425 1392 1506 1287 1407 1391 1420 1263 1104 1393 779 1107 1056 645 700 642 907 908 742 495 1238 329 670 0 1373 1300 238 677 1007 1194 731 711 781 957 936 940 882 1267 1084 1359 1081 1083 1427 1216 1739 1447 1491 1418 1537 1983 1935 1807 1928 1774 2001 1885 1950 2239 2181 2349 2310 2441 2297 2594 2486 2589 2542 2593 2795 2815 2847 2910 2883 3126 3084 3190 3212 3205 3376 3316 3408 3454 3662 3586 3641 3788 3922 3830 3925 3979 3975 4073 4133 4158 4191 4290 4300 4404 4562 4537 4597 4650 4687 4777 4892 4839 5083 4942 5072 5164 5326 5193 5262 5410 5523 5445 5478 5646 5657 5673 5817 5938 5850 5887 5956 6034 6174 6187 6219 6240 6355 6366 6420 6535 6545 6645 6672 6753 6831 6974
3240 3276 3429 3171 3115 3160 3019 2922 2956 2863 2883 2754 2530 2645 2455 2509 2466 2371 2551 2273 2151 2239 2025 1911 1897 2004 2182 1746 1762 1694 1511 1685 1603 1391 1499 1284 1211 1120 1131 1178 916 1473 923 888 1283 1087 1074 733 675 776 981 277 1079 715 1373 0 97 1219 758 472 374 845 935 927 814 913 992 1171 868 1110 966 1346 1520 1165 1545 1186 1433 1494 1835 1690 1475 1553 1709 1714 2082 1848 2227 2232 1975 2104 2090 2201 2212 2672 2311 2476 2486 2714 2810 2633 2714 2793 2845 3160 2900 3014 3036 3117 3259 3203 3388 3381 3455 3418 3549 3610 3606 3648 3766 3796 3857 3977 3987 4044 4137 4245 4234 4391 4351 4358 4453 4510 4572 4652 4680 4713 4866 4824 5055 4968 5011 5060 5208 5246 5243 5294 5408 5522 5476 5552 5651 5652 5706 5824 5936 5960 5986 6003 6076 6153 6282 6256 6368 6439 6429 6537 6550 6638 6672 6719 6765
3295 3316 3452 3209 3152 3188 3053 2961 2986 2895 2908 2784 2592 2674 2500 2539 2495 2403 2563 2302 2187 2259 2062 1958 1935 2021 2183 1778 1785 1717 1587 1695 1614 1421 1507 1311 1240 1154 1151 1182 956 1445 934 893 1250 1058 1040 718 656 739 929 302 1016 652 1300 97 0 1138 670 376 281 751 840 831 717 816 895 1074 781 1015 882 1249 1423 1080 1449 1120 1344 1405 1740 1598 1412 1483 1627 1637 1990 1770 2135 2141 1904 2025 2019 2124 2142 2581 2244 2397 2410 2629 2723 2562 2640 2718 2770 3073 2834 2940 2967 3045 3181 3136 3309 3306 3380 3355 3476 3537 3541 3588 3695 3729 3789 3903 3917 3975 4064 4170 4164 4314 4281 4296 4385 4442 4504 4582 4612 4651 4793 4766 4978 4902 4948 5003 5137 5176 5180 5235 5339 5450 5414 5487 5582 5590 5648 5755 5863 5890 5918 5942 6012 6086 6210 6191 6298 6368 6365 6468 6486 6570 6607 6656 6708
3510 3319 3242 3199 3140 3060 3016 2976 2887 2838 2766 2720 2940 2602 2637 2495 2431 2390 2297 2268 2256 2128 2155 2185 2059 1900 1830 1875 1764 1716 2227 1557 1513 1577 1401 1470 1442 1451 1311 1173 1390 941 1123 1065 772 767 704 876 860 703 496 1123 329 560 238 1219 1138 0 480 813 998 503 476 544 724 699 702 651 1031 848 1122 860 885 1190 1011 1501 1219 1265 1235 1325 1745 1700 1582 1698 1588 1776 1707 1765 2010 1963 2122 2092 2216 2133 2368 2278 2374 2355 2412 2578 2603 2640 2702 2714 2907 2877 2977 3004 3012 3163 3125 3208 3257 3444 3386 3442 3576 3704 3629 3719 3773 3782 3872 3931 3963 4004 4092 4118 4207 4352 4337 4397 4452 4493 4577 4685 4652 4870 4766 4873 4960 5113 5006 5072 5206 5313 5254 5295 5442 5459 5484 5614 5729 5660 5706 5771 5843 5971 5990 6026 6059 6160 6181 6237 6339 6359 6450 6484 6560 6635 6769
3458 3354 3366 3238 3179 3146 3063 3000 2958 2890 2853 2773 2823 2655 2602 2533 2477 2413 2427 2296 2239 2194 2124 2098 2011 1953 1984 1831 1765 1706 1972 1599 1535 1488 1416 1371 1321 1291 1195 1118 1166 1111 966 905 904 785 733 670 622 532 511 720 482 296 677 758 670 480 0 333 519 179 256 300 373 414 470 564 673 647 786 796 919 917 997 1160 1059 1117 1279 1250 1437 1432 1416 1493 1596 1599 1734 1767 1803 1825 1920 1946 2029 2183 2166 2176 2239 2326 2402 2426 2474 2529 2589 2733 2739 2765 2836 2885 2949 3018 3070 3117 3178 3278 3294 3353 3434 3530 3530 3597 3654 3708 3766 3826 3882 3952 4000 4081 4117 4209 4237 4297 4355 4412 4474 4554 4595 4712 4740 4769 4840 4954 4946 5001 5081 5168 5176 5248 5318 5358 5413 5493 5585 5589 5662 5710 5764 5849 5889 5942 6014 6064 6121 6184 6241 6297 6357 6412 6472 6537 6637
3479 3435 3505 3323 3264 3264 3156 3079 3068 2988 2975 2874 2806 2759 2648 2630 2578 2501 2583 2390 2305 2314 2184 2119 2062 2072 2163 1891 1858 1794 1866 1725 1651 1533 1535 1416 1354 1296 1242 1214 1130 1335 1006 951 1126 966 928 723 659 653 747 539 775 461 1007 472 376 813 333 0 187 378 465 455 361 456 535 705 529 677 647 896 1061 827 1100 976 1049 1110 1392 1285 1270 1302 1371 1412 1666 1535 1810 1826 1706 1781 1824 1891 1941 2261 2062 2148 2184 2346 2434 2354 2418 2486 2542 2778 2649 2716 2765 2829 2932 2941 3058 3078 3146 3182 3252 3312 3353 3426 3480 3530 3589 3675 3710 3768 3843 3932 3951 4069 4069 4122 4180 4239 4299 4368 4413 4472 4566 4610 4733 4706 4765 4850 4914 4961 5002 5073 5130 5222 5238 5295 5370 5414 5489 5545 5637 5674 5714 5768 5823 5887 5986 6001 6084 6150 6176 6257 6295 6365 6413 6470 6546
3529 3517 3616 3407 3350 3365 3245 3161 3166 3081 3079 2968 2839 2855 2715 2723 2675 2590 2704 2484 2385 2421 2262 2178 2137 2180 2297 1972 1956 1890 1857 1839 1763 1612 1649 1497 1431 1360 1328 1324 1176 1493 1096 1046 1286 1116 1083 833 768 794 918 536 957 627 1194 374 281 998 519 187 0 540 619 595 453 552 629 815 504 738 611 976 1155 806 1173 887 1064 1125 1463 1317 1183 1237 1355 1375 1709 1505 1854 1860 1653 1758 1769 1861 1890 2300 2001 2129 2150 2352 2446 2308 2381 2456 2510 2795 2590 2681 2716 2790 2914 2888 3041 3046 3118 3118 3218 3278 3297 3356 3440 3480 3540 3644 3666 3724 3807 3907 3911 4049 4028 4059 4135 4192 4254 4328 4365 4412 4535 4538 4713 4656 4707 4777 4880 4922 4942 5005 5088 5191 5177 5243 5329 5353 5419 5503 5605 5636 5669 5706 5769 5839 5953 5948 6045 6114 6122 6216 6242 6321 6362 6415 6478
3637 3529 3533 3413 3354 3317 3238 3176 3130 3064 3023 2946 3000 2829 2781 2708 2651 2588 2591 2471 2416 2365 2302 2277 2189 2125 2143 2009 1941 1882 2137 1771 1708 1667 1590 1550 1500 1469 1374 1295 1340 1261 1145 1084 1056 952 898 848 799 710 668 855 607 474 731 845 751 503 179 378 540 0 92 122 232 246 294 390 546 472 650 619 749 761 821 1031 884 941 1106 1071 1297 1279 1244 1327 1418 1429 1557 1589 1638 1651 1755 1773 1862 2007 2001 2000 2066 2147 2224 2255 2300 2354 2414 2555 2570 2590 2664 2711 2771 2847 2892 2941 3001 3110 3118 3177 3263 3363 3354 3424 3481 3531 3592 3651 3706 3774 3825 3902 3942 4039 4062 4122 4180 4236 4299 4382 4417 4544 4562 4595 4667 4786 4769 4825 4909 4998 5000 5070 5146 5184 5236 5320 5415 5412 5484 5533 5588 5677 5715 5766 5836 5889 5944 6006 6067 6120 6182 6236 6297 6362 6466
3707 3588 3578 3471 3412 3368 3295 3236 3183 3119 3074 3002 3077 2884 2848 2765 2707 2647 2635 2529 2481 2418 2367 2349 2257 2179 2181 2075 2001 1944 2225 1825 1765 1737 1647 1621 1573 1546 1446 1359 1423 1293 1219 1158 1093 1003 946 924 877 779 713 947 630 546 711 935 840 476 256 465 619 92 0 71 251 227 251 309 556 423 649 543 663 738 742 1030 832 887 1023 1004 1285 1256 1195 1288 1342 1384 1479 1514 1600 1599 1716 1723 1820 1928 1963 1942 2014 2078 2152 2207 2248 2299 2359 2481 2526 2535 2615 2658 2708 2798 2829 2883 2941 3066 3061 3119 3214 3321 3298 3371 3429 3471 3537 3596 3647 3711 3768 3837 3884 3991 4007 4067 4124 4178 4245 4332 4356 4499 4495 4540 4615 4742 4708 4765 4859 4951 4941 5007 5095 5130 5177 5269 5368 5353 5421 5472 5530 5626 5660 5709 5773 5834 5883 5945 6012 6060 6127 6177 6240 6308 6417
3758 3647 3643 3530 3471 3431 3354 3294 3245 3180 3137 3062 3122 2945 2901 2825 2767 2706 2700 2588 2536 2480 2422 2399 2310 2240 2248 2129 2059 2001 2255 1886 1825 1788 1707 1671 1622 1591 1496 1415 1461 1361 1267 1206 1160 1065 1009 970 921 831 777 961 700 595 781 927 831 544 300 455 595 122 71 0 190 156 182 271 488 357 579 497 632 667 700 960 768 825 986 950 1214 1185 1131 1220 1297 1318 1435 1467 1532 1536 1649 1659 1753 1886 1895 1882 1951 2026 2102 2142 2185 2238 2298 2433 2460 2474 2551 2596 2651 2734 2772 2823 2882 3000 3001 3059 3150 3255 3238 3309 3366 3413 3476 3535 3588 3654 3707 3782 3824 3926 3946 4005 4063 4118 4183 4269 4298 4433 4441 4479 4553 4676 4650 4706 4795 4886 4882 4950 5032 5068 5118 5206 5303 5294 5364 5414 5470 5563 5599 5649 5716 5773 5825 5887 5950 6001 6066 6118 6180 6246 6353
3791 3711 3736 3596 3537 3513 3423 3356 3322 3251 3220 3135 3135 3018 2945 2894 2839 2770 2799 2655 2589 2560 2471 2429 2355 2318 2356 2177 2123 2062 2221 1965 1898 1827 1780 1709 1654 1609 1533 1474 1460 1482 1298 1239 1275 1157 1105 1002 945 886 883 898 836 653 957 814 717 724 373 361 453 232 251 190 0 99 178 362 314 320 419 536 706 545 739 799 714 775 1032 935 1069 1060 1059 1126 1309 1237 1453 1472 1433 1470 1551 1588 1662 1904 1796 1829 1882 2005 2089 2064 2117 2177 2236 2429 2372 2411 2475 2529 2609 2655 2733 2768 2831 2911 2944 3003 3070 3162 3176 3238 3296 3362 3411 3470 3534 3612 3648 3745 3765 3845 3882 3941 4000 4062 4118 4191 4251 4344 4407 4412 4479 4586 4601 4653 4720 4802 4825 4906 4956 5002 5064 5131 5219 5239 5320 5364 5412 5487 5532 5588 5671 5707 5775 5839 5884 5949 6001 6062 6117 6179 6273
3859 3767 3778 3651 3592 3560 3477 3412 3371 3304 3266 3186 3210 3069 3009 2947 2891 2826 2837 2709 2649 2607 2533 2498 2418 2367 2389 2239 2178 2118 2309 2013 1949 1892 1830 1774 1721 1681 1598 1530 1538 1506 1365 1305 1303 1197 1143 1067 1013 942 915 991 849 706 936 913 816 699 414 456 552 246 227 156 99 0 80 264 337 240 424 441 608 516 645 804 648 707 937 855 1059 1035 1002 1081 1223 1185 1365 1388 1392 1412 1509 1532 1617 1816 1755 1766 1826 1929 2011 2012 2060 2117 2176 2348 2325 2352 2422 2472 2542 2604 2665 2706 2767 2865 2882 2942 3020 3118 3117 3183 3241 3298 3353 3413 3471 3545 3588 3676 3705 3795 3824 3883 3942 4001 4061 4140 4186 4299 4337 4356 4426 4541 4537 4591 4667 4754 4765 4840 4904 4945 5002 5079 5171 5178 5254 5300 5352 5435 5476 5529 5606 5650 5711 5775 5828 5887 5944 6001 6059 6123 6223
3925 3823 3825 3707 3648 3611 3532 3470 3424 3358 3317 3241 3280 3123 3071 3002 2945 2882 2882 2765 2709 2659 2594 2564 2480 2419 2431 2301 2235 2176 2386 2065 2003 1956 1884 1838 1787 1750 1662 1589 1610 1543 1430 1370 1342 1246 1190 1133 1080 1002 959 1070 881 765 940 992 895 702 470 535 629 294 251 182 178 80 0 191 362 177 430 361 528 491 566 803 590 647 858 785 1044 1007 950 1038 1148 1136 1289 1314 1350 1357 1466 1479 1571 1741 1713 1706 1772 1861 1941 1961 2006 2060 2120 2277 2278 2296 2370 2417 2479 2553 2601 2647 2707 2818 2824 2883 2969 3073 3060 3129 3187 3238 3297 3357 3412 3482 3530 3612 3647 3745 3768 3827 3885 3942 4005 4088 4125 4252 4272 4300 4373 4494 4476 4531 4615 4705 4706 4778 4852 4890 4943 5026 5122 5119 5192 5240 5294 5383 5420 5472 5544 5595 5651 5714 5772 5827 5888 5942 6003 6068 6173
4013 3884 3855 3766 3707 3654 3588 3534 3472 3412 3359 3294 3386 3176 3152 3060 3000 2944 2909 2825 2783 2707 2671 2657 2562 2470 2450 2380 2300 2244 2526 2117 2060 2044 1943 1928 1881 1855 1753 1662 1730 1556 1528 1466 1364 1294 1235 1233 1186 1087 1000 1227 892 854 882 1171 1074 651 564 705 815 390 309 271 362 264 191 0 527 224 570 237 362 571 433 915 569 617 716 706 1124 1060 934 1047 1033 1127 1170 1206 1359 1324 1471 1451 1567 1619 1717 1655 1738 1775 1847 1937 1970 2015 2076 2173 2263 2252 2341 2377 2412 2526 2531 2594 2649 2802 2772 2830 2941 3060 3012 3091 3148 3178 3252 3312 3356 3413 3479 3537 3595 3718 3721 3781 3837 3887 3960 4056 4059 4232 4194 4255 4335 4475 4412 4472 4580 4679 4650 4709 4816 4844 4884 4990 5096 5060 5122 5177 5239 5346 5375 5419 5475 5547 5588 5648 5725 5765 5839 5884 5952 6022 6141
4007 3961 4014 3848 3789 3781 3680 3605 3586 3510 3490 3395 3328 3279 3176 3152 3099 3024 3082 2912 2832 2829 2711 2648 2591 2586 2648 2418 2379 2316 2360 2235 2165 2061 2048 1944 1883 1825 1769 1732 1655 1784 1533 1477 1575 1444 1396 1244 1183 1153 1182 1034 1147 930 1267 868 781 1031 673 529 504 546 556 488 314 337 362 527 0 339 119 579 772 303 745 488 567 627 1017 829 767 778 853 884 1225 1010 1369 1368 1177 1259 1295 1366 1412 1809 1535 1629 1658 1849 1943 1825 1891 1961 2017 2292 2120 2190 2236 2302 2414 2412 2541 2553 2623 2655 2726 2787 2825 2900 2953 3001 3060 3150 3182 3240 3317 3410 3424 3550 3541 3594 3652 3710 3771 3840 3885 3944 4042 4084 4215 4177 4236 4325 4388 4434 4473 4546 4602 4698 4709 4766 4843 4885 4962 5017 5112 5147 5186 5240 5294 5358 5461 5472 5557 5624 5647 5730 5766 5837 5884 5941 6019
4099 4000 4000 3884 3825 3788 3709 3647 3601 3535 3494 3418 3449 3300 3247 3179 3122 3059 3057 2942 2886 2836 2770 2737 2656 2596 2604 2477 2412 2353 2541 2242 2180 2131 2062 2013 1960 1921 1837 1765 1777 1715 1604 1544 1515 1422 1366 1307 1253 1178 1134 1216 1050 942 1084 1110 1015 848 647 677 738 472 423 357 320 240 177 224 339 0 357 247 438 350 436 692 412 470 725 616 905 852 773 866 990 961 1134 1152 1179 1179 1295 1302 1398 1585 1541 1529 1595 1690 1772 1785 1829 1883 1942 2111 2103 2119 2194 2240 2303 2377 2426 2470 2531 2643 2647 2706 2793 2898 2883 2952 3010 3061 3120 3180 3235 3307 3353 3437 3470 3569 3591 3650 3708 3765 3828 3912 3949 4076 4098 4123 4196 4319 4300 4354 4438 4529 4529 4602 4675 4713 4766 4849 4946 4942 5016 5063 5117 5206 5243 5295 5368 5418 5475 5537 5595 5650 5711 5765 5825 5891 5996
4124 4080 4132 3967 3909 3900 3799 3724 3706 3630 3609 3514 3443 3399 3295 3271 3218 3144 3200 3032 2951 2948 2830 2766 2709 2705 2764 2537 2499 2436 2467 2354 2284 2180 2167 2063 2001 1942 1888 1851 1771 1897 1652 1596 1689 1561 1513 1364 1302 1272 1297 1145 1255 1048 1359 966 882 1122 786 647 611 650 649 579 419 424 430 570 119 357 0 573 762 199 714 381 486 542 970 753 652 659 745 768 1149 896 1292 1284 1058 1147 1177 1252 1294 1726 1415 1518 1543 1748 1844 1708 1776 1848 1902 2195 2001 2075 2118 2186 2303 2294 2431 2439 2509 2536 2611 2672 2706 2781 2837 2884 2943 3036 3065 3123 3202 3298 3308 3439 3425 3475 3535 3593 3654 3725 3767 3825 3927 3965 4103 4060 4117 4205 4274 4318 4355 4427 4486 4584 4591 4648 4727 4766 4843 4901 4998 5032 5069 5121 5176 5241 5347 5354 5442 5509 5529 5614 5648 5721 5767 5823 5900
4250 4120 4085 4002 3943 3887 3824 3770 3706 3647 3593 3529 3619 3411 3389 3295 3235 3181 3139 3061 3019 2941 2907 2892 2798 2705 2677 2616 2537 2481 2744 2352 2296 2280 2179 2163 2116 2087 1989 1899 1958 1783 1762 1701 1595 1530 1470 1466 1418 1322 1235 1431 1122 1089 1081 1346 1249 860 796 896 976 619 543 497 536 441 361 237 579 247 573 0 192 491 205 847 378 414 497 472 1003 911 728 858 799 922 938 971 1164 1103 1272 1232 1360 1389 1515 1425 1515 1538 1610 1718 1744 1786 1847 1937 2047 2023 2118 2149 2177 2303 2295 2362 2415 2584 2540 2597 2717 2844 2780 2864 2919 2944 3022 3081 3122 3178 3247 3301 3363 3494 3490 3550 3605 3653 3729 3829 3824 4010 3957 4024 4107 4253 4177 4237 4352 4455 4416 4473 4588 4613 4650 4761 4871 4826 4887 4942 5005 5118 5144 5186 5239 5315 5353 5413 5494 5530 5607 5650 5719 5790 5914
4345 4190 4127 4071 4012 3941 3890 3843 3765 3712 3647 3594 3731 3476 3478 3364 3303 3254 3182 3133 3104 3003 2995 2994 2890 2771 2715 2707 2616 2563 2886 2421 2370 2380 2255 2265 2222 2202 2093 1990 2085 1825 1872 1811 1647 1605 1543 1581 1537 1427 1311 1588 1179 1201 1083 1520 1423 885 919 1061 1155 749 663 632 706 608 528 362 772 438 762 192 0 663 142 1012 481 496 366 466 1136 1026 782 932 708 970 835 885 1222 1114 1321 1245 1396 1276 1556 1403 1514 1471 1532 1723 1735 1765 1828 1844 2057 2001 2112 2130 2127 2298 2241 2326 2373 2588 2504 2560 2707 2850 2747 2842 2896 2897 2991 3051 3079 3120 3209 3236 3324 3481 3455 3515 3569 3609 3695 3809 3768 4004 3886 3990 4081 4247 4122 4187 4327 4440 4369 4412 4563 4576 4599 4734 4855 4776 4824 4887 4958 5091 5107 5142 5177 5276 5297 5354 5455 5475 5566 5599 5675 5752 5891
4305 4247 4282 4133 4074 4056 3963 3891 3864 3792 3764 3675 3630 3559 3470 3434 3379 3308 3344 3194 3121 3103 3001 2945 2882 2861 2900 2708 2662 2600 2663 2508 2441 2353 2323 2235 2176 2121 2059 2012 1955 2021 1823 1766 1816 1702 1651 1531 1471 1427 1426 1337 1364 1196 1427 1165 1080 1190 917 827 806 761 738 667 545 516 491 571 303 350 199 491 663 0 584 356 299 351 810 566 556 519 549 588 960 709 1102 1090 890 956 1008 1065 1122 1530 1252 1325 1358 1549 1645 1530 1592 1660 1716 1996 1832 1890 1941 2003 2111 2119 2238 2252 2321 2369 2425 2486 2533 2618 2654 2706 2765 2849 2884 2943 3016 3108 3125 3247 3242 3305 3355 3414 3474 3541 3589 3654 3740 3802 3911 3882 3944 4043 4087 4134 4183 4261 4304 4396 4419 4471 4544 4595 4678 4718 4811 4847 4888 4950 5000 5062 5160 5177 5257 5324 5353 5430 5471 5539 5589 5647 5733
4443 4302 4251 4183 4124 4060 4004 3953 3882 3826 3766 3708 3819 3590 3580 3477 3416 3364 3305 3244 3208 3119 3098 3088 2990 2884 2839 2808 2723 2668 2949 2533 2480 2475 2363 2359 2313 2287 2185 2090 2161 1947 1960 1899 1765 1713 1652 1666 1619 1518 1418 1636 1294 1287 1216 1545 1449 1011 997 1100 1173 821 742 700 739 645 566 433 745 436 714 205 142 584 0 919 360 365 292 325 1018 899 642 794 602 828 737 776 1080 973 1179 1104 1254 1186 1414 1270 1375 1354 1421 1584 1599 1631 1694 1742 1918 1868 1975 1996 2003 2161 2119 2197 2247 2450 2375 2432 2572 2712 2618 2710 2764 2773 2861 2921 2953 3000 3081 3119 3197 3346 3327 3387 3441 3484 3566 3677 3648 3868 3773 3862 3950 4111 4001 4065 4196 4306 4245 4294 4432 4449 4477 4604 4722 4653 4707 4766 4835 4960 4979 5017 5060 5149 5177 5235 5328 5355 5440 5477 5550 5625 5760
4412 4402 4481 4291 4234 4240 4128 4046 4042 3962 3951 3847 3712 3733 3602 3603 3553 3472 3556 3363 3270 3291 3147 3064 3024 3048 3127 2857 2833 2768 2693 2701 2628 2497 2512 2381 2316 2246 2210 2191 2061 2270 1976 1923 2061 1924 1878 1698 1634 1623 1668 1412 1634 1408 1739 1186 1120 1501 1160 976 887 1031 1030 960 799 804 803 915 488 692 381 847 1012 356 919 0 580 608 1105 814 296 372 633 571 1171 711 1301 1264 794 966 906 1043 1030 1688 1125 1331 1315 1619 1727 1450 1537 1623 1671 2079 1714 1836 1851 1935 2099 2017 2229 2203 2282 2236 2369 2430 2421 2471 2582 2610 2671 2798 2801 2858 2954 3071 3049 3220 3166 3177 3267 3323 3386 3467 3493 3531 3685 3652 3883 3782 3828 3890 4025 4061 4061 4119 4222 4340 4295 4367 4465 4471 4533 4638 4753 4775 4799 4823 4891 4967 5098 5071 5182 5253 5244 5351 5365 5451 5487 5536 5592
4505 4413 4410 4296 4238 4199 4122 4059 4013 3947 3905 3830 3847 3713 3656 3592 3535 3472 3465 3355 3297 3248 3180 3143 3066 3008 3010 2887 2824 2765 2911 2654 2592 2539 2474 2421 2367 2323 2245 2177 2171 2118 2011 1951 1921 1834 1777 1714 1658 1589 1544 1581 1452 1353 1447 1433 1344 1219 1059 1049 1064 884 832 768 714 648 590 569 567 412 486 378 481 299 360 580 0 61 527 268 658 545 366 482 663 558 807 801 792 767 902 891 998 1242 1148 1118 1183 1297 1386 1376 1417 1470 1530 1732 1697 1706 1783 1827 1895 1967 2019 2058 2120 2237 2235 2294 2382 2494 2471 2540 2598 2650 2708 2767 2824 2898 2941 3031 3058 3159 3178 3238 3296 3353 3415 3501 3539 3669 3693 3711 3784 3912 3889 3943 4027 4120 4117 4193 4264 4300 4354 4438 4537 4530 4607 4653 4705 4794 4831 4883 4959 5005 5064 5127 5183 5239 5298 5354 5413 5478 5586
4565 4470 4464 4354 4295 4255 4179 4117 4069 4004 3961 3887 3908 3769 3716 3649 3592 3529 3519 3412 3355 3304 3239 3203 3125 3065 3062 2946 2882 2823 2973 2711 2649 2599 2531 2481 2427 2384 2304 2235 2232 2170 2071 2011 1974 1889 1833 1773 1718 1648 1599 1642 1504 1412 1491 1494 1405 1265 1117 1110 1125 941 887 825 775 707 647 617 627 470 542 414 496 351 365 608 61 0 498 217 659 534 317 446 609 511 751 742 750 712 859 837 951 1184 1103 1059 1127 1236 1324 1322 1361 1413 1473 1671 1646 1649 1729 1771 1835 1913 1959 2000 2061 2186 2177 2236 2328 2443 2413 2485 2542 2592 2651 2710 2765 2838 2883 2970 3000 3105 3121 3181 3238 3295 3359 3446 3479 3617 3633 3654 3729 3860 3830 3884 3972 4066 4059 4133 4209 4243 4296 4382 4483 4472 4548 4594 4647 4739 4774 4825 4899 4948 5005 5068 5126 5180 5241 5295 5356 5422 5531
4710 4550 4474 4430 4371 4295 4249 4204 4121 4071 4001 3952 4096 3834 3843 3724 3662 3616 3530 3494 3468 3361 3360 3360 3255 3130 3061 3072 2979 2927 3239 2782 2733 2746 2617 2631 2588 2566 2458 2355 2445 2176 2237 2175 2004 1968 1907 1945 1900 1792 1675 1928 1539 1564 1418 1835 1740 1235 1279 1392 1463 1106 1023 986 1032 937 858 716 1017 725 970 497 366 810 292 1105 527 498 0 318 1135 989 654 820 356 805 473 532 1053 873 1131 999 1181 911 1344 1104 1237 1124 1177 1452 1445 1460 1523 1482 1787 1691 1819 1822 1789 2004 1898 1999 2041 2304 2176 2230 2406 2567 2421 2527 2579 2558 2665 2725 2742 2773 2876 2884 2990 3172 3125 3185 3237 3271 3365 3492 3421 3700 3531 3660 3757 3942 3775 3844 4005 4127 4027 4061 4240 4243 4255 4409 4540 4431 4472 4539 4616 4765 4772 4801 4825 4939 4948 5004 5118 5127 5228 5254 5335 5415 5568
4708 4590 4557 4472 4413 4359 4294 4239 4178 4118 4065 4000 4064 3882 3851 3765 3706 3650 3611 3530 3485 3413 3371 3347 3260 3176 3148 3079 3004 2948 3152 2823 2766 2738 2648 2621 2570 2535 2445 2363 2393 2254 2214 2154 2067 2000 1941 1917 1865 1781 1706 1823 1594 1545 1537 1690 1598 1325 1250 1285 1317 1071 1004 950 935 855 785 706 829 616 753 472 466 566 325 814 268 217 318 0 819 671 347 511 396 518 541 543 772 649 864 779 933 982 1094 954 1052 1077 1156 1260 1278 1315 1377 1495 1593 1553 1654 1679 1706 1840 1826 1889 1943 2126 2068 2125 2252 2388 2308 2394 2449 2472 2550 2610 2650 2708 2775 2833 2891 3027 3018 3078 3133 3181 3257 3360 3354 3547 3492 3553 3637 3790 3706 3766 3882 3988 3944 4004 4118 4141 4178 4291 4404 4354 4417 4471 4533 4647 4672 4714 4770 4843 4882 4942 5022 5059 5135 5178 5247 5318 5445
4706 4698 4774 4588 4530 4534 4424 4342 4338 4257 4245 4143 4004 4029 3898 3899 3848 3768 3846 3659 3567 3585 3444 3360 3320 3342 3414 3153 3128 3063 2977 2994 2921 2794 2805 2678 2613 2543 2506 2485 2357 2549 2272 2218 2341 2210 2163 1993 1929 1914 1948 1706 1903 1695 1983 1475 1412 1745 1437 1270 1183 1297 1285 1214 1069 1059 1044 1124 767 905 652 1003 1136 556 1018 296 658 659 1135 819 0 167 532 403 1108 528 1219 1162 535 758 637 810 761 1553 840 1102 1060 1422 1535 1177 1273 1365 1410 1881 1427 1568 1570 1662 1848 1732 1977 1935 2016 1943 2097 2158 2132 2176 2304 2325 2385 2526 2518 2574 2678 2803 2768 2956 2884 2884 2982 3038 3101 3186 3206 3239 3409 3356 3616 3494 3536 3594 3746 3779 3768 3824 3938 4063 4002 4077 4181 4178 4238 4353 4475 4492 4513 4530 4601 4678 4818 4781 4899 4971 4954 5066 5075 5165 5197 5244 5297
4766 4737 4790 4624 4566 4559 4457 4380 4365 4288 4268 4173 4073 4057 3946 3930 3877 3801 3856 3690 3606 3607 3485 3413 3363 3364 3416 3192 3157 3094 3062 3013 2943 2835 2826 2717 2655 2591 2544 2510 2412 2539 2308 2252 2334 2215 2165 2022 1959 1930 1943 1769 1883 1704 1935 1553 1483 1700 1432 1302 1237 1279 1256 1185 1060 1035 1007 1060 778 852 659 911 1026 519 899 372 545 534 989 671 167 0 368 238 944 367 1053 996 423 609 536 675 659 1389 764 966 943 1271 1383 1080 1165 1250 1299 1732 1354 1464 1484 1565 1728 1653 1858 1832 1909 1883 1998 2059 2061 2125 2213 2246 2306 2427 2434 2491 2584 2699 2681 2848 2798 2824 2901 2959 3021 3099 3130 3176 3314 3308 3511 3420 3471 3548 3655 3693 3706 3772 3856 3970 3941 4006 4099 4117 4188 4272 4383 4407 4435 4471 4533 4604 4729 4712 4815 4886 4886 4985 5006 5087 5126 5178 5246
4845 4768 4774 4653 4594 4561 4479 4414 4373 4306 4267 4189 4176 4071 4003 3949 3893 3827 3830 3711 3648 3609 3530 3484 3414 3368 3375 3236 3180 3120 3212 3014 2951 2885 2832 2767 2711 2661 2591 2531 2500 2484 2356 2297 2287 2195 2140 2060 2002 1943 1908 1887 1818 1708 1807 1709 1627 1582 1416 1371 1355 1244 1195 1131 1059 1002 950 934 853 773 745 728 782 549 642 633 366 317 654 347 532 368 0 166 576 194 689 640 440 412 544 530 634 1055 787 777 824 1010 1112 1011 1058 1119 1177 1465 1332 1352 1420 1470 1562 1603 1688 1710 1776 1872 1885 1945 2019 2128 2117 2181 2239 2306 2352 2411 2476 2561 2589 2699 2706 2796 2823 2882 2941 3003 3059 3138 3196 3304 3363 3354 3424 3547 3545 3595 3666 3756 3767 3852 3902 3943 4005 4077 4173 4181 4266 4306 4353 4433 4474 4529 4617 4649 4717 4782 4826 4891 4942 5003 5058 5121 5223
4891 4834 4859 4720 4661 4639 4549 4479 4448 4377 4346 4261 4211 4144 4058 4020 3965 3895 3918 3781 3709 3686 3590 3532 3470 3444 3468 3296 3248 3186 3224 3090 3025 2941 2906 2823 2764 2708 2648 2599 2539 2581 2411 2354 2380 2278 2224 2119 2059 2012 1995 1910 1916 1779 1928 1714 1637 1698 1493 1412 1375 1327 1288 1220 1126 1081 1038 1047 884 866 768 858 932 588 794 571 482 446 820 511 403 238 166 0 722 140 823 761 313 396 429 487 536 1151 675 766 775 1048 1157 942 1008 1081 1135 1509 1246 1307 1353 1418 1546 1531 1674 1672 1744 1785 1843 1904 1946 2037 2068 2118 2177 2269 2298 2356 2434 2533 2540 2677 2657 2719 2768 2826 2887 2956 3001 3066 3160 3218 3341 3294 3356 3460 3506 3550 3595 3676 3718 3817 3832 3883 3958 4007 4093 4133 4231 4263 4302 4362 4412 4475 4579 4589 4673 4741 4765 4845 4883 4953 5001 5059 5147
5045 4898 4829 4778 4719 4647 4598 4550 4472 4420 4353 4301 4418 4183 4181 4072 4010 3961 3884 3840 3808 3711 3699 3690 3592 3479 3416 3409 3322 3268 3531 3129 3077 3077 2961 2961 2915 2887 2787 2691 2755 2529 2561 2500 2355 2311 2250 2266 2217 2120 2017 2205 1886 1887 1774 2082 1990 1588 1596 1666 1709 1418 1342 1297 1309 1223 1148 1033 1225 990 1149 799 708 960 602 1171 663 609 356 396 1108 944 576 722 0 648 145 177 861 615 909 725 928 594 1087 772 923 768 824 1137 1114 1119 1182 1140 1468 1346 1484 1478 1433 1667 1542 1646 1686 1971 1822 1876 2062 2234 2067 2177 2228 2202 2312 2372 2386 2417 2521 2530 2634 2824 2770 2830 2882 2915 3010 3141 3066 3354 3179 3304 3404 3595 3420 3488 3651 3777 3671 3707 3886 3887 3900 4055 4189 4076 4118 4184 4260 4410 4416 4445 4471 4583 4594 4649 4762 4772 4872 4899 4979 5059 5214
5014 4948 4961 4833 4774 4745 4660 4593 4557 4488 4452 4371 4338 4254 4177 4130 4075 4007 4018 3892 3825 3793 3706 3653 3588 3552 3565 3412 3360 3299 3357 3198 3133 3059 3015 2941 2883 2830 2765 2711 2664 2674 2529 2471 2476 2381 2326 2235 2176 2123 2095 2040 2008 1888 2001 1848 1770 1776 1599 1535 1505 1429 1384 1318 1237 1185 1136 1127 1010 961 896 922 970 709 828 711 558 511 805 518 528 367 194 140 648 0 731 660 254 257 352 356 440 1028 593 629 649 909 1019 827 883 952 1007 1370 1142 1181 1238 1295 1411 1419 1539 1543 1614 1682 1717 1777 1835 1938 1945 2001 2060 2141 2177 2235 2307 2402 2416 2544 2534 2610 2648 2706 2766 2832 2882 2955 3032 3115 3209 3176 3242 3358 3379 3425 3483 3569 3595 3688 3720 3765 3835 3894 3986 4010 4103 4138 4180 4250 4295 4354 4452 4471 4548 4615 4648 4721 4765 4831 4882 4943 5038
5178 5022 4943 4903 4844 4767 4721 4676 4594 4543 4473 4425 4556 4307 4312 4197 4135 4088 4000 3967 3938 3834 3830 3825 3724 3603 3531 3541 3450 3397 3673 3255 3205 3211 3089 3095 3050 3024 2922 2823 2895 2648 2697 2636 2477 2439 2378 2403 2355 2255 2145 2349 2011 2024 1885 2227 2135 1707 1734 1810 1854 1557 1479 1435 1453 1365 1289 1170 1369 1134 1292 938 835 1102 737 1301 807 751 473 541 1219 1053 689 823 145 731 0 99 919 648 951 741 952 452 1103 732 897 666 708 1107 1068 1059 1120 1010 1431 1278 1429 1409 1335 1608 1439 1559 1592 1916 1733 1784 1993 2177 1977 2096 2145 2101 2222 2282 2286 2307 2424 2415 2536 2745 2675 2735 2785 2812 2915 3055 2955 3277 3059 3208 3313 3517 3309 3380 3560 3693 3565 3592 3794 3788 3791 3962 4103 3967 4002 4072 4153 4316 4315 4339 4355 4480 4481 4535 4660 4660 4768 4789 4874 4956 5121
5219 5074 5005 4955 4896 4824 4774 4727 4649 4597 4530 4478 4589 4360 4356 4249 4187 4138 4061 4017 3984 3888 3874 3863 3766 3655 3593 3584 3498 3444 3692 3306 3254 3250 3137 3134 3087 3058 2960 2866 2924 2706 2733 2672 2532 2487 2426 2437 2388 2293 2193 2364 2063 2060 1950 2232 2141 1765 1767 1826 1860 1589 1514 1467 1472 1388 1314 1206 1368 1152 1284 971 885 1090 776 1264 801 742 532 543 1162 996 640 761 177 660 99 0 834 556 860 644 856 441 1006 634 798 593 647 1008 971 966 1028 966 1333 1188 1335 1319 1260 1516 1367 1477 1514 1823 1653 1705 1904 2084 1898 2012 2062 2028 2143 2202 2212 2241 2348 2353 2461 2660 2598 2658 2709 2740 2839 2973 2890 3191 3002 3132 3234 3432 3243 3312 3481 3611 3496 3530 3716 3714 3724 3884 4021 3900 3941 4007 4085 4239 4242 4270 4294 4409 4417 4473 4588 4596 4698 4722 4804 4885 5043
5180 5136 5169 5022 4964 4946 4852 4780 4754 4682 4653 4565 4491 4449 4353 4323 4269 4198 4229 4084 4008 3993 3888 3823 3767 3751 3780 3594 3551 3489 3485 3398 3331 3238 3213 3121 3060 3000 2946 2902 2825 2894 2709 2653 2692 2588 2535 2419 2358 2317 2307 2187 2229 2086 2239 1975 1904 2010 1803 1706 1653 1638 1600 1532 1433 1392 1350 1359 1177 1179 1058 1164 1222 890 1080 794 792 750 1053 772 535 423 440 313 861 254 919 834 0 294 118 292 238 1136 363 578 526 923 1039 658 743 832 878 1373 943 1042 1064 1142 1313 1237 1443 1409 1488 1480 1575 1636 1648 1729 1791 1828 1888 2004 2014 2071 2162 2277 2260 2427 2377 2417 2482 2540 2602 2678 2712 2767 2892 2912 3089 3004 3059 3153 3233 3272 3297 3371 3436 3548 3533 3591 3678 3708 3788 3852 3961 3986 4017 4063 4119 4187 4307 4297 4394 4464 4472 4565 4591 4669 4711 4765 4843
5257 5178 5176 5062 5003 4967 4888 4824 4780 4714 4673 4597 4586 4480 4415 4358 4301 4237 4231 4121 4059 4015 3942 3895 3825 3776 3773 3648 3590 3530 3612 3421 3359 3297 3241 3179 3122 3073 3003 2941 2910 2880 2767 2708 2686 2601 2545 2472 2414 2353 2311 2292 2214 2118 2181 2104 2025 1963 1825 1781 1758 1651 1599 1536 1470 1412 1357 1324 1259 1179 1147 1103 1114 956 973 966 767 712 873 649 758 609 412 396 615 257 648 556 294 0 304 131 315 843 476 372 416 664 777 615 649 707 765 1124 945 941 1017 1060 1156 1202 1284 1298 1365 1481 1474 1533 1617 1742 1706 1773 1830 1894 1942 2001 2064 2151 2177 2292 2295 2394 2413 2472 2530 2591 2649 2734 2785 2908 2956 2944 3017 3151 3134 3183 3260 3356 3355 3441 3497 3534 3594 3671 3772 3769 3856 3895 3942 4027 4064 4118 4206 4239 4305 4371 4416 4479 4532 4591 4648 4712 4819
5297 5254 5286 5140 5082 5064 4971 4898 4873 4800 4771 4684 4607 4567 4471 4442 4388 4316 4346 4203 4127 4111 4006 3941 3886 3869 3897 3713 3670 3607 3599 3516 3449 3357 3331 3239 3178 3118 3064 3021 2943 3009 2828 2771 2809 2705 2652 2537 2476 2435 2423 2304 2345 2204 2349 2090 2019 2122 1920 1824 1769 1755 1716 1649 1551 1509 1466 1471 1295 1295 1177 1272 1321 1008 1179 906 902 859 1131 864 637 536 544 429 909 352 951 860 118 304 0 249 124 1121 247 509 429 870 986 544 636 729 773 1309 825 932 948 1029 1214 1119 1343 1299 1380 1361 1463 1524 1530 1610 1677 1711 1771 1892 1898 1955 2048 2167 2145 2319 2262 2299 2366 2423 2485 2563 2595 2649 2779 2793 2980 2887 2941 3035 3119 3157 3178 3253 3320 3434 3414 3474 3562 3590 3669 3736 3847 3871 3900 3945 4001 4070 4193 4179 4279 4349 4354 4449 4474 4552 4593 4647 4725
5370 5298 5301 5182 5124 5090 5009 4943 4903 4836 4796 4718 4694 4601 4531 4479 4423 4357 4356 4241 4177 4138 4059 4009 3942 3898 3899 3765 3710 3649 3711 3544 3481 3413 3362 3295 3238 3186 3119 3061 3020 3006 2883 2825 2812 2724 2668 2588 2530 2473 2436 2396 2341 2238 2310 2201 2124 2092 1946 1891 1861 1773 1723 1659 1588 1532 1479 1451 1366 1302 1252 1232 1245 1065 1104 1043 891 837 999 779 810 675 530 487 725 356 741 644 292 131 249 0 212 873 363 292 294 632 748 486 529 595 651 1082 815 825 892 941 1060 1076 1189 1187 1258 1352 1360 1421 1491 1612 1590 1651 1709 1784 1823 1882 1951 2047 2061 2190 2178 2268 2294 2353 2412 2477 2529 2609 2676 2780 2854 2824 2894 3023 3022 3069 3136 3229 3240 3332 3373 3414 3479 3547 3646 3654 3746 3782 3825 3904 3944 4000 4095 4119 4192 4259 4296 4366 4413 4476 4529 4591 4694
5416 5369 5394 5255 5196 5175 5084 5013 4984 4913 4882 4796 4728 4680 4589 4555 4500 4430 4453 4316 4242 4222 4122 4059 4002 3980 4002 3828 3783 3721 3722 3626 3560 3473 3442 3355 3295 3236 3180 3134 3062 3112 2944 2887 2913 2813 2760 2652 2592 2547 2530 2425 2447 2315 2441 2212 2142 2216 2029 1941 1890 1862 1820 1753 1662 1617 1571 1567 1412 1398 1294 1360 1396 1122 1254 1030 998 951 1181 933 761 659 634 536 928 440 952 856 238 315 124 212 0 1071 163 417 313 785 900 420 512 607 650 1211 710 808 826 906 1092 1000 1221 1175 1256 1249 1339 1401 1413 1502 1554 1591 1651 1768 1776 1834 1925 2043 2023 2195 2139 2184 2245 2302 2364 2440 2475 2532 2655 2683 2856 2767 2824 2925 2996 3035 3062 3140 3198 3311 3298 3355 3440 3473 3557 3614 3724 3749 3779 3829 3882 3949 4070 4060 4157 4227 4236 4327 4355 4431 4474 4529 4611
5621 5452 5353 5332 5273 5186 5149 5108 5017 4970 4894 4852 5004 4734 4753 4627 4564 4521 4414 4399 4377 4261 4270 4270 4166 4033 3943 3982 3887 3836 4125 3687 3639 3656 3525 3541 3497 3473 3368 3265 3346 3068 3145 3084 2905 2877 2815 2852 2805 2702 2584 2800 2445 2472 2297 2672 2581 2133 2183 2261 2300 2007 1928 1886 1904 1816 1741 1619 1809 1585 1726 1389 1276 1530 1186 1688 1242 1184 911 982 1553 1389 1055 1151 594 1028 452 441 1136 843 1121 873 1071 0 1184 701 881 414 380 1046 958 903 953 590 1317 1070 1255 1193 1021 1413 1101 1270 1281 1721 1431 1475 1750 1970 1670 1814 1856 1754 1910 1967 1941 1931 2087 2023 2194 2460 2340 2399 2444 2454 2578 2746 2573 2993 2652 2865 2985 3228 2925 3004 3232 3384 3193 3197 3461 3433 3411 3624 3785 3586 3602 3682 3777 3974 3955 3966 3954 4115 4088 4138 4294 4269 4398 4403 4499 4590 4781
5530 5495 5532 5382 5323 5308 5213 5139 5116 5043 5016 4927 4835 4810 4709 4684 4631 4558 4592 4445 4366 4355 4245 4176 4124 4113 4143 3952 3912 3849 3816 3760 3693 3595 3575 3478 3416 3354 3303 3263 3176 3256 3067 3011 3055 2951 2898 2778 2717 2679 2670 2532 2592 2448 2594 2311 2244 2368 2166 2062 2001 2001 1963 1895 1796 1755 1713 1717 1535 1541 1415 1515 1556 1252 1414 1125 1148 1103 1344 1094 840 764 787 675 1087 593 1103 1006 363 476 247 363 163 1184 0 496 341 860 971 355 475 583 612 1255 590 749 730 829 1061 892 1187 1109 1196 1120 1264 1324 1297 1367 1465 1485 1546 1692 1678 1734 1839 1973 1928 2130 2044 2060 2142 2199 2262 2346 2369 2412 2570 2550 2785 2658 2707 2791 2906 2939 2942 3012 3098 3224 3177 3243 3341 3353 3428 3514 3635 3652 3675 3707 3769 3842 3978 3948 4059 4131 4122 4227 4242 4327 4363 4414 4485
5620 5529 5509 5412 5353 5308 5237 5176 5124 5062 5014 4944 4953 4826 4774 4707 4649 4588 4563 4470 4415 4359 4298 4258 4183 4121 4102 4005 3941 3882 3984 3767 3707 3656 3589 3538 3483 3436 3362 3295 3277 3208 3127 3068 3019 2944 2887 2831 2774 2707 2652 2662 2546 2471 2486 2476 2397 2278 2176 2148 2129 2000 1942 1882 1829 1766 1706 1655 1629 1529 1518 1425 1403 1325 1270 1331 1118 1059 1104 954 1102 966 777 766 772 629 732 634 578 372 509 292 417 701 496 0 182 369 484 377 342 362 424 799 699 599 715 727 785 900 912 941 1002 1201 1118 1177 1305 1464 1357 1440 1495 1533 1597 1657 1706 1784 1826 1922 1942 2077 2066 2126 2182 2236 2305 2407 2422 2601 2586 2600 2683 2844 2772 2825 2928 3037 3000 3076 3164 3189 3237 3337 3452 3412 3491 3535 3588 3693 3720 3767 3842 3893 3946 4009 4071 4121 4185 4236 4298 4367 4491
5663 5592 5591 5476 5417 5382 5302 5237 5195 5129 5088 5012 4986 4894 4825 4773 4716 4651 4646 4535 4471 4431 4353 4302 4236 4191 4188 4059 4003 3943 3996 3836 3774 3707 3655 3589 3531 3479 3413 3355 3313 3294 3177 3119 3101 3016 2960 2882 2824 2766 2727 2685 2629 2531 2589 2486 2410 2374 2239 2184 2150 2066 2014 1951 1882 1826 1772 1738 1658 1595 1543 1515 1514 1358 1375 1315 1183 1127 1237 1052 1060 943 824 775 923 649 897 798 526 416 429 294 313 881 341 182 0 525 633 215 235 308 360 916 550 532 603 647 788 788 917 896 970 1075 1068 1129 1203 1337 1296 1358 1415 1494 1529 1588 1659 1760 1768 1907 1885 1980 2000 2059 2118 2183 2236 2318 2385 2496 2570 2530 2601 2739 2731 2776 2844 2941 2946 3041 3081 3120 3186 3255 3357 3361 3456 3489 3531 3612 3650 3706 3804 3825 3899 3966 4002 4072 4119 4182 4235 4298 4404
5784 5656 5596 5537 5478 5412 5358 5307 5236 5180 5118 5062 5139 4944 4926 4831 4770 4718 4652 4597 4558 4473 4445 4424 4335 4238 4184 4154 4075 4019 4206 3887 3833 3814 3716 3697 3647 3610 3521 3437 3465 3296 3291 3230 3118 3066 3006 2994 2941 2857 2771 2876 2648 2621 2542 2714 2629 2355 2326 2346 2352 2147 2078 2026 2005 1929 1861 1775 1849 1690 1748 1538 1471 1549 1354 1619 1297 1236 1124 1077 1422 1271 1010 1048 768 909 666 593 923 664 870 632 785 414 860 369 525 0 116 655 553 490 539 461 905 660 842 786 670 1003 774 899 928 1313 1070 1120 1357 1566 1315 1441 1488 1436 1559 1618 1621 1649 1759 1765 1871 2091 2009 2070 2119 2148 2250 2394 2298 2625 2419 2542 2648 2863 2652 2720 2896 3033 2903 2941 3129 3123 3131 3296 3440 3307 3353 3416 3492 3651 3650 3677 3706 3816 3826 3883 3996 4005 4105 4130 4211 4292 4456
5859 5721 5651 5602 5543 5471 5422 5373 5297 5244 5178 5126 5220 5008 4999 4896 4834 4784 4707 4664 4628 4535 4517 4501 4408 4303 4238 4226 4143 4089 4297 3952 3900 3890 3783 3773 3724 3690 3597 3509 3548 3353 3368 3307 3179 3133 3072 3072 3020 2931 2838 2967 2711 2697 2593 2810 2723 2412 2402 2434 2446 2224 2152 2102 2089 2011 1941 1847 1943 1772 1844 1610 1532 1645 1421 1727 1386 1324 1177 1156 1535 1383 1112 1157 824 1019 708 647 1039 777 986 748 900 380 971 484 633 116 0 746 635 558 600 353 972 698 889 817 648 1039 739 893 909 1345 1057 1103 1370 1592 1299 1437 1480 1401 1541 1599 1587 1599 1729 1707 1839 2085 1981 2041 2088 2109 2221 2378 2247 2619 2355 2511 2624 2855 2601 2673 2872 3016 2859 2885 3103 3087 3083 3268 3421 3259 3295 3363 3446 3621 3612 3633 3648 3776 3773 3827 3956 3952 4063 4080 4167 4252 4427
5832 5774 5785 5659 5601 5572 5487 5419 5383 5315 5278 5198 5147 5081 5000 4958 4902 4834 4841 4719 4650 4619 4531 4473 4412 4379 4385 4237 4187 4126 4142 4024 3960 3883 3842 3765 3706 3650 3589 3537 3479 3492 3353 3296 3297 3207 3151 3060 3001 2950 2919 2843 2827 2716 2795 2633 2562 2578 2426 2354 2308 2255 2207 2142 2064 2012 1961 1937 1825 1785 1708 1718 1723 1530 1584 1450 1376 1322 1452 1260 1177 1080 1011 942 1137 827 1107 1008 658 615 544 486 420 1046 355 377 215 655 746 0 133 244 260 969 336 395 411 486 708 592 833 759 843 867 920 981 1008 1128 1134 1176 1235 1349 1358 1416 1504 1626 1603 1781 1720 1784 1827 1885 1946 2020 2059 2128 2235 2294 2439 2352 2415 2537 2576 2615 2656 2745 2780 2890 2892 2941 3021 3067 3161 3195 3303 3329 3361 3423 3470 3533 3649 3647 3737 3807 3823 3908 3941 4013 4059 4117 4212
5897 5827 5824 5711 5652 5616 5537 5472 5430 5364 5322 5246 5218 5129 5060 5007 4951 4886 4879 4770 4706 4665 4588 4537 4471 4425 4419 4294 4238 4178 4224 4071 4009 3942 3890 3824 3766 3713 3648 3590 3546 3526 3412 3354 3333 3250 3194 3117 3059 3001 2960 2917 2861 2766 2815 2714 2640 2603 2474 2418 2381 2300 2248 2185 2117 2060 2006 1970 1891 1829 1776 1744 1735 1592 1599 1537 1417 1361 1445 1278 1273 1165 1058 1008 1114 883 1068 971 743 649 636 529 512 958 475 342 235 553 635 133 0 111 138 839 368 300 377 412 587 563 714 667 745 860 836 897 973 1123 1062 1123 1181 1263 1294 1353 1426 1534 1533 1684 1650 1749 1765 1824 1883 1949 2001 2086 2154 2269 2346 2295 2368 2512 2498 2543 2611 2711 2712 2810 2848 2885 2952 3021 3127 3126 3224 3256 3297 3378 3415 3471 3572 3590 3666 3733 3767 3838 3884 3947 4000 4063 4172
5963 5883 5870 5767 5708 5666 5592 5529 5482 5417 5372 5300 5290 5182 5122 5062 5005 4942 4924 4825 4766 4716 4648 4602 4532 4477 4462 4354 4295 4235 4304 4123 4062 4004 3944 3886 3829 3779 3710 3647 3615 3569 3474 3415 3379 3301 3244 3179 3121 3059 3010 2991 2906 2823 2847 2793 2718 2640 2529 2486 2456 2354 2299 2238 2177 2117 2060 2015 1961 1883 1848 1786 1765 1660 1631 1623 1470 1413 1460 1315 1365 1250 1119 1081 1119 952 1059 966 832 707 729 595 607 903 583 362 308 490 558 244 111 0 63 736 416 237 370 365 486 549 614 592 663 857 767 826 946 1118 1000 1079 1134 1189 1238 1298 1357 1452 1471 1599 1588 1716 1708 1768 1825 1884 1946 2045 2080 2241 2262 2242 2321 2484 2428 2476 2566 2675 2648 2736 2803 2831 2887 2976 3090 3062 3151 3188 3235 3332 3362 3412 3500 3535 3599 3664 3713 3772 3828 3885 3943 4009 4130
6020 5943 5931 5826 5767 5727 5652 5589 5542 5477 5433 5360 5345 5242 5180 5122 5065 5001 4985 4885 4824 4777 4707 4659 4590 4538 4524 4413 4354 4294 4356 4184 4122 4062 4004 3944 3887 3836 3768 3706 3671 3630 3532 3474 3440 3362 3305 3237 3179 3118 3071 3045 2967 2882 2910 2845 2770 2702 2589 2542 2510 2414 2359 2298 2236 2176 2120 2076 2017 1942 1902 1847 1828 1716 1694 1671 1530 1473 1523 1377 1410 1299 1177 1135 1182 1007 1120 1028 878 765 773 651 650 953 612 424 360 539 600 260 138 63 0 750 373 176 311 302 450 488 576 537 611 796 709 770 883 1057 941 1017 1072 1134 1178 1237 1300 1401 1412 1549 1529 1653 1648 1708 1766 1826 1886 1983 2025 2178 2212 2181 2260 2421 2372 2419 2505 2613 2590 2682 2741 2771 2829 2914 3028 3004 3096 3131 3177 3271 3301 3353 3445 3475 3542 3608 3653 3715 3768 3826 3883 3949 4068
6185 6031 5941 5912 5853 5771 5730 5686 5600 5551 5478 5433 5555 5315 5321 5206 5144 5098 5001 4976 4948 4842 4838 4830 4732 4612 4530 4549 4460 4407 4643 4264 4214 4217 4099 4100 4054 4024 3926 3831 3886 3652 3699 3638 3485 3449 3388 3403 3353 3259 3155 3313 3021 3026 2883 3160 3073 2714 2733 2778 2795 2555 2481 2433 2429 2348 2277 2173 2292 2111 2195 1937 1844 1996 1742 2079 1732 1671 1482 1495 1881 1732 1465 1509 1140 1370 1010 966 1373 1124 1309 1082 1211 590 1255 799 916 461 353 969 839 736 750 0 1104 769 967 851 554 1069 585 809 787 1347 937 968 1311 1564 1156 1324 1355 1197 1383 1437 1382 1350 1534 1436 1635 1948 1785 1843 1883 1882 2019 2208 1988 2476 2062 2300 2430 2703 2338 2420 2675 2841 2610 2608 2901 2859 2826 3059 3234 3000 3012 3094 3192 3406 3377 3382 3364 3534 3499 3549 3713 3680 3815 3815 3914 4008 4212
6120 6079 6103 5965 5906 5884 5794 5723 5694 5623 5591 5507 5425 5390 5296 5265 5211 5140 5160 5026 4951 4932 4831 4765 4711 4690 4706 4538 4493 4431 4403 4336 4271 4182 4152 4064 4003 3942 3889 3844 3766 3815 3653 3596 3618 3522 3468 3362 3301 3258 3237 3123 3149 3025 3126 2900 2834 2907 2739 2649 2590 2570 2526 2460 2372 2325 2278 2263 2120 2103 2001 2047 2057 1832 1918 1714 1697 1646 1787 1593 1427 1354 1332 1246 1468 1142 1431 1333 943 945 825 815 710 1317 590 699 550 905 972 336 368 416 373 1104 0 347 191 334 675 308 771 605 700 540 725 782 707 797 896 898 959 1138 1096 1151 1271 1428 1348 1593 1463 1474 1556 1611 1675 1764 1780 1824 1998 1974 2232 2068 2117 2216 2328 2356 2354 2430 2512 2647 2589 2653 2755 2765 2846 2927 3056 3068 3086 3120 3179 3252 3396 3358 3473 3546 3532 3640 3652 3738 3773 3824 3901
6195 6119 6107 6003 5944 5903 5828 5765 5718 5654 5609 5536 5518 5419 5355 5298 5241 5178 5161 5061 5000 4953 4883 4834 4766 4714 4700 4589 4530 4471 4524 4360 4299 4238 4180 4119 4062 4011 3943 3882 3845 3806 3708 3649 3616 3538 3481 3412 3354 3294 3247 3217 3143 3058 3084 3014 2940 2877 2765 2716 2681 2590 2535 2474 2411 2352 2296 2252 2190 2119 2075 2023 2001 1890 1868 1836 1706 1649 1691 1553 1568 1464 1352 1307 1346 1181 1278 1188 1042 941 932 825 808 1070 749 599 532 660 698 395 300 237 176 769 347 0 200 131 341 343 453 367 448 653 536 597 716 907 765 842 897 963 1002 1061 1127 1235 1237 1387 1354 1481 1472 1532 1589 1651 1709 1808 1854 2009 2048 2005 2084 2251 2199 2244 2329 2440 2415 2510 2566 2594 2654 2738 2854 2829 2924 2957 3001 3095 3125 3177 3272 3299 3367 3434 3476 3540 3592 3651 3707 3772 3892
6242 6185 6192 6070 6012 5981 5898 5830 5793 5725 5687 5608 5555 5491 5411 5368 5312 5245 5248 5130 5061 5029 4942 4884 4823 4788 4790 4648 4598 4537 4544 4434 4371 4294 4252 4176 4117 4060 4000 3948 3888 3897 3764 3707 3703 3616 3560 3471 3412 3360 3327 3251 3232 3126 3190 3036 2967 2977 2836 2765 2716 2664 2615 2551 2475 2422 2370 2341 2236 2194 2118 2118 2112 1941 1975 1851 1783 1729 1819 1654 1570 1484 1420 1353 1484 1238 1429 1335 1064 1017 948 892 826 1255 730 715 603 842 889 411 377 370 311 967 191 200 0 145 496 186 585 415 510 488 544 604 600 750 735 765 825 967 951 1008 1110 1253 1199 1415 1315 1377 1418 1476 1538 1617 1649 1718 1840 1893 2062 1942 2004 2136 2176 2211 2245 2338 2373 2493 2482 2530 2615 2657 2755 2788 2905 2924 2953 3013 3059 3123 3248 3236 3332 3403 3412 3502 3530 3605 3649 3706 3803
6308 6238 6232 6123 6064 6026 5948 5884 5840 5775 5732 5657 5628 5540 5472 5419 5362 5297 5286 5181 5118 5075 5000 4948 4883 4836 4825 4706 4650 4590 4627 4482 4420 4354 4301 4236 4178 4125 4060 4001 3957 3932 3824 3766 3741 3660 3604 3529 3471 3413 3370 3325 3268 3178 3212 3117 3045 3004 2885 2829 2790 2711 2658 2596 2529 2472 2417 2377 2302 2240 2186 2149 2130 2003 1996 1935 1827 1771 1822 1679 1662 1565 1470 1418 1478 1295 1409 1319 1142 1060 1029 941 906 1193 829 727 647 786 817 486 412 365 302 851 334 131 145 0 354 225 439 284 376 529 435 496 585 780 651 715 771 864 882 941 1019 1144 1122 1302 1239 1351 1353 1412 1471 1539 1589 1681 1750 1878 1956 1884 1959 2120 2091 2133 2203 2311 2300 2405 2440 2473 2541 2613 2725 2715 2819 2846 2885 2970 3004 3059 3165 3179 3256 3324 3356 3428 3472 3536 3588 3651 3766
6400 6296 6254 6178 6119 6063 6000 5944 5883 5824 5768 5706 5737 5588 5550 5472 5412 5355 5308 5236 5187 5118 5073 5038 4959 4882 4842 4779 4710 4652 4768 4529 4472 4434 4354 4316 4262 4218 4139 4066 4061 3950 3906 3846 3768 3706 3647 3609 3553 3481 3412 3448 3296 3244 3205 3259 3181 3012 2949 2932 2914 2771 2708 2651 2609 2542 2479 2412 2414 2303 2303 2177 2127 2111 2003 2099 1895 1835 1789 1706 1848 1728 1562 1546 1433 1411 1335 1260 1313 1156 1214 1060 1092 1021 1061 785 788 670 648 708 587 486 450 554 675 341 496 354 0 543 129 258 261 799 410 455 760 1011 650 795 835 770 893 952 953 1003 1089 1137 1202 1439 1340 1400 1450 1482 1580 1729 1647 1972 1801 1873 1979 2208 2000 2061 2227 2368 2242 2299 2460 2454 2474 2627 2774 2650 2713 2765 2831 2981 2983 3015 3065 3150 3176 3236 3330 3353 3440 3474 3548 3626 3786
6416 6365 6376 6251 6192 6164 6079 6010 5975 5906 5870 5789 5726 5673 5588 5549 5494 5426 5432 5311 5240 5211 5121 5060 5001 4971 4975 4827 4778 4717 4708 4616 4552 4472 4434 4354 4294 4236 4179 4129 4062 4082 3943 3885 3887 3799 3743 3650 3590 3541 3511 3422 3417 3307 3376 3203 3136 3163 3018 2941 2888 2847 2798 2734 2655 2604 2553 2526 2412 2377 2294 2303 2298 2119 2161 2017 1967 1913 2004 1840 1732 1653 1603 1531 1667 1419 1608 1516 1237 1202 1119 1076 1000 1413 892 900 788 1003 1039 592 563 549 488 1069 308 343 186 225 543 0 596 370 461 311 443 495 416 569 590 593 654 838 788 843 964 1129 1040 1296 1155 1193 1250 1307 1370 1456 1477 1536 1690 1707 1928 1767 1824 1950 2019 2048 2064 2154 2206 2339 2301 2355 2449 2476 2570 2621 2748 2761 2783 2832 2882 2951 3088 3060 3167 3239 3235 3335 3355 3435 3474 3529 3620
6524 6415 6367 6297 6238 6179 6119 6064 6000 5942 5885 5824 5863 5706 5672 5591 5531 5475 5422 5356 5309 5236 5194 5162 5081 5000 4955 4901 4830 4773 4896 4648 4591 4557 4474 4439 4386 4342 4262 4187 4186 4065 4029 3969 3884 3825 3766 3732 3677 3602 3531 3575 3413 3366 3316 3388 3309 3125 3070 3058 3041 2892 2829 2772 2733 2665 2601 2531 2541 2426 2431 2295 2241 2238 2119 2229 2019 1959 1898 1826 1977 1858 1688 1674 1542 1539 1439 1367 1443 1284 1343 1189 1221 1101 1187 912 917 774 739 833 714 614 576 585 771 453 585 439 129 596 0 249 204 815 352 383 739 1002 575 738 771 662 811 867 848 883 990 1012 1100 1369 1242 1302 1349 1374 1481 1645 1529 1900 1675 1772 1886 2132 1882 1947 2133 2283 2129 2178 2364 2349 2359 2529 2684 2535 2592 2647 2719 2881 2876 2903 2944 3042 3058 3117 3221 3236 3330 3359 3437 3518 3688
6555 6470 6446 6353 6294 6248 6178 6117 6065 6003 5953 5885 5881 5767 5713 5648 5590 5529 5500 5411 5355 5300 5238 5194 5122 5062 5036 4944 4882 4823 4891 4708 4648 4595 4530 4477 4421 4371 4300 4235 4207 4143 4065 4006 3956 3885 3827 3769 3712 3648 3592 3582 3483 3411 3408 3381 3306 3208 3117 3078 3046 2941 2883 2823 2768 2706 2647 2594 2553 2470 2439 2362 2326 2252 2197 2203 2058 2000 1999 1889 1935 1832 1710 1672 1646 1543 1559 1477 1409 1298 1299 1187 1175 1270 1109 941 896 899 893 759 667 592 537 809 605 367 415 284 258 370 249 0 95 566 178 236 503 759 422 544 589 597 666 726 766 868 885 1022 1002 1193 1129 1189 1244 1295 1369 1497 1489 1727 1681 1664 1758 1965 1836 1885 2005 2135 2059 2145 2240 2252 2296 2410 2544 2472 2559 2596 2647 2766 2782 2826 2908 2954 3007 3072 3132 3181 3246 3295 3358 3429 3568
6621 6529 6497 6412 6353 6302 6235 6177 6121 6060 6008 5942 5951 5824 5776 5706 5647 5588 5551 5470 5416 5356 5300 5259 5185 5118 5086 5007 4942 4883 4966 4765 4706 4658 4588 4540 4485 4437 4364 4296 4275 4194 4129 4070 4009 3942 3883 3833 3776 3709 3648 3653 3536 3472 3454 3455 3380 3257 3178 3146 3118 3001 2941 2882 2831 2767 2707 2649 2623 2531 2509 2415 2373 2321 2247 2282 2120 2061 2041 1943 2016 1909 1776 1744 1686 1614 1592 1514 1488 1365 1380 1258 1256 1281 1196 1002 970 928 909 843 745 663 611 787 700 448 510 376 261 461 204 95 0 632 151 194 537 803 389 539 576 531 632 691 707 790 836 940 950 1179 1084 1145 1196 1238 1325 1469 1420 1712 1601 1619 1721 1947 1770 1824 1969 2107 2001 2076 2202 2203 2236 2370 2514 2412 2491 2533 2590 2725 2733 2771 2841 2903 2944 3007 3082 3119 3193 3236 3304 3378 3529
6647 6615 6643 6502 6443 6424 6332 6259 6233 6161 6131 6045 5947 5928 5829 5803 5749 5677 5700 5564 5487 5471 5366 5295 5245 5229 5247 5073 5031 4969 4913 4876 4810 4716 4691 4598 4537 4474 4424 4382 4294 4355 4188 4131 4158 4062 4008 3898 3837 3796 3777 3647 3689 3564 3662 3418 3355 3444 3278 3182 3118 3110 3066 3000 2911 2865 2818 2802 2655 2643 2536 2584 2588 2369 2450 2236 2237 2186 2304 2126 1943 1883 1872 1785 1971 1682 1916 1823 1480 1481 1361 1352 1249 1721 1120 1201 1075 1313 1345 867 860 857 796 1347 540 653 488 529 799 311 815 566 632 0 537 563 230 263 550 451 508 806 661 703 877 1087 908 1258 1012 941 1076 1126 1193 1303 1282 1295 1563 1433 1837 1561 1593 1676 1868 1879 1825 1892 2022 2190 2059 2138 2266 2235 2308 2433 2589 2583 2583 2588 2658 2743 2919 2839 2981 3059 3011 3143 3133 3233 3256 3301 3364
6730 6647 6624 6531 6472 6426 6355 6294 6243 6180 6131 6062 6054 5945 5888 5825 5767 5706 5678 5589 5531 5477 5414 5369 5298 5239 5214 5121 5059 5000 5059 4885 4825 4770 4707 4652 4596 4546 4476 4412 4381 4321 4241 4182 4134 4063 4005 3945 3887 3824 3770 3753 3661 3588 3586 3549 3476 3386 3294 3252 3218 3118 3061 3001 2944 2882 2824 2772 2726 2647 2611 2540 2504 2425 2375 2369 2235 2177 2176 2068 2097 1998 1885 1843 1822 1717 1733 1653 1575 1474 1463 1360 1339 1431 1264 1118 1068 1070 1057 920 836 767 709 937 725 536 544 435 410 443 352 178 151 537 0 61 405 675 245 388 425 429 490 549 591 710 707 871 824 1028 951 1011 1066 1118 1191 1324 1318 1562 1522 1486 1581 1798 1662 1710 1829 1962 1882 1974 2064 2074 2120 2233 2370 2296 2388 2422 2470 2589 2604 2648 2736 2775 2832 2898 2954 3006 3068 3119 3180 3251 3392
6790 6706 6681 6589 6531 6483 6414 6353 6301 6239 6189 6121 6115 6003 5948 5884 5826 5765 5735 5647 5591 5536 5474 5429 5358 5298 5271 5180 5118 5059 5120 4944 4884 4830 4766 4712 4656 4606 4536 4471 4441 4378 4301 4242 4192 4121 4063 4005 3947 3884 3828 3814 3719 3647 3641 3610 3537 3442 3353 3312 3278 3177 3119 3059 3003 2942 2883 2830 2787 2706 2672 2597 2560 2486 2432 2430 2294 2236 2230 2125 2158 2059 1945 1904 1876 1777 1784 1705 1636 1533 1524 1421 1401 1475 1324 1177 1129 1120 1103 981 897 826 770 968 782 597 604 496 455 495 383 236 194 563 61 0 407 678 195 357 388 368 439 498 531 650 650 811 766 987 895 956 1009 1059 1136 1275 1257 1520 1461 1431 1529 1754 1602 1650 1776 1914 1823 1913 2010 2017 2061 2179 2320 2236 2327 2362 2411 2534 2547 2590 2675 2718 2772 2838 2897 2946 3010 3059 3122 3194 3338
6826 6780 6792 6666 6607 6579 6494 6425 6391 6322 6286 6205 6132 6088 6001 5964 5909 5841 5848 5726 5654 5627 5535 5471 5415 5386 5390 5241 5193 5132 5107 5032 4968 4886 4849 4768 4707 4648 4592 4544 4472 4497 4356 4299 4303 4215 4159 4064 4004 3956 3927 3830 3832 3723 3788 3606 3541 3576 3434 3353 3297 3263 3214 3150 3070 3020 2969 2941 2825 2793 2706 2717 2707 2533 2572 2421 2382 2328 2406 2252 2132 2061 2019 1946 2062 1835 1993 1904 1648 1617 1530 1491 1413 1750 1297 1305 1203 1357 1370 1008 973 946 883 1311 707 716 600 585 760 416 739 503 537 230 405 407 0 271 339 221 279 586 431 475 647 861 680 1031 787 777 860 913 978 1082 1076 1121 1336 1296 1608 1362 1411 1539 1647 1664 1650 1738 1813 1970 1886 1946 2057 2061 2155 2227 2372 2372 2382 2417 2472 2547 2706 2651 2774 2850 2825 2939 2945 3034 3066 3118 3204
6883 6860 6896 6748 6689 6674 6579 6504 6483 6409 6382 6293 6178 6177 6070 6051 5997 5924 5954 5811 5731 5721 5609 5534 5488 5479 5502 5317 5278 5216 5136 5126 5059 4959 4941 4842 4779 4714 4668 4630 4532 4612 4432 4376 4413 4315 4261 4144 4083 4045 4031 3882 3946 3814 3922 3648 3588 3704 3530 3426 3356 3363 3321 3255 3162 3118 3073 3060 2900 2898 2781 2844 2850 2618 2712 2471 2494 2443 2567 2388 2176 2125 2128 2037 2234 1938 2177 2084 1729 1742 1610 1612 1502 1970 1367 1464 1337 1566 1592 1128 1123 1118 1057 1564 797 907 750 780 1011 569 1002 759 803 263 675 678 271 0 586 416 451 807 592 615 821 1055 806 1220 892 717 922 965 1031 1160 1102 1074 1435 1184 1736 1364 1376 1425 1713 1710 1598 1649 1838 2034 1830 1926 2081 2006 2064 2243 2421 2399 2382 2355 2439 2535 2741 2621 2789 2871 2790 2947 2914 3028 3040 3077 3122
6959 6883 6865 6767 6708 6665 6592 6530 6481 6417 6370 6300 6278 6182 6120 6062 6005 5942 5919 5825 5765 5716 5648 5598 5531 5477 5456 5354 5295 5235 5275 5123 5062 5003 4944 4884 4827 4775 4708 4647 4607 4562 4473 4414 4375 4301 4243 4177 4119 4059 4009 3976 3902 3823 3830 3766 3695 3629 3530 3480 3440 3354 3298 3238 3176 3117 3060 3012 2953 2883 2837 2780 2747 2654 2618 2582 2471 2413 2421 2308 2304 2213 2117 2068 2067 1945 1977 1898 1791 1706 1677 1590 1554 1670 1465 1357 1296 1315 1299 1134 1062 1000 941 1156 896 765 735 651 650 590 575 422 389 550 245 195 339 586 0 193 205 259 245 304 375 548 472 718 589 794 709 769 826 888 949 1080 1105 1325 1338 1244 1337 1559 1442 1482 1584 1719 1650 1759 1819 1832 1890 1988 2126 2065 2171 2196 2236 2344 2363 2412 2516 2536 2605 2673 2714 2777 2829 2886 2942 3010 3147
7007 6948 6946 6833 6774 6739 6660 6593 6553 6486 6445 6369 6318 6252 6176 6130 6073 6008 6001 5892 5826 5788 5707 5649 5588 5548 5540 5413 5360 5300 5301 5194 5132 5059 5013 4941 4882 4826 4765 4711 4653 4647 4529 4471 4455 4374 4317 4236 4176 4123 4084 4014 3983 3888 3925 3796 3729 3719 3597 3530 3480 3424 3371 3309 3238 3183 3129 3091 3001 2952 2884 2864 2842 2706 2710 2610 2540 2485 2527 2394 2325 2246 2181 2118 2177 2001 2096 2012 1828 1773 1711 1651 1591 1814 1485 1440 1358 1441 1437 1176 1123 1079 1017 1324 898 842 765 715 795 593 738 544 539 451 388 357 221 416 193 0 61 391 210 257 428 649 462 818 571 650 657 713 777 870 884 967 1118 1183 1386 1176 1244 1422 1435 1458 1488 1600 1613 1757 1725 1765 1857 1898 2014 2029 2162 2170 2190 2255 2294 2359 2500 2471 2574 2648 2647 2742 2765 2842 2883 2942 3051
7067 7006 7003 6891 6832 6797 6718 6652 6611 6544 6502 6427 6378 6310 6235 6188 6131 6066 6057 5950 5884 5846 5765 5709 5647 5606 5596 5472 5418 5358 5362 5252 5189 5118 5071 5000 4941 4885 4824 4769 4713 4702 4588 4530 4512 4431 4374 4294 4235 4181 4141 4075 4039 3946 3979 3857 3789 3773 3654 3589 3540 3481 3429 3366 3296 3241 3187 3148 3060 3010 2943 2919 2896 2765 2764 2671 2598 2542 2579 2449 2385 2306 2239 2177 2228 2060 2145 2062 1888 1830 1771 1709 1651 1856 1546 1495 1415 1488 1480 1235 1181 1134 1072 1355 959 897 825 771 835 654 771 589 576 508 425 388 279 451 205 61 0 362 153 197 377 605 402 772 510 604 596 653 716 809 824 914 1059 1138 1330 1117 1188 1376 1374 1397 1433 1549 1552 1696 1669 1706 1796 1842 1961 1968 2101 2108 2129 2199 2236 2299 2438 2412 2513 2587 2588 2681 2706 2781 2824 2883 2996
7151 7059 7023 6942 6883 6830 6765 6707 6650 6589 6536 6472 6479 6354 6306 6236 6177 6118 6077 6000 5947 5885 5831 5789 5716 5648 5611 5537 5472 5414 5488 5294 5236 5189 5118 5071 5015 4967 4894 4826 4804 4720 4660 4600 4537 4471 4413 4363 4306 4239 4178 4179 4064 4003 3975 3977 3903 3782 3708 3675 3644 3531 3471 3413 3362 3298 3238 3178 3150 3061 3036 2944 2897 2849 2773 2798 2650 2592 2558 2472 2526 2427 2306 2269 2202 2141 2101 2028 2004 1894 1892 1784 1768 1754 1692 1533 1494 1436 1401 1349 1263 1189 1134 1197 1138 963 967 864 770 838 662 597 531 806 429 368 586 807 259 391 362 0 264 292 187 291 337 461 440 801 589 647 690 712 824 1016 891 1303 1095 1111 1234 1520 1240 1294 1480 1645 1473 1548 1708 1687 1706 1870 2037 1882 1962 2002 2062 2221 2214 2245 2311 2381 2413 2477 2560 2589 2670 2707 2778 2857 3028
7189 7120 7106 7004 6945 6904 6829 6766 6720 6655 6610 6538 6504 6420 6353 6300 6242 6179 6160 6062 6000 5955 5882 5829 5765 5716 5698 5588 5531 5471 5494 5361 5300 5236 5182 5118 5060 5006 4942 4883 4836 4804 4706 4647 4616 4540 4482 4411 4353 4295 4248 4201 4143 4059 4073 3987 3917 3872 3766 3710 3666 3592 3537 3476 3411 3353 3297 3252 3182 3120 3065 3022 2991 2884 2861 2801 2708 2651 2665 2550 2518 2434 2352 2298 2312 2177 2222 2143 2014 1942 1898 1823 1776 1910 1678 1597 1529 1559 1541 1358 1294 1238 1178 1383 1096 1002 951 882 893 788 811 666 632 661 490 439 431 592 245 210 153 264 0 60 229 465 254 628 367 568 471 530 589 668 708 836 910 1092 1177 1003 1092 1322 1232 1261 1339 1475 1422 1553 1574 1593 1664 1744 1881 1838 1960 1974 2004 2100 2123 2178 2301 2297 2381 2453 2475 2551 2591 2656 2706 2771 2902
7247 7179 7166 7063 7004 6964 6889 6825 6779 6715 6670 6597 6562 6480 6412 6359 6302 6238 6220 6122 6059 6014 5941 5888 5823 5775 5758 5647 5591 5531 5550 5421 5360 5295 5241 5177 5118 5064 5000 4942 4894 4864 4765 4706 4676 4599 4542 4470 4411 4354 4308 4258 4203 4119 4133 4044 3975 3931 3826 3768 3724 3651 3596 3535 3470 3413 3357 3312 3240 3180 3123 3081 3051 2943 2921 2858 2767 2710 2725 2610 2574 2491 2411 2356 2372 2235 2282 2202 2071 2001 1955 1882 1834 1967 1734 1657 1588 1618 1599 1416 1353 1298 1237 1437 1151 1061 1008 941 952 843 867 726 691 703 549 498 475 615 304 257 197 292 60 0 214 456 205 611 314 519 412 471 531 614 648 778 861 1039 1136 944 1032 1267 1179 1205 1280 1417 1365 1500 1514 1533 1607 1684 1822 1780 1907 1918 1946 2040 2064 2119 2246 2238 2325 2396 2415 2494 2531 2598 2647 2711 2843
7321 7235 7204 7118 7059 7009 6942 6882 6828 6766 6715 6649 6644 6531 6479 6412 6354 6294 6258 6176 6121 6063 6004 5959 5888 5825 5792 5710 5647 5588 5647 5471 5412 5361 5294 5243 5186 5136 5066 5001 4972 4900 4831 4772 4716 4648 4590 4535 4478 4413 4355 4343 4243 4177 4158 4137 4064 3963 3882 3843 3807 3706 3647 3588 3534 3471 3412 3356 3317 3235 3202 3122 3079 3016 2953 2954 2824 2765 2742 2650 2678 2584 2476 2434 2386 2307 2286 2212 2162 2064 2048 1951 1925 1941 1839 1706 1659 1621 1587 1504 1426 1357 1300 1382 1271 1127 1110 1019 953 964 848 766 707 877 591 531 647 821 375 428 377 187 229 214 0 241 157 399 254 657 404 462 503 531 638 839 731 1135 969 925 1048 1346 1072 1119 1294 1463 1294 1386 1521 1502 1530 1684 1852 1706 1799 1831 1883 2035 2030 2064 2146 2197 2241 2307 2377 2416 2488 2530 2597 2674 2841
7403 7298 7246 7180 7121 7060 7001 6947 6882 6825 6766 6707 6737 6589 6554 6473 6413 6358 6301 6238 6191 6118 6076 6041 5963 5883 5833 5783 5712 5655 5756 5530 5474 5437 5356 5319 5265 5220 5143 5069 5061 4945 4909 4849 4766 4707 4648 4612 4556 4484 4413 4442 4294 4248 4191 4245 4170 4004 3952 3932 3907 3774 3711 3654 3612 3545 3482 3413 3410 3307 3298 3178 3120 3108 3000 3071 2898 2838 2773 2708 2803 2699 2561 2533 2417 2402 2307 2241 2277 2151 2167 2047 2043 1931 1973 1784 1760 1649 1599 1626 1534 1452 1401 1350 1428 1235 1253 1144 1003 1129 883 868 790 1087 710 650 861 1055 548 649 605 291 465 456 241 0 342 171 374 854 521 566 582 541 715 967 648 1284 813 969 1124 1474 1002 1074 1358 1555 1262 1296 1572 1511 1484 1722 1921 1660 1710 1767 1848 2063 2026 2036 2062 2184 2177 2235 2364 2355 2468 2481 2569 2659 2866
7430 7354 7331 7237 7178 7133 7062 7000 6950 6887 6839 6769 6749 6652 6592 6532 6474 6413 6385 6295 6236 6185 6119 6070 6002 5946 5921 5825 5765 5706 5743 5593 5532 5474 5414 5356 5299 5246 5180 5118 5079 5028 4944 4886 4842 4770 4712 4649 4591 4530 4477 4446 4369 4294 4290 4234 4164 4092 4000 3951 3911 3825 3768 3707 3648 3588 3530 3479 3424 3353 3308 3247 3209 3125 3081 3049 2941 2883 2876 2775 2768 2681 2589 2540 2521 2416 2424 2348 2260 2177 2145 2061 2023 2087 1928 1826 1768 1759 1729 1603 1533 1471 1412 1534 1348 1237 1199 1122 1089 1040 990 885 836 908 707 650 680 806 472 462 402 337 254 205 157 342 0 465 117 515 253 312 361 418 492 682 657 980 934 784 898 1189 979 1012 1144 1308 1179 1299 1374 1368 1419 1539 1700 1593 1708 1726 1764 1892 1898 1941 2050 2068 2135 2204 2247 2306 2360 2414 2473 2544 2698
7535 7420 7358 7302 7243 7177 7123 7070 7001 6946 6883 6827 6874 6709 6683 6595 6535 6481 6414 6361 6318 6238 6204 6173 6092 6004 5946 5911 5837 5781 5901 5652 5597 5567 5480 5450 5397 5354 5273 5196 5198 5059 5041 4980 4883 4830 4770 4743 4688 4612 4535 4583 4413 4376 4300 4391 4314 4118 4081 4069 4049 3902 3837 3782 3745 3676 3612 3537 3550 3437 3439 3301 3236 3247 3119 3220 3031 2970 2884 2833 2956 2848 2699 2677 2530 2544 2415 2353 2427 2292 2319 2190 2195 2023 2130 1922 1907 1765 1707 1781 1684 1599 1549 1436 1593 1387 1415 1302 1137 1296 1012 1022 940 1258 871 811 1031 1220 718 818 772 461 628 611 399 171 465 0 458 952 581 613 610 527 731 1008 555 1334 664 949 1121 1504 902 989 1342 1557 1181 1177 1542 1453 1391 1683 1901 1564 1588 1659 1757 2012 1955 1948 1941 2105 2067 2120 2284 2246 2383 2379 2479 2577 2810
7547 7471 7447 7354 7295 7249 7179 7117 7067 7004 6955 6886 6866 6768 6709 6649 6591 6530 6501 6412 6354 6301 6236 6187 6120 6063 6036 5942 5882 5823 5859 5709 5649 5591 5531 5473 5416 5364 5297 5235 5196 5143 5061 5003 4958 4887 4829 4766 4708 4647 4594 4563 4485 4411 4404 4351 4281 4207 4117 4069 4028 3942 3884 3824 3765 3705 3647 3595 3541 3470 3425 3363 3324 3242 3197 3166 3058 3000 2990 2891 2884 2798 2706 2657 2634 2534 2536 2461 2377 2295 2262 2178 2139 2194 2044 1942 1885 1871 1839 1720 1650 1588 1529 1635 1463 1354 1315 1239 1202 1155 1100 1002 950 1012 824 766 787 892 589 571 510 440 367 314 254 374 117 458 0 495 155 209 250 302 384 601 551 913 844 672 795 1111 865 895 1040 1214 1061 1186 1267 1253 1302 1430 1599 1476 1593 1609 1647 1782 1783 1825 1934 1953 2018 2088 2131 2189 2244 2297 2356 2428 2588
7588 7552 7569 7438 7380 7355 7268 7197 7166 7096 7062 6979 6888 6863 6769 6738 6683 6614 6625 6499 6425 6403 6305 6236 6184 6161 6167 6011 5967 5905 5850 5808 5743 5655 5624 5537 5476 5414 5362 5317 5235 5274 5126 5070 5080 4991 4935 4836 4775 4730 4703 4588 4609 4497 4562 4358 4296 4352 4209 4122 4059 4039 3991 3926 3845 3795 3745 3718 3594 3569 3475 3494 3481 3305 3346 3177 3159 3105 3172 3027 2884 2824 2796 2719 2824 2610 2745 2660 2417 2394 2299 2268 2184 2460 2060 2077 1980 2091 2085 1784 1749 1716 1653 1948 1474 1481 1377 1351 1439 1193 1369 1193 1179 941 1028 987 777 717 794 650 604 801 568 519 657 854 515 952 495 0 395 397 447 602 449 357 879 534 1217 664 659 773 1075 1043 884 961 1147 1382 1118 1211 1385 1294 1378 1540 1744 1702 1671 1647 1723 1819 2048 1905 2083 2167 2074 2236 2198 2313 2323 2362 2428
7659 7591 7574 7475 7416 7374 7300 7237 7190 7126 7080 7008 6973 6891 6824 6770 6713 6650 6628 6533 6471 6425 6353 6300 6235 6186 6165 6059 6002 5942 5958 5832 5771 5707 5652 5589 5531 5476 5412 5354 5306 5272 5177 5118 5084 5010 4952 4882 4823 4766 4718 4669 4611 4530 4537 4453 4385 4337 4237 4180 4135 4062 4007 3946 3882 3824 3768 3721 3652 3591 3535 3490 3455 3355 3327 3267 3178 3121 3125 3018 2982 2901 2823 2768 2770 2648 2675 2598 2482 2413 2366 2294 2245 2340 2142 2066 2000 2009 1981 1827 1765 1708 1648 1785 1556 1472 1418 1353 1340 1250 1242 1129 1084 1076 951 895 860 922 709 657 596 589 471 412 404 521 253 581 155 395 0 60 120 241 240 448 523 764 848 535 645 957 794 805 892 1060 956 1117 1122 1123 1200 1287 1449 1371 1514 1513 1534 1641 1654 1707 1846 1827 1917 1991 2005 2085 2120 2186 2235 2301 2447
7717 7650 7634 7534 7475 7434 7359 7296 7250 7185 7139 7068 7031 6950 6883 6830 6772 6709 6688 6592 6530 6484 6412 6358 6294 6245 6225 6118 6061 6002 6015 5891 5830 5766 5712 5647 5589 5535 5471 5413 5364 5332 5235 5177 5144 5069 5012 4941 4882 4825 4778 4727 4671 4589 4597 4510 4442 4397 4297 4239 4192 4122 4067 4005 3941 3883 3827 3781 3710 3650 3593 3550 3515 3414 3387 3323 3238 3181 3185 3078 3038 2959 2882 2826 2830 2706 2735 2658 2540 2472 2423 2353 2302 2399 2199 2126 2059 2070 2041 1885 1824 1768 1708 1843 1611 1532 1476 1412 1400 1307 1302 1189 1145 1126 1011 956 913 965 769 713 653 647 530 471 462 566 312 613 209 397 60 0 67 211 180 402 495 723 827 475 587 909 748 753 833 1005 901 1070 1062 1063 1145 1227 1391 1315 1463 1459 1477 1581 1594 1648 1793 1767 1862 1936 1945 2029 2061 2129 2176 2241 2387
7778 7708 7690 7592 7533 7490 7417 7354 7307 7243 7196 7125 7092 7008 6943 6888 6830 6767 6744 6650 6589 6541 6471 6419 6354 6303 6280 6177 6120 6060 6078 5949 5888 5825 5770 5707 5649 5595 5531 5472 5425 5387 5295 5237 5200 5126 5069 5000 4942 4884 4834 4789 4727 4648 4650 4572 4504 4452 4355 4299 4254 4180 4124 4063 4000 3942 3885 3837 3771 3708 3654 3605 3569 3474 3441 3386 3296 3238 3237 3133 3101 3021 2941 2887 2882 2766 2785 2709 2602 2530 2485 2412 2364 2444 2262 2182 2118 2119 2088 1946 1883 1825 1766 1883 1675 1589 1538 1471 1450 1370 1349 1244 1196 1193 1066 1009 978 1031 826 777 716 690 589 531 503 582 361 610 250 447 120 67 0 156 136 398 436 724 771 423 550 897 682 687 792 976 837 1003 1018 1008 1080 1181 1353 1252 1397 1394 1415 1532 1539 1588 1728 1710 1798 1872 1889 1965 2003 2067 2117 2185 2339
7846 7765 7735 7648 7589 7540 7472 7412 7358 7297 7246 7179 7166 7061 7006 6943 6884 6824 6789 6706 6650 6593 6533 6485 6416 6356 6323 6239 6177 6118 6160 6002 5943 5888 5825 5770 5714 5662 5594 5530 5495 5431 5359 5300 5247 5179 5121 5063 5005 4943 4886 4863 4774 4706 4687 4652 4582 4493 4412 4368 4328 4236 4178 4118 4062 4001 3942 3887 3840 3765 3725 3653 3609 3541 3484 3467 3353 3295 3271 3181 3186 3099 3003 2956 2915 2832 2812 2740 2678 2591 2563 2477 2440 2454 2346 2236 2183 2148 2109 2020 1949 1884 1826 1882 1764 1651 1617 1539 1482 1456 1374 1295 1238 1303 1118 1059 1082 1160 888 870 809 712 668 614 531 541 418 527 302 602 241 211 156 0 222 514 284 840 617 429 594 987 566 594 820 1030 764 888 1031 979 1002 1182 1382 1178 1293 1308 1352 1524 1503 1533 1632 1668 1717 1786 1848 1889 1958 2000 2066 2145 2330
7891 7827 7814 7711 7652 7612 7537 7473 7428 7363 7318 7246 7202 7128 7059 7007 6950 6886 6868 6770 6706 6663 6588 6533 6470 6423 6404 6294 6239 6179 6183 6069 6008 5941 5890 5823 5765 5709 5647 5590 5537 5511 5411 5353 5323 5248 5190 5117 5058 5002 4956 4899 4850 4766 4777 4680 4612 4577 4474 4413 4365 4299 4245 4183 4118 4061 4005 3960 3885 3828 3767 3729 3695 3589 3566 3493 3415 3359 3365 3257 3206 3130 3059 3001 3010 2882 2915 2839 2712 2649 2595 2529 2475 2578 2369 2305 2236 2250 2221 2059 2001 1946 1886 2019 1780 1709 1649 1589 1580 1477 1481 1369 1325 1282 1191 1136 1076 1102 949 884 824 824 708 648 638 715 492 731 384 449 240 180 136 222 0 293 453 618 792 296 413 773 628 609 657 841 740 941 884 885 984 1048 1217 1151 1319 1301 1306 1401 1416 1474 1641 1590 1699 1776 1767 1863 1883 1958 2000 2063 2207
7941 7900 7909 7786 7727 7699 7614 7545 7511 7442 7405 7325 7243 7208 7120 7085 7029 6961 6964 6846 6774 6747 6654 6588 6534 6506 6505 6361 6314 6252 6206 6152 6088 6005 5970 5887 5827 5766 5712 5664 5588 5611 5476 5419 5419 5334 5278 5185 5124 5077 5045 4942 4947 4843 4892 4713 4651 4685 4554 4472 4412 4382 4332 4269 4191 4140 4088 4056 3944 3912 3825 3829 3809 3654 3677 3531 3501 3446 3492 3360 3239 3176 3138 3066 3141 2955 3055 2973 2767 2734 2649 2609 2532 2746 2412 2407 2318 2394 2378 2128 2086 2045 1983 2208 1824 1808 1718 1681 1729 1536 1645 1497 1469 1295 1324 1275 1121 1074 1080 967 914 1016 836 778 839 967 682 1008 601 357 448 402 398 514 293 0 726 327 1058 348 303 509 814 753 530 639 823 1093 766 856 1052 941 1048 1199 1425 1366 1320 1296 1366 1464 1714 1548 1737 1823 1718 1886 1841 1959 1966 2006 2086
8041 7943 7894 7825 7766 7708 7648 7592 7529 7471 7414 7353 7370 7235 7195 7119 7059 7003 6950 6884 6834 6765 6719 6679 6604 6529 6482 6425 6357 6299 6377 6176 6119 6078 6002 5960 5905 5857 5783 5713 5695 5593 5549 5489 5413 5354 5294 5252 5196 5127 5059 5070 4942 4890 4839 4866 4793 4652 4595 4566 4535 4417 4356 4298 4251 4186 4125 4059 4042 3949 3927 3824 3768 3740 3648 3685 3539 3479 3421 3354 3409 3314 3196 3160 3066 3032 2955 2890 2892 2785 2779 2676 2655 2573 2570 2422 2385 2298 2247 2235 2154 2080 2025 1988 1998 1854 1840 1750 1647 1690 1529 1489 1420 1563 1318 1257 1336 1435 1105 1118 1059 891 910 861 731 648 657 555 551 879 523 495 436 284 453 726 0 1031 340 500 693 1130 354 434 866 1108 626 656 1034 910 838 1157 1400 1013 1071 1118 1204 1471 1401 1394 1420 1550 1529 1589 1729 1707 1828 1833 1926 2022 2262
8062 8045 8076 7932 7873 7857 7763 7688 7666 7593 7564 7477 7353 7361 7253 7235 7181 7108 7133 6995 6915 6904 6793 6716 6671 6662 6679 6501 6462 6400 6301 6309 6242 6143 6124 6026 5963 5897 5852 5813 5713 5787 5616 5560 5590 5496 5441 5328 5267 5228 5210 5062 5121 4997 5083 4824 4766 4870 4712 4610 4538 4544 4499 4433 4344 4299 4252 4232 4084 4076 3965 4010 4004 3802 3868 3652 3669 3617 3700 3547 3356 3308 3304 3218 3354 3115 3277 3191 2912 2908 2793 2780 2683 2993 2550 2601 2496 2625 2619 2294 2269 2241 2178 2476 1974 2009 1893 1878 1972 1707 1900 1727 1712 1433 1562 1520 1296 1184 1325 1183 1138 1303 1092 1039 1135 1284 980 1334 913 534 764 723 724 840 618 327 1031 0 1349 573 416 243 1049 959 511 473 970 1283 702 886 1163 869 882 1280 1553 1455 1357 1198 1329 1468 1798 1512 1783 1876 1666 1911 1793 1957 1925 1938 1941
8197 8075 8001 7956 7897 7825 7776 7726 7651 7598 7532 7480 7538 7362 7342 7249 7188 7137 7059 7016 6976 6890 6863 6835 6751 6657 6589 6570 6494 6438 6565 6306 6252 6228 6135 6110 6058 6016 5934 5855 5861 5707 5702 5642 5534 5485 5425 5404 5350 5272 5190 5248 5065 5036 4942 5055 4978 4766 4740 4733 4713 4562 4495 4441 4407 4337 4272 4194 4215 4098 4103 3957 3886 3911 3773 3883 3693 3633 3531 3492 3616 3511 3363 3341 3179 3209 3059 3002 3089 2956 2980 2854 2856 2652 2785 2586 2570 2419 2355 2439 2346 2262 2212 2062 2232 2048 2062 1956 1801 1928 1675 1681 1601 1837 1522 1461 1608 1736 1338 1386 1330 1095 1177 1136 969 813 934 664 844 1217 848 827 771 617 792 1058 340 1349 0 789 978 1421 414 543 1104 1357 712 568 1225 1038 849 1313 1586 1005 955 1059 1205 1581 1455 1398 1304 1576 1451 1493 1746 1632 1829 1779 1909 2026 2331
8183 8122 8109 8006 7947 7908 7832 7768 7723 7658 7613 7541 7493 7423 7352 7302 7245 7181 7163 7065 7001 6958 6882 6826 6764 6719 6700 6588 6534 6473 6469 6365 6303 6235 6185 6117 6058 6002 5941 5885 5829 5807 5705 5647 5619 5543 5486 5411 5352 5297 5252 5189 5146 5061 5072 4968 4902 4873 4769 4706 4656 4595 4540 4479 4412 4356 4300 4255 4177 4123 4060 4024 3990 3882 3862 3782 3711 3654 3660 3553 3494 3420 3354 3294 3304 3176 3208 3132 3004 2944 2887 2824 2767 2865 2658 2600 2530 2542 2511 2352 2295 2242 2181 2300 2068 2005 1942 1884 1873 1767 1772 1664 1619 1561 1486 1431 1362 1364 1244 1176 1117 1111 1003 944 925 969 784 949 672 664 535 475 423 429 296 348 500 573 789 0 193 634 480 407 393 617 483 746 603 590 721 760 953 879 1083 1038 1022 1110 1120 1184 1384 1295 1425 1507 1472 1584 1589 1672 1707 1768 1916
8237 8189 8190 8074 8016 7983 7902 7834 7797 7729 7689 7612 7540 7495 7412 7372 7316 7249 7245 7134 7065 7032 6945 6882 6826 6792 6784 6651 6602 6541 6506 6438 6374 6296 6256 6179 6118 6059 6003 5953 5883 5890 5767 5710 5700 5618 5561 5475 5415 5365 5328 5238 5227 5130 5164 5011 4948 4960 4840 4765 4707 4667 4615 4553 4479 4426 4373 4335 4236 4196 4117 4107 4081 3944 3950 3828 3784 3729 3757 3637 3536 3471 3424 3356 3404 3242 3313 3234 3059 3017 2941 2894 2824 2985 2707 2683 2601 2648 2624 2415 2368 2321 2260 2430 2117 2084 2004 1959 1979 1824 1886 1758 1721 1593 1581 1529 1411 1376 1337 1244 1188 1234 1092 1032 1048 1124 898 1121 795 659 645 587 550 594 413 303 693 416 978 193 0 443 641 545 248 436 561 867 482 553 772 654 804 908 1156 1080 1020 1011 1065 1162 1427 1247 1440 1528 1418 1586 1540 1656 1665 1708 1811
8299 8285 8318 8172 8114 8099 8004 7929 7907 7834 7806 7718 7588 7602 7492 7476 7422 7349 7376 7236 7155 7146 7033 6955 6911 6904 6922 6741 6703 6640 6534 6551 6484 6383 6366 6266 6202 6136 6092 6055 5951 6029 5856 5801 5833 5738 5684 5569 5507 5470 5453 5300 5364 5239 5326 5060 5003 5113 4954 4850 4777 4786 4742 4676 4586 4541 4494 4475 4325 4319 4205 4253 4247 4043 4111 3890 3912 3860 3942 3790 3594 3548 3547 3460 3595 3358 3517 3432 3153 3151 3035 3023 2925 3228 2791 2844 2739 2863 2855 2537 2512 2484 2421 2703 2216 2251 2136 2120 2208 1950 2132 1965 1947 1676 1798 1754 1539 1425 1559 1422 1376 1520 1322 1267 1346 1474 1189 1504 1111 773 957 909 897 987 773 509 1130 243 1421 634 443 0 1071 961 405 263 923 1253 531 761 1077 680 649 1167 1466 1343 1213 985 1143 1301 1674 1322 1635 1731 1467 1749 1594 1779 1728 1729 1706
8390 8296 8248 8178 8119 8061 8000 7944 7882 7824 7767 7706 7716 7588 7546 7472 7412 7355 7303 7236 7185 7118 7070 7029 6955 6882 6835 6776 6709 6651 6718 6529 6472 6428 6354 6310 6255 6206 6134 6064 6043 5947 5899 5840 5767 5706 5647 5603 5546 5478 5412 5415 5295 5242 5193 5208 5137 5006 4946 4914 4880 4769 4708 4650 4601 4537 4476 4412 4388 4300 4274 4177 4122 4087 4001 4025 3889 3830 3775 3706 3746 3655 3545 3506 3420 3379 3309 3243 3233 3134 3119 3022 2996 2925 2906 2772 2731 2652 2601 2576 2498 2428 2372 2338 2328 2199 2176 2091 2000 2019 1882 1836 1770 1868 1662 1602 1647 1713 1442 1435 1374 1240 1232 1179 1072 1002 979 902 865 1075 794 748 682 566 628 814 354 1049 414 480 641 1071 0 129 715 968 305 323 814 626 489 899 1173 662 729 765 856 1176 1073 1048 1074 1212 1176 1238 1388 1354 1483 1480 1577 1679 1945
8439 8353 8314 8236 8177 8124 8059 8001 7943 7883 7829 7766 7760 7648 7598 7530 7471 7412 7369 7294 7240 7179 7123 7078 7008 6942 6902 6829 6766 6707 6754 6588 6530 6480 6412 6362 6306 6255 6185 6120 6089 6011 5950 5891 5830 5765 5707 5654 5597 5532 5472 5458 5357 5296 5262 5246 5176 5072 5001 4961 4922 4825 4765 4706 4653 4591 4531 4472 4434 4354 4318 4237 4187 4134 4065 4061 3943 3884 3844 3766 3779 3693 3595 3550 3488 3425 3380 3312 3272 3183 3157 3069 3035 3004 2939 2825 2776 2720 2673 2615 2543 2476 2419 2420 2356 2244 2211 2133 2061 2048 1947 1885 1824 1879 1710 1650 1664 1710 1482 1458 1397 1294 1261 1205 1119 1074 1012 989 895 1043 805 753 687 594 609 753 434 959 543 407 545 961 129 0 593 845 193 342 685 501 412 772 1044 589 711 714 774 1057 969 962 1042 1116 1123 1192 1295 1296 1395 1413 1495 1588 1835
8471 8430 8434 8315 8256 8226 8143 8074 8039 7970 7932 7853 7772 7736 7650 7613 7558 7490 7489 7375 7304 7274 7184 7118 7064 7034 7029 6890 6843 6781 6734 6680 6616 6535 6498 6417 6356 6296 6242 6193 6118 6135 6006 5948 5944 5860 5804 5714 5654 5606 5571 5472 5471 5371 5410 5243 5180 5206 5081 5002 4942 4909 4859 4795 4720 4667 4615 4580 4473 4438 4355 4352 4327 4183 4196 4061 4027 3972 4005 3882 3768 3706 3666 3595 3651 3483 3560 3481 3297 3260 3178 3136 3062 3232 2942 2928 2844 2896 2872 2656 2611 2566 2505 2675 2354 2329 2245 2203 2227 2064 2133 2005 1969 1825 1829 1776 1650 1598 1584 1488 1433 1480 1339 1280 1294 1358 1144 1342 1040 884 892 833 792 820 657 530 866 511 1104 393 248 405 715 593 0 254 524 856 237 376 674 412 563 774 1063 950 847 767 844 965 1290 1028 1272 1365 1193 1404 1318 1458 1446 1479 1564
8531 8507 8529 8393 8335 8314 8224 8151 8124 8053 8021 7936 7823 7820 7718 7695 7640 7569 7585 7456 7378 7361 7257 7183 7135 7120 7128 6964 6923 6860 6774 6766 6700 6607 6582 6489 6427 6363 6315 6274 6180 6235 6079 6023 6041 5950 5895 5790 5729 5687 5664 5531 5570 5455 5523 5294 5235 5313 5168 5073 5005 4998 4951 4886 4802 4754 4705 4679 4546 4529 4427 4455 4440 4261 4306 4119 4120 4066 4127 3988 3824 3772 3756 3676 3777 3569 3693 3611 3371 3356 3253 3229 3140 3384 3012 3037 2941 3033 3016 2745 2711 2675 2613 2841 2430 2440 2338 2311 2368 2154 2283 2135 2107 1892 1962 1914 1738 1649 1719 1600 1549 1645 1475 1417 1463 1555 1308 1557 1214 961 1060 1005 976 1030 841 639 1108 473 1357 617 436 263 968 845 254 0 760 1091 281 536 872 419 417 939 1251 1112 965 727 881 1042 1433 1060 1382 1479 1205 1491 1332 1517 1466 1470 1473
8609 8529 8496 8412 8353 8303 8236 8176 8122 8061 8009 7943 7926 7825 7770 7707 7648 7588 7550 7470 7414 7357 7297 7248 7180 7119 7084 7003 6941 6882 6914 6766 6707 6652 6588 6534 6477 6425 6358 6294 6257 6192 6122 6064 6009 5943 5884 5827 5769 5707 5649 5623 5537 5470 5445 5408 5339 5254 5176 5130 5088 5000 4941 4882 4825 4765 4706 4650 4602 4529 4486 4416 4369 4304 4245 4222 4117 4059 4027 3944 3938 3856 3767 3718 3671 3595 3565 3496 3436 3355 3320 3240 3198 3193 3098 3000 2946 2903 2859 2780 2712 2648 2590 2610 2512 2415 2373 2300 2242 2206 2129 2059 2001 2022 1882 1823 1813 1838 1650 1613 1552 1473 1422 1365 1294 1262 1179 1181 1061 1147 956 901 837 764 740 823 626 970 712 483 561 923 305 193 524 760 0 332 553 329 244 609 894 416 602 561 589 872 776 774 904 924 961 1037 1103 1129 1206 1236 1308 1398 1643
8696 8593 8535 8475 8416 8353 8296 8242 8176 8120 8059 8002 8026 7883 7849 7768 7708 7653 7592 7534 7486 7413 7371 7334 7258 7178 7123 7078 7008 6951 7032 6825 6769 6732 6652 6614 6559 6513 6437 6365 6351 6236 6203 6144 6059 6003 5943 5906 5850 5779 5708 5727 5588 5543 5478 5522 5450 5295 5248 5222 5191 5070 5007 4950 4906 4840 4778 4709 4698 4602 4584 4473 4412 4396 4294 4340 4193 4133 4061 4004 4063 3970 3852 3817 3707 3688 3592 3530 3548 3441 3434 3332 3311 3197 3224 3076 3041 2941 2885 2890 2810 2736 2682 2608 2647 2510 2493 2405 2299 2339 2178 2145 2076 2190 1974 1913 1970 2034 1759 1757 1696 1548 1553 1500 1386 1296 1299 1177 1186 1382 1117 1070 1003 888 941 1093 656 1283 568 746 867 1253 323 342 856 1091 332 0 869 615 318 892 1185 446 415 492 645 1084 916 836 766 1019 892 942 1185 1073 1263 1213 1340 1460 1787
8706 8666 8671 8551 8493 8463 8380 8310 8275 8207 8169 8090 8006 7973 7885 7850 7794 7726 7726 7611 7540 7511 7420 7354 7300 7271 7265 7126 7079 7018 6965 6916 6853 6771 6734 6653 6592 6531 6478 6430 6353 6371 6242 6185 6180 6097 6041 5950 5890 5842 5808 5707 5708 5608 5646 5476 5414 5442 5318 5238 5177 5146 5095 5032 4956 4904 4852 4816 4709 4675 4591 4588 4563 4419 4432 4295 4264 4209 4240 4118 4002 3941 3902 3832 3886 3720 3794 3716 3533 3497 3414 3373 3298 3461 3177 3164 3081 3129 3103 2892 2848 2803 2741 2901 2589 2566 2482 2440 2460 2301 2364 2240 2202 2059 2064 2010 1886 1830 1819 1725 1669 1708 1574 1514 1521 1572 1374 1542 1267 1118 1122 1062 1018 1031 884 766 1034 702 1225 603 482 531 814 685 237 281 553 869 0 270 614 176 366 663 981 834 685 531 627 771 1153 810 1104 1200 969 1219 1095 1256 1226 1250 1328
8771 8711 8697 8596 8537 8497 8422 8357 8312 8248 8203 8130 8079 8013 7941 7892 7835 7771 7751 7654 7590 7547 7471 7414 7353 7308 7288 7177 7123 7063 7051 6954 6893 6824 6774 6706 6647 6590 6530 6475 6417 6394 6294 6236 6207 6132 6075 6000 5941 5886 5841 5775 5734 5651 5657 5552 5487 5459 5358 5295 5243 5184 5130 5068 5002 4945 4890 4844 4766 4713 4648 4613 4576 4471 4449 4367 4300 4243 4243 4141 4077 4006 3943 3883 3887 3765 3788 3714 3591 3534 3474 3414 3355 3433 3243 3189 3120 3123 3087 2941 2885 2831 2771 2859 2653 2594 2530 2473 2454 2355 2349 2252 2203 2138 2074 2017 1946 1926 1832 1765 1706 1687 1593 1533 1502 1511 1368 1453 1253 1211 1123 1063 1008 979 885 856 910 886 1038 590 553 761 626 501 376 536 329 615 270 0 345 281 572 406 715 581 473 561 531 609 916 706 899 990 883 1036 1000 1103 1120 1178 1357
8849 8765 8726 8648 8589 8536 8471 8412 8356 8296 8242 8178 8168 8060 8009 7942 7883 7824 7781 7706 7651 7591 7534 7488 7418 7354 7314 7241 7177 7119 7157 7001 6942 6891 6824 6773 6716 6665 6596 6531 6498 6424 6361 6302 6242 6178 6119 6065 6007 5944 5884 5864 5770 5707 5673 5651 5582 5484 5413 5370 5329 5236 5177 5118 5064 5002 4943 4884 4843 4766 4727 4650 4599 4544 4477 4465 4354 4296 4255 4178 4181 4099 4005 3958 3900 3835 3791 3724 3678 3594 3562 3479 3440 3411 3341 3237 3186 3131 3083 3021 2952 2887 2829 2826 2755 2654 2615 2541 2474 2449 2359 2296 2236 2266 2120 2061 2057 2081 1890 1857 1796 1706 1664 1607 1530 1484 1419 1391 1302 1385 1200 1145 1080 1002 984 1052 838 1163 849 721 772 1077 489 412 674 872 244 318 614 345 0 599 892 176 391 318 367 767 608 560 664 729 717 793 903 887 995 1000 1089 1191 1483
8882 8841 8845 8726 8668 8637 8554 8486 8450 8382 8343 8265 8182 8148 8061 8025 7969 7901 7899 7786 7715 7685 7596 7530 7476 7445 7438 7302 7254 7193 7141 7091 7027 6946 6909 6829 6768 6707 6653 6605 6529 6544 6417 6360 6354 6271 6215 6126 6065 6017 5982 5883 5881 5783 5817 5652 5590 5614 5493 5414 5353 5320 5269 5206 5131 5079 5026 4990 4885 4849 4766 4761 4734 4595 4604 4471 4438 4382 4409 4291 4178 4117 4077 4007 4055 3894 3962 3884 3708 3671 3590 3547 3473 3624 3353 3337 3255 3296 3268 3067 3021 2976 2914 3059 2765 2738 2657 2613 2627 2476 2529 2410 2370 2235 2233 2179 2061 2006 1988 1898 1842 1870 1744 1684 1684 1722 1539 1683 1430 1294 1287 1227 1181 1182 1048 941 1157 869 1313 760 654 680 899 772 412 419 609 892 176 281 599 0 294 599 925 756 572 357 463 626 1048 644 975 1072 797 1075 924 1098 1056 1075 1159
8944 8923 8946 8810 8751 8731 8640 8567 8541 8469 8437 8353 8235 8236 8133 8111 8057 7985 8002 7872 7794 7778 7673 7598 7551 7537 7545 7380 7339 7277 7182 7183 7117 7022 6999 6905 6843 6778 6731 6690 6595 6652 6495 6439 6457 6367 6312 6206 6145 6104 6080 5944 5987 5872 5938 5706 5648 5729 5585 5489 5419 5415 5368 5303 5219 5171 5122 5096 4962 4946 4843 4871 4855 4678 4722 4533 4537 4483 4540 4404 4238 4188 4173 4093 4189 3986 4103 4021 3788 3772 3669 3646 3557 3785 3428 3452 3357 3440 3421 3161 3127 3090 3028 3234 2846 2854 2755 2725 2774 2570 2684 2544 2514 2308 2370 2320 2155 2064 2126 2014 1961 2037 1881 1822 1852 1921 1700 1901 1599 1378 1449 1391 1353 1382 1217 1048 1400 882 1586 953 804 649 1173 1044 563 417 894 1185 366 572 892 294 0 877 1202 1021 814 378 611 813 1282 762 1175 1272 872 1242 996 1228 1131 1105 1059
9024 8941 8903 8824 8765 8712 8647 8588 8532 8472 8418 8354 8342 8236 8184 8118 8059 8000 7957 7882 7827 7767 7710 7663 7594 7530 7490 7416 7353 7295 7330 7177 7118 7066 7000 6948 6891 6840 6772 6707 6672 6600 6536 6477 6418 6354 6295 6241 6183 6119 6060 6038 5946 5883 5850 5824 5755 5660 5589 5545 5503 5412 5353 5294 5239 5178 5119 5060 5017 4942 4901 4826 4776 4718 4653 4638 4530 4472 4431 4354 4353 4272 4181 4133 4076 4010 3967 3900 3852 3769 3736 3654 3614 3586 3514 3412 3361 3307 3259 3195 3126 3062 3004 3000 2927 2829 2788 2715 2650 2621 2535 2472 2412 2433 2296 2236 2227 2243 2065 2029 1968 1882 1838 1780 1706 1660 1593 1564 1476 1540 1371 1315 1252 1178 1151 1199 1013 1280 1005 879 908 1167 662 589 774 939 416 446 663 406 176 599 877 0 326 176 200 680 477 394 520 573 548 628 742 713 827 824 916 1024 1341
9111 9007 8945 8888 8829 8765 8710 8656 8589 8533 8471 8415 8441 8296 8263 8182 8122 8067 8002 7947 7901 7825 7786 7749 7672 7591 7533 7493 7422 7365 7446 7239 7183 7146 7065 7028 6974 6927 6852 6779 6766 6647 6618 6558 6471 6416 6357 6321 6265 6194 6122 6141 6001 5957 5887 5936 5863 5706 5662 5637 5605 5484 5421 5364 5320 5254 5192 5122 5112 5016 4998 4887 4824 4811 4707 4753 4607 4548 4472 4417 4475 4383 4266 4231 4118 4103 4002 3941 3961 3856 3847 3746 3724 3602 3635 3491 3456 3353 3295 3303 3224 3151 3096 3012 3056 2924 2905 2819 2713 2748 2592 2559 2491 2589 2388 2327 2372 2421 2171 2162 2101 1962 1960 1907 1799 1710 1708 1588 1593 1744 1514 1463 1397 1293 1319 1425 1071 1553 955 1083 1156 1466 729 711 1063 1251 602 415 981 715 391 925 1202 326 0 199 433 975 736 576 353 768 503 539 902 683 950 838 1001 1142 1537
9151 9060 9012 8943 8884 8826 8765 8708 8647 8589 8532 8471 8474 8353 8309 8236 8177 8120 8068 8001 7949 7883 7833 7790 7718 7647 7600 7539 7473 7415 7468 7294 7237 7191 7119 7073 7017 6967 6896 6829 6802 6711 6661 6602 6532 6471 6412 6365 6308 6242 6177 6171 6060 6005 5956 5960 5890 5771 5710 5674 5636 5533 5472 5414 5364 5300 5240 5177 5147 5063 5032 4942 4887 4847 4766 4775 4653 4594 4539 4471 4492 4407 4306 4263 4184 4138 4072 4007 3986 3895 3871 3782 3749 3682 3652 3535 3489 3416 3363 3329 3256 3188 3131 3094 3068 2957 2924 2846 2765 2761 2647 2596 2533 2583 2422 2362 2372 2399 2196 2170 2108 2002 1974 1918 1831 1767 1726 1659 1609 1702 1513 1459 1394 1308 1301 1366 1118 1455 1059 1038 1080 1343 765 714 950 1112 561 492 834 581 318 756 1021 176 199 0 234 778 537 385 348 578 411 478 724 589 786 722 853 982 1352
9193 9117 9085 9001 8942 8892 8825 8764 8711 8649 8598 8532 8507 8414 8356 8295 8237 8176 8139 8059 8001 7946 7883 7833 7767 7708 7673 7590 7529 7470 7489 7354 7295 7238 7177 7120 7063 7010 6944 6882 6840 6782 6708 6650 6599 6532 6473 6413 6355 6294 6238 6203 6126 6058 6034 5986 5918 5843 5764 5714 5669 5588 5530 5470 5412 5352 5294 5239 5186 5117 5069 5005 4958 4888 4835 4799 4705 4647 4616 4533 4513 4435 4353 4302 4260 4180 4153 4085 4017 3942 3900 3825 3779 3777 3675 3588 3531 3492 3446 3361 3297 3235 3177 3192 3086 3001 2953 2885 2831 2783 2719 2647 2590 2583 2470 2411 2382 2382 2236 2190 2129 2062 2004 1946 1883 1848 1764 1757 1647 1671 1534 1477 1415 1352 1306 1320 1204 1357 1205 1022 1020 1213 856 774 847 965 589 645 685 473 367 572 814 200 433 234 0 545 304 193 476 375 426 519 541 566 628 652 722 825 1147
9235 9197 9201 9082 9024 8993 8910 8841 8806 8738 8699 8621 8533 8504 8416 8381 8325 8257 8256 8142 8071 8042 7951 7883 7830 7801 7795 7657 7610 7548 7489 7447 7384 7301 7265 7183 7123 7061 7008 6960 6882 6901 6772 6715 6710 6628 6572 6481 6420 6373 6338 6235 6238 6139 6174 6003 5942 5971 5849 5768 5706 5677 5626 5563 5487 5435 5383 5346 5240 5206 5121 5118 5091 4950 4960 4823 4794 4739 4765 4647 4530 4471 4433 4362 4410 4250 4316 4239 4063 4027 3945 3904 3829 3974 3707 3693 3612 3651 3621 3423 3378 3332 3271 3406 3120 3095 3013 2970 2981 2832 2881 2766 2725 2588 2589 2534 2417 2355 2344 2255 2199 2221 2100 2040 2035 2063 1892 2012 1782 1647 1641 1581 1532 1524 1401 1296 1471 1198 1581 1110 1011 985 1176 1057 767 727 872 1084 531 561 767 357 378 680 975 778 545 0 269 479 971 390 834 928 495 878 621 852 755 744 807
9298 9242 9228 9126 9067 9028 8952 8887 8843 8778 8733 8661 8603 8543 8470 8422 8365 8301 8282 8185 8120 8078 8001 7942 7882 7839 7818 7707 7653 7593 7571 7485 7423 7353 7305 7235 7176 7119 7059 7005 6944 6925 6823 6766 6738 6663 6606 6530 6471 6417 6372 6301 6265 6181 6187 6076 6012 5990 5889 5823 5769 5715 5660 5599 5532 5476 5420 5375 5294 5243 5176 5144 5107 5000 4979 4891 4831 4774 4772 4672 4601 4533 4474 4412 4416 4295 4315 4242 4119 4064 4001 3944 3882 3955 3769 3720 3650 3650 3612 3470 3415 3362 3301 3377 3179 3125 3059 3004 2983 2882 2876 2782 2733 2658 2604 2547 2472 2439 2363 2294 2236 2214 2123 2064 2030 2026 1898 1955 1783 1723 1654 1594 1539 1503 1416 1366 1401 1329 1455 1120 1065 1143 1073 969 844 881 776 916 627 531 608 463 611 477 736 537 304 269 0 210 703 184 569 665 353 632 475 637 602 648 876
9365 9295 9268 9179 9120 9073 9003 8942 8891 8829 8779 8711 8677 8593 8531 8474 8416 8354 8322 8237 8177 8126 8059 8006 7942 7888 7856 7765 7707 7647 7654 7534 7474 7413 7356 7295 7237 7183 7119 7059 7012 6964 6883 6825 6780 6711 6653 6589 6530 6471 6418 6373 6308 6235 6219 6153 6086 6026 5942 5887 5839 5766 5709 5649 5588 5529 5472 5419 5358 5295 5241 5186 5142 5062 5017 4967 4883 4825 4801 4714 4678 4604 4529 4475 4445 4354 4339 4270 4187 4118 4070 4000 3949 3966 3842 3767 3706 3677 3633 3533 3471 3412 3353 3382 3252 3177 3123 3059 3015 2951 2903 2826 2771 2743 2648 2590 2547 2535 2412 2359 2299 2245 2178 2119 2064 2036 1941 1948 1825 1819 1707 1648 1588 1533 1474 1464 1394 1468 1398 1184 1162 1301 1048 962 965 1042 774 836 771 609 560 626 813 394 576 385 193 479 210 0 495 193 362 459 350 449 435 495 534 631 968
9462 9359 9298 9241 9182 9118 9062 9008 8941 8885 8824 8767 8790 8649 8615 8534 8474 8419 8355 8300 8253 8178 8138 8100 8024 7943 7886 7844 7774 7717 7791 7591 7535 7498 7418 7380 7325 7278 7203 7131 7116 7000 6969 6910 6824 6769 6709 6672 6616 6546 6474 6489 6353 6309 6240 6282 6210 6059 6014 5986 5953 5836 5773 5716 5671 5606 5544 5475 5461 5368 5347 5239 5177 5160 5060 5098 4959 4899 4825 4770 4818 4729 4617 4579 4471 4452 4355 4294 4307 4206 4193 4095 4070 3954 3978 3842 3804 3706 3648 3649 3572 3500 3445 3364 3396 3272 3248 3165 3065 3088 2944 2908 2841 2919 2736 2675 2706 2741 2516 2500 2438 2311 2301 2246 2146 2062 2050 1941 1934 2048 1846 1793 1728 1632 1641 1714 1420 1798 1304 1384 1427 1674 1074 1042 1290 1433 904 766 1153 916 664 1048 1282 520 353 348 476 971 703 495 0 647 211 201 719 364 724 534 735 894 1346
9477 9417 9399 9301 9242 9201 9127 9063 9017 8953 8906 8835 8783 8718 8647 8597 8540 8476 8453 8359 8296 8252 8177 8120 8059 8013 7989 7883 7828 7768 7752 7659 7598 7530 7479 7412 7353 7296 7236 7180 7122 7096 7000 6942 6910 6837 6779 6706 6647 6592 6545 6481 6437 6356 6355 6256 6191 6160 6064 6001 5948 5889 5834 5773 5707 5650 5595 5547 5472 5418 5354 5315 5276 5177 5149 5071 5005 4948 4939 4843 4781 4712 4649 4589 4583 4471 4480 4409 4297 4239 4179 4119 4060 4115 3948 3893 3825 3816 3776 3647 3590 3535 3475 3534 3358 3299 3236 3179 3150 3060 3042 2954 2903 2839 2775 2718 2651 2621 2536 2471 2412 2381 2297 2238 2197 2184 2068 2105 1953 1905 1827 1767 1710 1668 1590 1548 1550 1512 1576 1295 1247 1322 1212 1116 1028 1060 924 1019 810 706 729 644 762 573 768 578 375 390 184 193 647 0 473 559 180 490 294 467 419 476 775
9562 9471 9422 9354 9295 9237 9176 9119 9058 9000 8943 8882 8883 8764 8720 8648 8588 8531 8478 8412 8360 8294 8244 8201 8129 8058 8010 7951 7885 7827 7875 7705 7648 7602 7530 7484 7428 7378 7307 7240 7212 7122 7072 7013 6942 6882 6823 6776 6719 6653 6588 6580 6471 6416 6366 6368 6298 6181 6121 6084 6045 5944 5883 5825 5775 5711 5651 5588 5557 5475 5442 5353 5297 5257 5177 5182 5064 5005 4948 4882 4899 4815 4717 4673 4594 4548 4481 4417 4394 4305 4279 4192 4157 4088 4059 3946 3899 3826 3773 3737 3666 3599 3542 3499 3473 3367 3332 3256 3176 3167 3058 3007 2944 2981 2832 2772 2774 2789 2605 2574 2513 2413 2381 2325 2241 2177 2135 2067 2018 2083 1917 1862 1798 1717 1699 1737 1529 1783 1451 1425 1440 1635 1176 1123 1272 1382 961 892 1104 899 717 975 1175 548 503 411 426 834 569 362 211 473 0 98 519 181 514 338 526 684 1138
9627 9532 9478 9414 9355 9295 9236 9181 9117 9060 9001 8942 8951 8824 8783 8708 8648 8592 8534 8473 8423 8353 8307 8266 8193 8118 8065 8014 7946 7888 7946 7765 7708 7666 7591 7548 7492 7443 7371 7302 7279 7178 7137 7077 7000 6942 6883 6840 6783 6715 6648 6649 6529 6479 6420 6439 6368 6237 6184 6150 6114 6006 5945 5887 5839 5775 5714 5648 5624 5537 5509 5413 5354 5324 5235 5253 5127 5068 5004 4942 4971 4886 4782 4741 4649 4615 4535 4473 4464 4371 4349 4259 4227 4138 4131 4009 3966 3883 3827 3807 3733 3664 3608 3549 3546 3434 3403 3324 3236 3239 3117 3072 3007 3059 2898 2838 2850 2871 2673 2648 2587 2477 2453 2396 2307 2235 2204 2120 2088 2167 1991 1936 1872 1786 1776 1823 1589 1876 1493 1507 1528 1731 1238 1192 1365 1479 1037 942 1200 990 793 1072 1272 628 539 478 519 928 665 459 201 559 98 0 586 166 564 338 553 717 1188
9651 9594 9578 9478 9420 9379 9304 9240 9195 9130 9084 9013 8957 8895 8823 8774 8717 8653 8632 8537 8472 8430 8354 8295 8235 8190 8168 8060 8006 7945 7924 7836 7775 7706 7657 7588 7529 7472 7412 7357 7297 7275 7176 7118 7088 7015 6957 6883 6823 6769 6723 6655 6615 6533 6535 6429 6365 6339 6241 6176 6122 6067 6012 5950 5884 5828 5772 5725 5647 5595 5529 5494 5455 5353 5328 5244 5183 5126 5118 5022 4954 4886 4826 4765 4762 4648 4660 4588 4472 4416 4354 4296 4236 4294 4122 4071 4002 3996 3956 3823 3767 3713 3653 3713 3532 3476 3412 3356 3330 3235 3221 3132 3082 3011 2954 2897 2825 2790 2714 2647 2588 2560 2475 2415 2377 2364 2247 2284 2131 2074 2005 1945 1889 1848 1767 1718 1729 1666 1746 1472 1418 1467 1388 1295 1193 1205 1103 1185 969 883 903 797 872 742 902 724 541 495 353 350 719 180 519 586 0 470 127 384 262 297 638
9735 9648 9601 9530 9471 9415 9353 9296 9236 9177 9120 9059 9055 8941 8894 8824 8765 8707 8656 8589 8536 8471 8419 8374 8304 8235 8188 8126 8061 8002 8043 7882 7824 7776 7706 7658 7602 7551 7482 7415 7384 7300 7247 7188 7120 7059 7000 6951 6893 6828 6765 6751 6648 6592 6545 6537 6468 6359 6297 6257 6216 6120 6060 6001 5949 5887 5827 5765 5730 5650 5614 5530 5475 5430 5355 5351 5239 5180 5127 5059 5066 4985 4891 4845 4772 4721 4660 4596 4565 4479 4449 4366 4327 4269 4227 4121 4072 4005 3952 3908 3838 3772 3715 3680 3640 3540 3502 3428 3353 3335 3236 3181 3119 3143 3006 2946 2939 2947 2777 2742 2681 2589 2551 2494 2416 2355 2306 2246 2189 2236 2085 2029 1965 1889 1863 1886 1707 1911 1632 1584 1586 1749 1354 1296 1404 1491 1129 1073 1219 1036 887 1075 1242 713 683 589 566 878 632 449 364 490 181 166 470 0 422 172 393 559 1039
9771 9710 9691 9595 9536 9493 9420 9356 9310 9246 9199 9128 9077 9011 8941 8890 8833 8770 8745 8653 8590 8544 8471 8414 8353 8306 8280 8177 8122 8062 8046 7952 7891 7824 7772 7706 7647 7590 7530 7474 7417 7387 7294 7236 7202 7129 7072 7000 6941 6885 6837 6775 6729 6650 6645 6550 6486 6450 6357 6295 6242 6182 6127 6066 6001 5944 5888 5839 5766 5711 5648 5607 5566 5471 5440 5365 5298 5241 5228 5135 5075 5006 4942 4883 4872 4765 4768 4698 4591 4532 4474 4413 4355 4398 4242 4185 4119 4105 4063 3941 3884 3828 3768 3815 3652 3592 3530 3472 3440 3355 3330 3246 3193 3133 3068 3010 2945 2914 2829 2765 2706 2670 2591 2531 2488 2468 2360 2383 2244 2198 2120 2061 2003 1958 1883 1841 1828 1793 1829 1589 1540 1594 1483 1395 1318 1332 1206 1263 1095 1000 995 924 996 827 950 786 628 621 475 435 724 294 514 564 127 422 0 299 135 197 625
9844 9765 9726 9648 9589 9537 9471 9412 9356 9296 9242 9178 9159 9060 9006 8942 8884 8824 8781 8706 8650 8591 8533 8484 8417 8354 8314 8239 8177 8118 8141 8001 7942 7888 7824 7770 7713 7661 7594 7531 7492 7424 7359 7300 7242 7178 7119 7063 7005 6943 6884 6856 6770 6707 6672 6638 6570 6484 6412 6365 6321 6236 6177 6118 6062 6001 5942 5884 5837 5765 5721 5650 5599 5539 5477 5451 5354 5295 5254 5178 5165 5087 5003 4953 4899 4831 4789 4722 4669 4591 4552 4476 4431 4403 4327 4236 4182 4130 4080 4013 3947 3885 3826 3815 3738 3651 3605 3536 3474 3435 3359 3295 3236 3233 3119 3059 3034 3028 2886 2842 2781 2707 2656 2598 2530 2481 2414 2379 2297 2313 2186 2129 2067 2000 1958 1959 1833 1957 1779 1672 1656 1779 1480 1413 1458 1517 1236 1213 1256 1103 1000 1098 1228 824 838 722 652 852 637 495 534 467 338 338 384 172 299 0 233 400 890
9890 9826 9801 9709 9651 9605 9534 9472 9423 9360 9311 9242 9199 9124 9059 9005 8947 8885 8855 8768 8706 8658 8588 8533 8470 8419 8390 8294 8237 8177 8170 8065 8005 7941 7887 7823 7765 7709 7647 7589 7536 7498 7411 7353 7313 7243 7185 7117 7058 7001 6950 6895 6840 6765 6753 6672 6607 6560 6472 6413 6362 6297 6240 6180 6117 6059 6003 5952 5884 5825 5767 5719 5675 5589 5550 5487 5413 5356 5335 5247 5197 5126 5058 5001 4979 4882 4874 4804 4711 4648 4593 4529 4474 4499 4363 4298 4235 4211 4167 4059 4000 3943 3883 3914 3773 3707 3649 3588 3548 3474 3437 3358 3304 3256 3180 3122 3066 3040 2942 2883 2824 2778 2706 2647 2597 2569 2473 2479 2356 2323 2235 2176 2117 2066 2000 1966 1926 1925 1909 1707 1665 1728 1577 1495 1446 1466 1308 1340 1226 1120 1089 1056 1131 916 1001 853 722 755 602 534 735 419 526 553 262 393 135 233 0 167 657
9944 9889 9875 9774 9715 9675 9600 9535 9491 9426 9381 9308 9248 9191 9117 9070 9013 8949 8928 8832 8767 8726 8648 8588 8530 8486 8464 8354 8301 8241 8212 8132 8071 8000 7952 7883 7823 7765 7707 7652 7590 7571 7471 7413 7385 7311 7253 7177 7118 7064 7019 6946 6912 6829 6831 6719 6656 6635 6537 6470 6415 6362 6308 6246 6179 6123 6068 6022 5941 5891 5823 5790 5752 5647 5625 5536 5478 5422 5415 5318 5244 5178 5121 5059 5059 4943 4956 4885 4765 4712 4647 4591 4529 4590 4414 4367 4298 4292 4252 4117 4063 4009 3949 4008 3824 3772 3706 3651 3626 3529 3518 3429 3378 3301 3251 3194 3118 3077 3010 2942 2883 2857 2771 2711 2674 2659 2544 2577 2428 2362 2301 2241 2185 2145 2063 2006 2022 1938 2026 1768 1708 1729 1679 1588 1479 1470 1398 1460 1250 1178 1191 1075 1105 1024 1142 982 825 744 648 631 894 476 684 717 297 559 197 400 167 0 494
10003 9979 9995 9866 9807 9783 9695 9623 9594 9524 9489 9407 9294 9291 9191 9166 9111 9041 9050 8927 8851 8831 8730 8656 8609 8590 8591 8437 8394 8332 8240 8236 8171 8080 8052 7962 7900 7836 7788 7745 7654 7697 7552 7496 7505 7418 7363 7262 7201 7158 7130 7003 7033 6925 6974 6765 6708 6769 6637 6546 6478 6466 6417 6353 6273 6223 6173 6141 6019 5996 5900 5914 5891 5733 5760 5592 5586 5531 5568 5445 5297 5246 5223 5147 5214 5038 5121 5043 4843 4819 4725 4694 4611 4781 4485 4491 4404 4456 4427 4212 4172 4130 4068 4212 3901 3892 3803 3766 3786 3620 3688 3568 3529 3364 3392 3338 3204 3122 3147 3051 2996 3028 2902 2843 2841 2866 2698 2810 2588 2428 2447 2387 2339 2330 2207 2086 2262 1941 2331 1916 1811 1706 1945 1835 1564 1473 1643 1787 1328 1357 1483 1159 1059 1341 1537 1352 1147 807 876 968 1346 775 1138 1188 638 1039 625 890 657 494 0
