5 80 12
64 94 82 51 75 89 90 56 65 95 66 89 93 63 50 51 84 97 71 56 59 56 66 55 53 92 90 96 69 75 60 85 89 86 66 60 75 79 92 98 64 96 95 98 51 71 79 59 87 99 68 57 56 91 97 66 82 89 76 56 58 64 79 79 99 63 84 89 66 86 95 85 73 63 72 69 91 70 65 97
95 86 85 109 85 106 92 92 96 102 87 95
0 6011 7377 11314 5483 8022 7109 3865 10272 1035 6670 4127 8088 7925 6018 9590 5160 6554 508 7513 6222 448 6529 4732 10903 1925 4917 6073 8476 6263 7337 7772 5829 4832 7288 6804 7056 6965 1347 988 7614 3364 7814 3381 2969 3281 1836 9566 5879 5762 6502 9192 875 10500 5101 5846 2877 8025 6704 6440 2651 7725 7398 6155 6938 7469 6487 6242 3565 4881 5597 1889 5250 7935 6554 7751 6775 7782 4526 2699 5062 9347 5334 2570 5252 6693 6018 4717 6305 8391 9163 2071 8614 8563 5391 3072 1275 8534 5281 7305 5385 7289 8357 8483 6237 6927 6259 2868 7025 4816 7337 5181 3394 10360 4619 4156 6632 8586 1236 1822 5961 9088 4739 8683 5077 6604 7760 5450 1360 5921 6767 5151 6173 7592 6743 7115 6328 7231 7441 6191 1075 2436 10645 238 3048 5545 4337 3754 6426 8582 6049 3124 8434 2974 6892 7790 1080 10178 1863 6156 2942 3229 7274 2878 1692 4622 6230 4959 3987 5867 7810
6011 0 10507 8841 2621 4539 3788 6709 7338 6412 9028 8371 4965 4935 7144 8095 5384 9850 6063 4809 610 5778 6447 7009 8438 7776 8947 9975 4133 9887 10970 8731 7911 1630 5072 793 6500 10418 6308 6999 1842 8381 3289 6214 6464 8119 7564 6631 4533 5823 1467 9138 6093 7919 1967 745 6621 11107 709 7042 3943 3178 7396 8442 7558 4466 7915 1651 3239 4592 1338 6822 9156 7151 2702 5683 5664 8019 1491 5017 5223 7311 1080 5795 2533 1225 1876 1345 342 11214 7388 7761 4469 7242 9591 3711 6439 7067 1416 10480 3311 3353 11562 9842 4122 2748 3983 3183 8560 1208 9288 6392 3247 8615 7576 5206 7639 6932 6605 7705 4023 6472 7667 8474 8048 3118 2692 3708 5886 408 9721 3856 1160 4124 854 4689 6178 8701 1896 2843 5088 3575 8610 6193 8274 1232 2942 8451 1207 5480 1503 5918 6585 3038 1272 3995 6582 7594 7473 9932 8134 2801 8761 3136 4337 1390 544 9248 2224 9545 8869
7377 10507 0 8942 8149 8722 8388 3990 8955 8279 1661 3319 8352 8173 3713 6911 5299 824 6876 7802 11043 7798 4959 3504 8704 8063 2555 1627 9804 1229 926 3364 2669 10383 7266 11106 5405 616 6040 7249 11075 4417 9748 4570 4645 4315 8288 8634 6571 5113 9854 4961 6522 8637 8581 10864 4635 656 10918 4155 7071 9739 4679 2147 3959 8108 3061 9461 7401 6028 9286 5496 2214 5649 8846 7138 6089 4346 9388 5884 5434 7479 9430 5314 8125 11680 9103 9356 10842 1049 7103 8443 9639 6394 2354 7079 6102 6563 9114 93 7476 9014 1067 2868 7244 9179 7398 8778 2676 9784 1964 4206 7472 7546 3058 5301 3555 6799 6166 6432 7136 8075 2946 5025 2546 8515 10298 7133 8736 10164 787 6855 9792 8607 11348 7483 5106 2708 10681 8409 8124 8249 8042 7185 4827 10899 7565 3878 9989 8467 9427 4916 6996 8493 11770 8989 6339 8484 8479 1439 4847 8486 2673 8577 7731 9563 10318 2713 8514 1578 3221
11314 8841 8942 0 6752 4302 5107 8279 1552 12287 7524 9855 3891 3951 6167 2072 6209 8967 10946 4195 9398 11457 5057 7575 425 13098 9715 9858 4952 9436 9858 5588 7171 10068 4187 8787 4446 9376 10419 11984 7758 10849 5695 8424 9012 10535 13102 2213 5501 5678 7383 4065 10663 925 7541 9578 9229 9102 8620 5556 8887 5792 4604 7401 5368 4456 6333 7205 8196 6440 7734 10398 9606 3694 6180 3625 4544 4693 9039 8628 6283 1970 8195 8982 6982 9853 7058 8790 8987 8766 2204 13336 4573 2912 10144 8498 10599 2867 7892 8998 6392 5488 9484 6226 5350 6093 5401 10080 6400 9224 6993 6603 8404 1400 8263 7213 5850 2759 10806 11905 5602 2428 8222 3918 8262 5808 6473 6145 12216 8465 8458 6345 7686 4723 9242 4482 5169 6304 7390 6185 11157 9933 901 11309 11097 10005 7533 10450 7645 3363 7385 8509 2880 9653 9753 4856 10936 1260 13165 9664 11000 9389 6326 9839 10156 9153 8315 10152 8647 9405 5724
5483 2621 8149 6752 0 2712 1768 4659 5383 6248 6588 6514 2948 2841 4615 5671 2877 7566 5310 2556 3228 5443 3830 4736 6330 7408 6949 7851 2996 7687 8712 6126 5492 3400 2653 3044 3884 8142 5196 6397 2949 6841 2352 4287 4706 6534 7294 4638 1912 3243 1706 6535 5180 5835 808 3224 4911 8714 2847 4454 2845 2271 4775 6024 4956 2328 5384 1312 1918 2121 1284 5534 7097 4569 1083 3273 3063 5398 2308 3420 2729 4999 1635 4173 250 3843 955 2078 2910 8768 5003 7524 3158 4744 7594 2435 5368 4591 1278 8134 704 1811 9179 7246 1562 1473 1448 3443 6014 2548 6769 3949 2091 6276 5410 2975 5068 4492 5574 6790 1420 4324 5480 5871 5826 1147 2479 1097 5961 2220 7364 1305 1670 2248 3371 2302 3564 6142 2583 716 4927 3441 6357 5581 6851 3516 1154 6761 1847 3496 1288 4075 4176 3041 3863 2363 5622 5496 7280 7773 6713 2749 6202 3226 3917 2439 2275 7312 1932 7384 6268
8022 4539 8722 4302 2712 0 946 6177 2806 8865 7062 8075 519 620 5032 3840 3839 8353 7776 921 5097 8041 3766 5866 3902 9935 8288 8925 1130 8637 9478 5840 6159 5824 1459 4510 3390 8904 7496 8872 3590 8711 1522 6020 6565 8384 9857 2092 2499 3727 3081 5476 7584 3382 3418 5277 6793 9159 4337 4570 5382 1595 4284 6627 4849 659 5665 2911 4513 3513 3482 7700 8334 3556 1916 1753 2634 4846 4863 5604 3792 2930 3950 6227 2962 5565 2796 4599 4687 9053 3110 10090 917 3250 8884 4960 7678 3032 3677 8736 2639 1186 9623 6936 1897 1792 1823 6154 6143 4998 6943 4817 4708 4210 6641 4559 5189 2817 7893 9104 2155 1982 6666 4864 6907 1607 2326 2600 8630 4166 7997 2935 3386 467 4960 1267 3621 6188 3186 2033 7581 6140 4129 8087 8821 5714 3749 8490 3344 950 3100 5935 2446 5753 5478 571 7975 3061 9865 8791 8693 5461 6241 5938 6558 4956 4012 8709 4635 8428 6008
7109 3788 8388 5107 1768 946 0 5513 3669 7935 6737 7424 1223 1159 4676 4343 3252 7944 6879 1043 4373 7115 3519 5308 4693 9028 7705 8430 1544 8179 9088 5757 5753 4962 1433 3881 3286 8509 6638 7976 3163 7976 1370 5294 5813 7652 8941 2931 1879 3283 2382 5683 6702 4182 2492 4508 6038 8872 3693 4300 4462 1377 4228 6252 4670 679 5375 2136 3579 2786 2627 6878 7783 3681 1087 1980 2431 4835 3961 4760 3172 3526 3088 5421 2016 4894 1955 3703 3977 8819 3623 9174 1557 3577 8321 4040 6819 3380 2792 8392 1728 666 9341 6884 1199 1120 1073 5210 5918 4122 6719 4307 3772 4830 6068 3837 4941 3211 7033 8249 1402 2699 6107 5035 6385 702 2040 1751 7690 3395 7634 2104 2629 488 4312 1065 3320 5993 2735 1104 6643 5194 4825 7182 8058 4912 2811 7794 2638 1768 2297 5174 2848 4808 4835 724 7107 3849 8944 8313 7927 4517 6050 4993 5621 4063 3287 8112 3695 7938 5920
3865 6709 3990 8279 4659 6177 5513 0 7599 4885 2896 1911 5997 5806 2301 6320 2359 3238 3367 5362 7202 4214 3223 880 7908 5202 2291 3266 7056 3196 4304 3938 1967 6420 4926 7380 3835 3781 2579 4139 7583 2620 6724 586 907 2294 5310 7010 3680 2687 6315 5475 3003 7611 4890 6982 1059 4637 7205 2838 3083 6680 3853 2336 3244 5519 2646 5931 3498 2735 5605 2296 2461 4616 5584 5142 3955 4102 5473 1894 2388 6358 5658 1401 4562 7829 5583 5474 7050 4881 6079 5521 7022 5371 2937 3120 2718 5415 5381 3943 4098 6008 5053 4620 4326 5969 4441 4792 3161 5871 3504 1676 3540 7104 932 1711 2863 5548 2879 3757 4111 6448 1046 5046 1445 5369 7076 3865 5168 6405 3248 3516 6169 5888 7563 4951 3128 3367 7236 5122 4361 4269 7483 3738 2827 6968 3817 2325 6397 6339 5845 932 5525 4504 7942 6223 3047 7334 5441 3226 2724 4503 3409 4588 3805 5645 6604 2655 4600 2840 3962
10272 7338 8955 1552 5383 2806 3669 7599 0 11204 7399 9330 2447 2542 5724 2257 5346 8837 9945 2861 7883 10370 4460 7005 1207 12120 9312 9635 3400 9252 9836 5626 6830 8621 2989 7253 3855 9309 9500 11015 6208 10216 4152 7644 8233 9892 12093 744 4393 4914 5873 4454 9691 726 6148 8079 8459 9220 7090 5120 7738 4251 4321 7156 5089 3055 6071 5718 6974 5412 6279 9559 9256 3335 4714 2540 3663 4611 7629 7641 5385 1479 6745 8096 5623 8322 5596 7371 7469 8960 1860 12328 3022 2563 9810 7331 9683 2407 6458 8997 5108 3988 9642 6483 4105 4595 4126 8785 6295 7787 6997 5959 7180 2076 7750 6307 5558 2190 9896 11049 4374 1189 7731 4081 7843 4368 4925 4916 11070 6970 8368 5164 6190 3249 7709 3211 4494 6247 5843 4768 10007 8690 1730 10293 10420 8520 6265 9874 6135 1900 5906 7673 2100 8366 8217 3343 10010 580 12135 9458 10310 8089 6282 8552 8988 7732 6805 9753 7308 9155 5784
1035 6412 8279 12287 6248 8865 7935 4885 11204 0 7656 4981 8965 8809 7053 10595 6167 7456 1519 8409 6532 834 7550 5757 11872 1395 5770 6903 9239 7130 8173 8803 6844 5052 8215 7194 8069 7836 2327 1162 8121 4077 8535 4412 3984 4057 1153 10489 6818 6777 7091 10227 1883 11459 5776 6133 3877 8920 7119 7474 3492 8440 8429 7155 7973 8338 7516 6869 4357 5847 6192 2795 6110 8950 7295 8700 7758 8816 4973 3706 6062 10325 5874 3605 6007 6933 6682 5198 6675 9308 10152 1351 9404 9566 6191 3911 2220 9530 5877 8204 6229 8059 9231 9499 7132 7652 7142 3235 8046 5204 8337 6216 4168 11361 5611 5169 7666 9574 2122 2192 6857 10026 5730 9716 6055 7389 8404 6332 696 6383 7702 6052 6738 8422 7071 8020 7345 8253 7994 6964 1360 2939 11635 1149 3712 5763 5129 4531 6983 9473 6665 4159 9409 3461 7147 8594 1947 11133 1069 7004 3630 3750 8295 3323 2333 5038 6702 5760 4581 6740 8838
6670 9028 1661 7524 6588 7062 6737 2896 7399 7656 0 3092 6694 6514 2062 5458 3714 1448 6162 6141 9585 7051 3299 2177 7250 7719 2568 2357 8144 1918 2462 1988 1119 9051 5606 9589 3758 1915 5332 6760 9486 4295 8101 3469 3727 4083 7891 7035 4940 3474 8285 3735 5794 7134 7075 9437 3795 2145 9397 2495 5848 8095 3084 600 2334 6448 1404 7893 6036 4474 7768 4893 2330 4067 7231 5488 4429 2839 8004 4714 3859 5936 7948 4297 6584 10225 7537 7944 9357 2187 5568 8077 7978 4838 2783 5785 5437 4993 7619 1676 5901 7369 2614 2031 5606 7555 5762 7601 1125 8394 763 2645 6134 6149 2052 3866 1906 5219 5553 6119 5511 6469 1931 3641 1606 6888 8668 5543 8008 8669 973 5284 8248 6949 9857 5823 3446 1230 9085 6802 7248 7103 6628 6514 4677 9517 6102 3757 8435 6819 7874 3807 5390 7273 10299 7331 5729 6956 8055 2154 4649 7223 1218 7379 6691 8180 8802 2937 7140 1946 1889
4127 8371 3319 9855 6514 8075 7424 1911 9330 4981 3092 0 7876 7683 3689 7820 4240 2503 3643 7243 8814 4564 4874 2326 9511 4762 791 1950 8967 2149 3210 4830 2792 7841 6787 9086 5486 2855 2834 3931 9398 1203 8630 2229 1907 1020 4976 8787 5584 4483 8129 6560 3309 9266 6662 8549 1766 3949 8922 4299 4500 8583 5271 2799 4541 7417 3665 7753 5135 4646 7366 2241 1129 6164 7472 6951 5753 5340 7023 3357 4284 8006 7361 2595 6396 9420 7414 7071 8712 4362 7692 5138 8929 6956 1317 4667 2861 7036 7117 3240 5986 7916 4249 5119 6235 7861 6352 5997 3911 7414 3853 3387 5127 8588 1594 3611 4074 7201 2894 3132 6022 8215 1634 6278 1669 7272 8959 5768 5476 8103 2829 5416 7950 7795 9222 6837 4841 4097 9070 7012 4979 5443 9011 3920 1593 8458 5584 669 8188 8192 7649 2476 7232 5808 9557 8133 3061 9014 5164 2030 1580 5887 4115 5843 4793 7185 8330 910 6176 1760 4789
8088 4965 8352 3891 2948 519 1223 5997 2447 8965 6694 7876 0 192 4692 3325 3640 8017 7813 636 5536 8135 3397 5621 3481 9985 8043 8628 1614 8323 9130 5394 5832 6184 1114 4980 2974 8559 7479 8905 4096 8570 2037 5888 6449 8243 9923 1708 2367 3449 3522 4969 7600 2966 3702 5696 6678 8769 4802 4199 5473 2107 3840 6283 4440 634 5291 3320 4643 3417 3845 7643 8071 3072 2289 1280 2277 4385 5182 5584 3614 2426 4308 6162 3192 6025 3168 4925 5130 8643 2595 10158 1343 2736 8625 5054 7663 2517 4015 8370 2753 1634 9230 6477 1860 2226 1828 6377 5741 5345 6537 4556 4845 3715 6399 4440 4803 2299 7879 9078 2135 1511 6416 4364 6635 1924 2839 2638 8769 4582 7642 2944 3806 844 5425 1053 3278 5775 3687 2321 7710 6320 3658 8137 8703 6116 3900 8321 3784 549 3496 5831 1929 5964 5946 1072 7970 2635 9943 8486 8579 5680 5826 6151 6686 5286 4448 8471 4879 8131 5562
7925 4935 8173 3951 2841 620 1159 5806 2542 8809 6514 7683 192 0 4507 3279 3448 7832 7645 446 5513 7979 3216 5429 3536 9819 7851 8439 1745 8136 8947 5237 5646 6116 925 4980 2805 8376 7303 8736 4135 8380 2102 5699 6261 8053 9761 1798 2181 3258 3505 4858 7429 3027 3609 5660 6491 8595 4798 4019 5318 2163 3682 6099 4269 514 5112 3285 4499 3233 3785 7461 7879 2937 2242 1136 2092 4235 5097 5408 3423 2407 4244 5980 3082 6015 3114 4844 5111 8474 2550 9995 1497 2641 8434 4901 7487 2425 3941 8190 2610 1637 9056 6327 1691 2213 1668 6256 5569 5273 6366 4365 4702 3707 6207 4252 4627 2217 7702 8900 1967 1541 6224 4245 6444 1858 2896 2478 8622 4546 7460 2777 3775 844 5421 865 3093 5606 3720 2237 7563 6187 3676 7972 8515 6070 3762 8130 3766 669 3453 5645 1845 5841 5943 1129 7796 2692 9783 8298 8391 5559 5658 6027 6538 5206 4425 8279 4768 7942 5406
6018 7144 3713 6167 4615 5032 4676 2301 5724 7053 2062 3689 4692 4507 0 4134 1760 3325 5545 4115 7724 6313 1322 1469 5826 7486 3592 3977 6097 3643 4447 1837 1148 7373 3587 7651 1884 3873 4815 6405 7465 4720 6039 2660 3176 4418 7578 5251 2888 1420 6291 3191 5195 5600 5177 7619 3353 4203 7455 613 4459 6033 1595 1595 944 4406 771 5903 4394 2554 5844 4591 3534 2478 5190 3546 2415 1803 6269 3529 1922 4343 6073 3448 4640 8361 5551 6169 7462 4189 4016 7795 5947 3274 4090 4279 4970 3369 5728 3720 3915 5307 4672 2809 3548 5503 3704 6193 1419 6643 2154 910 4534 4907 2099 2256 630 3552 5146 6057 3462 4673 2056 2745 2122 4835 6612 3539 7238 6767 2970 3315 6285 4897 7949 3779 1414 1574 7057 4771 6312 5765 5323 5926 5004 7761 4292 4294 6456 4871 5902 2895 3631 5811 8415 5278 5307 5364 7697 3820 4921 5698 1633 5949 5540 6444 6870 4033 5443 3484 1920
9590 8095 6911 2072 5671 3840 4343 6320 2257 10595 5458 7820 3325 3279 4134 0 4430 6904 9186 3301 8693 9780 3126 5572 1796 11296 7653 7787 4834 7367 7819 3547 5107 9071 3036 8224 2549 7325 8592 10183 7414 8846 5361 6521 7100 8538 11329 2304 4046 3838 6723 2202 8879 1765 6478 8790 7309 7109 8037 3531 7333 5431 2551 5328 3304 3673 4263 6455 6770 4820 6839 8511 7538 1706 5408 2417 2900 2622 7965 6892 4533 971 7264 7149 5865 9232 6222 7746 8306 6806 730 11559 4487 1034 8073 6979 8768 1114 6923 6962 5153 4907 7510 4288 4123 5456 4225 8727 4333 8219 4951 4651 6973 786 6233 5435 3786 1179 8968 10016 4322 1987 6186 1902 6207 4981 6164 4827 10601 7692 6400 4936 6949 4120 8654 3412 3286 4245 7000 5263 9561 8494 1195 9559 9112 9147 6208 8428 6977 2975 6592 6645 1510 8295 9178 4396 9108 1697 11410 7594 9021 8062 4270 8475 8599 8105 7615 8088 7420 7333 3691
5160 5384 5299 6209 2877 3839 3252 2359 5346 6167 3714 4240 3640 3448 1760 4430 0 4767 4761 3005 5964 5357 1449 2056 5810 6894 4462 5187 4776 4956 5918 3445 2631 5667 2569 5899 1907 5341 4210 5780 5778 4953 4552 2308 2893 4625 6911 4714 1374 638 4571 4338 4464 5451 3417 5865 3121 5848 5705 1742 3049 4526 2439 3160 2299 3180 2531 4180 2763 795 4087 4219 4531 2792 3556 2830 1690 2974 4546 2462 168 4241 4313 2776 2887 6601 3824 4431 5702 5891 4025 7143 4708 3404 5072 2771 4390 3383 3968 5290 2187 3816 6315 4511 2054 3904 2191 4677 3178 4911 3908 1097 2930 5201 2819 1009 2282 3454 4598 5718 1888 4169 2856 3734 3137 3251 5030 1834 6200 5008 4519 1572 4542 3583 6191 2597 1206 3324 5382 3113 5181 4320 5499 5132 5116 6022 2554 4684 4724 3984 4164 2329 3347 4266 6655 3937 4726 5149 6986 5077 4998 4109 3384 4423 4269 4719 5116 4877 3748 4697 3564
6554 9850 824 8967 7566 8353 7944 3238 8837 7456 1448 2503 8017 7832 3325 6904 4767 0 6054 7439 10372 6976 4630 2848 8697 7258 1753 1013 9405 547 1151 3403 2197 9656 6912 10474 5136 576 5218 6430 10509 3624 9287 3810 3848 3508 7478 8455 6090 4664 9270 5115 5700 8581 7949 10177 3828 1473 10290 3842 6320 9270 4517 1736 3755 7720 2788 8877 6698 5455 8661 4672 1417 5502 8322 6850 5740 4286 8685 5127 4888 7378 8778 4528 7524 11006 8520 8666 10188 1859 7012 7636 9267 6280 1647 6351 5278 6430 8474 752 6911 8549 1840 3177 6773 8671 6921 8007 2571 9082 2035 3671 6758 7588 2313 4654 3303 6652 5343 5626 6641 7885 2208 5071 1814 8014 9795 6587 7913 9519 540 6289 9185 8200 10698 7095 4740 2664 10126 7875 7308 7473 8070 6362 4033 10190 6912 3080 9392 8181 8829 4153 6810 7735 11105 8577 5515 8400 7666 799 4048 7741 2645 7812 6937 8859 9687 1958 7810 798 3287
508 6063 6876 10946 5310 7776 6879 3367 9945 1519 6162 3643 7813 7645 5545 9186 4761 6054 0 7224 6319 924 6103 4239 10538 2178 4431 5592 8287 5771 6852 7285 5328 4992 6972 6854 6643 6471 840 1097 7593 2940 7658 2896 2467 2831 2157 9249 5556 5350 6440 8727 368 10147 4997 5959 2371 7526 6742 5982 2466 7573 6951 5650 6472 7203 5998 6157 3398 4535 5539 1402 4762 7517 6391 7412 6402 7319 4572 2318 4671 8976 5313 2102 5088 6823 5911 4740 6370 7888 8780 2391 8405 8164 4920 2876 781 8143 5226 6805 5152 7100 7862 7983 5954 6773 5987 3002 6528 4889 6832 4723 3246 9960 4112 3753 6154 8205 780 1645 5678 8757 4232 8228 4569 6409 7655 5184 1864 5939 6261 4869 6128 7357 6827 6818 5911 6735 7394 6007 1409 2513 10258 381 2651 5696 4157 3298 6384 8294 5975 2653 8067 3036 7012 7574 651 9829 2225 5670 2535 3262 6777 2969 1734 4683 6240 4489 3954 5375 7320
7513 4809 7802 4195 2556 921 1043 5362 2861 8409 6141 7243 636 446 4115 3301 3005 7439 7224 0 5401 7577 2845 4997 3774 9400 7420 8026 2030 7731 8561 4945 5246 5902 538 4924 2480 7988 6869 8313 4177 7935 2231 5253 5815 7607 9347 2120 1736 2834 3422 4700 7002 3279 3348 5518 6045 8239 4736 3649 4922 2273 3390 5710 3933 397 4744 3161 4124 2790 3597 7020 7454 2725 2111 955 1713 3968 4849 4975 2978 2506 4044 5538 2788 5932 2949 4605 5010 8136 2584 9582 1838 2546 8007 4507 7053 2344 3724 7816 2248 1646 8703 6051 1277 2162 1275 5926 5224 5051 6025 3937 4329 3808 5775 3807 4268 2169 7268 8463 1553 1768 5794 4065 6021 1691 2990 2080 8239 4411 7079 2363 3656 925 5353 420 2702 5273 3752 2019 7177 5831 3834 7555 8069 5903 3405 7686 3676 1070 3309 5200 1805 5505 5877 1290 7364 2940 9373 7888 7945 5230 5326 5692 6154 4969 4319 7846 4462 7529 5111
6222 610 11043 9398 3228 5097 4373 7202 7883 6532 9585 8814 5536 5513 7724 8693 5964 10372 6319 5401 0 5953 7049 7540 8998 7916 9414 10463 4620 10391 11483 9328 8466 1527 5675 834 7109 10937 6632 7203 2095 8760 3786 6689 6907 8510 7684 7185 5140 6416 2016 9748 6382 8478 2552 414 7053 11649 898 7635 4338 3678 8002 8996 8155 5052 8494 2240 3708 5170 1945 7171 9634 7761 3291 6283 6274 8625 1811 5457 5802 7899 1652 6224 3132 640 2481 1743 417 11769 7983 7871 4969 7847 10055 4147 6752 7671 2002 11014 3914 3912 12101 10436 4732 3311 4593 3355 9142 1446 9862 6956 3692 9203 8084 5743 8227 7533 6907 7964 4633 7045 8178 9084 8563 3713 3128 4311 5964 1017 10259 4449 1746 4693 546 5291 6780 9286 2257 3449 5246 3807 9188 6417 8631 912 3484 8860 1753 6042 2104 6383 7184 3285 744 4543 6870 8156 7577 10427 8492 3086 9345 3353 4585 1667 1088 9701 2637 10042 9464
448 5778 7798 11457 5443 8041 7115 4214 10370 834 7051 4564 8135 7979 6313 9780 5357 6976 924 7577 5953 0 6754 5070 11042 2024 5353 6512 8438 6695 7774 8091 6181 4526 7382 6568 7262 7395 1759 1281 7432 3812 7749 3706 3332 3728 1864 9655 5985 5972 6359 9469 1277 10627 5003 5567 3257 8449 6479 6710 2663 7655 7650 6526 7221 7509 6813 6119 3541 5018 5455 2323 5685 8145 6500 7868 6933 8056 4308 2901 5248 9497 5163 2876 5205 6400 5916 4515 6060 8807 9328 2088 8594 8749 5834 3084 1705 8709 5139 7728 5404 7255 8786 8833 6300 6863 6311 2602 7366 4573 7705 5456 3356 10543 4999 4364 6933 8750 1680 2214 6024 9192 5120 8943 5467 6579 7649 5501 957 5714 7177 5218 6016 7601 6483 7187 6542 7572 7281 6158 716 2226 10812 680 3494 5241 4314 4200 6266 8642 5919 3429 8581 2763 6605 7780 1526 10301 1837 6592 3389 3038 7616 2646 1549 4390 6029 5402 3839 6299 8135
6529 6447 4959 5057 3830 3766 3519 3223 4460 7550 3299 4874 3397 3216 1322 3126 1449 4630 6103 2845 7049 6754 0 2553 4687 8184 4865 5299 4860 4963 5735 2313 2470 6948 2308 6852 616 5166 5478 7074 6495 5806 4889 3395 3976 5488 8229 3951 1933 811 5406 2909 5783 4405 4517 7008 4187 5397 6654 804 4497 4896 1014 2894 1165 3164 1899 5035 4158 2097 5111 5385 4831 1426 4191 2226 1132 1602 5809 3854 1594 3147 5417 4037 3918 7671 4700 5659 6740 5312 2858 8457 4682 2150 5390 4211 5651 2193 5058 4975 3136 4175 5862 3444 2500 4458 2660 6102 2402 6149 3204 1547 4337 3911 3289 2393 1431 2337 5848 6891 2493 3373 3271 2290 3400 3795 5526 2738 7620 6049 4246 2627 5467 3678 7198 2544 275 2474 6073 3819 6614 5762 4268 6480 6044 7229 3828 5433 5603 3553 5074 3523 2360 5685 7693 4062 5992 4143 8320 5142 5944 5510 2531 5847 5715 5977 6099 5305 5068 4805 2463
4732 7009 3504 7575 4736 5866 5308 880 7005 5757 2177 2326 5621 5429 1469 5572 2056 2848 4239 4997 7540 5070 2553 0 7219 6077 2423 3146 6829 2953 3984 3057 1139 6909 4516 7627 3168 3421 3458 5018 7685 3275 6599 1370 1787 2966 6189 6463 3430 2183 6436 4609 3876 6955 5101 7360 1935 4121 7442 2046 3671 6569 3055 1584 2401 5209 1766 6044 3906 2652 5813 3168 2476 3885 5550 4639 3442 3254 5891 2544 2144 5695 5935 2213 4683 8177 5688 5853 7346 4291 5392 6400 6750 4664 3021 3621 3599 4732 5627 3474 4102 5865 4567 3768 4110 5915 4245 5424 2296 6285 2705 1073 3989 6351 778 1806 1998 4888 3759 4607 3936 5890 802 4203 1097 5277 7040 3802 6019 6673 2723 3484 6340 5632 7854 4605 2515 2501 7311 5094 5177 4928 6752 4612 3544 7404 4068 2882 6551 5904 5989 1681 4908 5097 8269 5990 3927 6696 6321 3050 3457 5054 2546 5202 4544 6066 6839 2850 5019 2664 3084
10903 8438 8704 425 6330 3902 4693 7908 1207 11872 7250 9511 3481 3536 5826 1796 5810 8697 10538 3774 8998 11042 4687 7219 0 12694 9392 9570 4589 9156 9614 5340 6853 9652 3763 8398 4073 9120 10019 11580 7386 10488 5315 8039 8628 10172 12695 1821 5081 5288 6983 3893 10258 521 7120 9173 8846 8888 8229 5214 8467 5410 4282 7102 5053 4039 6027 6799 7773 6026 7320 10008 9293 3349 5769 3203 4138 4412 8619 8220 5880 1569 7780 8585 6559 9461 6646 8371 8588 8570 1829 12928 4210 2556 9834 8077 10200 2493 7475 8756 5967 5087 9282 6037 4925 5691 4976 9656 6126 8806 6746 6233 7981 1232 7918 6811 5536 2370 10408 11514 5177 2007 7881 3684 7933 5394 6100 5721 11797 8059 8195 5922 7281 4316 8851 4058 4788 6040 7012 5768 10738 9510 740 10900 10730 9596 7109 10098 7245 2958 6976 8117 2471 9228 9364 4460 10536 845 12755 9379 10631 8965 6065 9414 9735 8734 7914 9830 8223 9111 5483
1925 7776 8063 13098 7408 9935 9028 5202 12120 1395 7719 4762 9985 9819 7486 11296 6894 7258 2178 9400 7916 2024 8184 6077 12694 0 5509 6550 10401 6853 7803 9119 7067 6444 9150 8563 8748 7553 2707 1115 9453 3657 9736 4842 4311 3750 330 11426 7734 7461 8382 10673 2436 12311 7010 7520 4143 8672 8481 7979 4574 9646 8976 7288 8429 9372 7832 8137 5490 6709 7477 2910 5849 9609 8478 9585 8556 9287 6319 4483 6815 11128 7186 4148 7176 8326 7925 6532 8048 9111 10920 386 10538 10284 5804 4994 2537 10275 7160 7979 7302 9214 8925 9675 8128 8849 8158 4593 8287 6568 8449 6732 5318 12076 5755 5887 8064 10348 2347 1632 7852 10932 5863 10220 6125 8529 9663 7352 2045 7728 7588 7042 8040 9509 8453 8996 8011 8492 9305 8116 2689 4247 12391 1849 3249 7156 6262 4187 8290 10470 7939 4667 10223 4782 8539 9713 2195 11996 550 6687 3217 5060 8526 4658 3564 6394 8045 5393 5861 6486 9129
4917 8947 2555 9715 6949 8288 7705 2291 9312 5770 2568 791 8043 7851 3592 7653 4462 1753 4431 7420 9414 5353 4865 2423 9392 5509 0 1168 9236 1362 2420 4451 2546 8506 6936 9640 5460 2069 3617 4709 9873 1873 8964 2736 2538 1761 5734 8815 5833 4599 8605 6209 4095 9187 7170 9167 2438 3173 9469 4202 5146 8926 5112 2407 4349 7630 3404 8221 5710 4972 7882 3030 342 6054 7855 7031 5840 5089 7643 3970 4532 7933 7913 3245 6853 10030 7874 7673 9289 3603 7599 5888 9167 6854 648 5274 3650 6958 7650 2472 6375 8237 3462 4588 6506 8235 6634 6707 3524 8038 3326 3488 5722 8402 1647 3985 3868 7144 3685 3877 6315 8238 1628 5998 1470 7620 9350 6120 6267 8659 2135 5780 8453 8044 9800 7029 4877 3691 9527 7394 5758 6155 8848 4711 2282 9104 6093 1327 8683 8315 8134 3031 7215 6495 10157 8397 3852 8955 5926 1239 2295 6553 3699 6541 5531 7809 8871 441 6783 980 4385
6073 9975 1627 9858 7851 8925 8430 3266 9635 6903 2357 1950 8628 8439 3977 7787 5187 1013 5592 8026 10463 6512 5299 3146 9570 6550 1168 0 9933 467 1271 4344 2832 9614 7515 10644 5849 1038 4783 5816 10797 2896 9739 3778 3658 2853 6795 9208 6552 5198 9537 6082 5259 9424 8143 10233 3579 2160 10468 4548 6249 9711 5327 2481 4552 8277 3567 9148 6755 5794 8859 4190 864 6308 8694 7521 6366 5165 8716 5059 5285 8198 8924 4366 7779 11087 8794 8729 10317 2648 7842 6935 9827 7100 752 6347 4811 7234 8643 1535 7236 9003 2376 4187 7237 9061 7377 7848 3468 9113 3016 4126 6784 8493 2442 4879 4078 7445 4838 4932 7074 8633 2373 5996 2052 8422 10185 6947 7418 9670 1546 6623 9412 8728 10829 7658 5368 3587 10434 8237 6925 7299 8967 5863 3301 10195 7076 2387 9634 8840 9077 4096 7571 7622 11205 9096 5002 9225 6995 214 3343 7667 3575 7676 6689 8885 9866 1159 7847 497 4240
8476 4133 9804 4952 2996 1130 1544 7056 3400 9239 8144 8967 1614 1745 6097 4834 4776 9405 8287 2030 4620 8438 4860 6829 4589 10401 9236 9933 0 9665 10539 6968 7207 5605 2567 3919 4510 9962 8107 9379 2813 9514 847 6836 7350 9191 10290 2795 3403 4747 2694 6579 8136 4074 3521 4875 7573 10256 3772 5662 5830 959 5411 7689 5963 1696 6755 2670 4911 4330 3350 8378 9305 4682 1950 2881 3729 5976 4796 6250 4705 3884 3804 6937 3233 4994 2698 4522 4204 10163 4116 10519 379 4338 9848 5414 8285 4116 3614 9814 3179 1187 10721 8066 2734 1626 2615 6300 7250 4842 8052 5808 5086 5106 7596 5380 6289 3889 8496 9716 2946 2877 7631 5978 7896 1879 1540 3270 8927 3814 9067 3627 3064 1206 4377 2321 4698 7302 2465 2285 7908 6384 4947 8568 9589 5360 4139 9337 2940 1859 2889 6709 3523 5935 4868 839 8559 3790 10275 9808 9456 5633 7355 6111 6906 4852 3590 9648 4774 9438 7135
6263 9887 1229 9436 7687 8637 8179 3196 9252 7130 1918 2149 8323 8136 3643 7367 4956 547 5771 7731 10391 6695 4963 2953 9156 6853 1362 467 9665 0 1125 3900 2496 9602 7212 10537 5496 707 4946 6071 10636 3199 9504 3741 3695 3117 7086 8843 6308 4919 9384 5630 5427 9022 8021 10177 3644 1819 10356 4195 6244 9481 4934 2099 4163 7995 3181 8993 6692 5601 8736 4374 1021 5918 8493 7189 6051 4745 8669 5048 5064 7805 8825 4395 7628 11021 8637 8668 10227 2274 7444 7235 9545 6706 1132 6311 4990 6846 8533 1141 7054 8766 2101 3721 6993 8853 7137 7888 3038 9067 2557 3874 6735 8065 2312 4732 3696 7062 5036 5225 6843 8269 2225 5559 1862 8205 9979 6748 7617 9570 1080 6435 9277 8459 10739 7372 5049 3148 10264 8040 7069 7344 8543 6061 3609 10162 6965 2667 9493 8514 8932 4073 7201 7640 11130 8831 5204 8830 7281 253 3636 7666 3134 7704 6768 8841 9754 1484 7796 397 3792
7337 10970 926 9858 8712 9478 9088 4304 9836 8173 2462 3210 9130 8947 4447 7819 5918 1151 6852 8561 11483 7774 5735 3984 9614 7803 2420 1271 10539 1125 0 4274 3336 10719 8031 11605 6216 579 6036 7086 11657 4157 10434 4857 4820 4123 8054 9492 7238 5805 10415 5887 6515 9536 9082 11277 4766 1105 11422 4937 7364 10418 5536 2852 4796 8851 3858 10023 7793 6604 9795 5450 2093 6515 9473 7942 6855 5236 9775 6167 6039 8364 9902 5520 8666 12115 9666 9767 11309 1638 7991 8188 10393 7273 2002 7423 6070 7436 9602 863 8060 9696 1166 3789 7920 9821 8070 9013 3542 10172 2868 4822 7842 8464 3400 5786 4366 7667 6103 6192 7791 8928 3304 5940 2922 9165 10946 7737 8684 10644 1493 7439 10325 9335 11819 8224 5859 3593 11276 9026 8171 8469 8958 7129 4559 11272 8037 3655 10534 9273 9972 5192 7849 8763 12219 9714 6268 9375 8256 1183 4605 8787 3562 8829 7890 9947 10819 2424 8900 1515 4135
7772 8731 3364 5588 6126 5840 5757 3938 5626 8803 1988 4830 5394 5237 1837 3547 3445 3403 7285 4945 9328 8091 2313 3057 5340 9119 4451 4344 6968 3900 4274 0 2084 9112 4416 9159 2477 3790 6515 8072 8799 5996 7112 4392 4844 5736 9241 5369 4244 2919 7718 1761 6926 5277 6780 9264 4988 3595 8961 1708 6292 7130 1557 2048 1173 5310 1291 7346 6179 4222 7400 6210 4259 2411 6496 4116 3327 1044 7988 5357 3612 4147 7684 5215 6198 9956 7010 7863 9032 3352 3766 9449 6734 3086 4747 6099 6656 3275 7328 3416 5426 6422 4019 1134 4804 6748 4964 8018 927 8348 1406 2747 6331 4197 3413 4083 1213 3523 6814 7604 4806 4835 3320 1673 3169 6092 7790 5030 9029 8337 2881 4880 7774 5844 9497 4723 2568 767 8375 6130 8127 7599 4687 7662 6341 9451 5993 5493 7914 5388 7383 4663 3771 7630 9986 6224 6983 5136 9377 4140 6286 7503 771 7772 7374 8160 8400 4854 7192 3930 169
5829 7911 2669 7171 5492 6159 5753 1967 6830 6844 1119 2792 5832 5646 1148 5107 2631 2197 5328 5246 8466 6181 2470 1139 6853 7067 2546 2832 7207 2496 3336 2084 0 7940 4723 8479 3018 2758 4524 6043 8408 3930 7103 2500 2861 3660 7204 6382 3912 2470 7195 3777 4962 6663 5962 8317 2975 3222 8288 1719 4774 7088 2571 533 1804 5524 874 6802 4924 3373 6658 4168 2442 3528 6177 4694 3557 2559 6887 3673 2768 5418 6831 3343 5480 9106 6445 6825 8241 3303 5074 7406 7071 4328 2989 4690 4652 4445 6504 2663 4813 6366 3687 2655 4591 6513 4742 6532 1220 7276 1568 1543 5027 5857 1330 2749 1322 4644 4795 5530 4472 5805 1236 3488 1126 5851 7634 4465 7135 7555 1894 4193 7146 6002 8742 4898 2555 1425 8013 5739 6310 6048 6302 5696 4265 8400 4983 3444 7337 6019 6775 2819 4750 6192 9182 6380 4968 6444 7349 2673 4205 6131 1462 6305 5681 7063 7691 2981 6025 2341 2073
4832 1630 10383 10068 3400 5824 4962 6420 8621 5052 9051 7841 6184 6116 7373 9071 5667 9656 4992 5902 1527 4526 6948 6909 9652 6444 8506 9614 5605 9602 10719 9112 7940 0 6050 2301 7138 10201 5414 5797 3470 7627 4760 5862 5968 7406 6200 7889 5177 6216 2921 9800 5105 9143 2594 1114 6079 11017 2292 7406 3365 4648 7951 8452 7957 5613 8122 2953 3017 4894 2343 5993 8761 7898 3909 6670 6382 8550 1141 4557 5499 8385 1876 5262 3210 1882 3028 1329 1778 11199 8402 6380 5912 8134 9129 3305 5511 7987 2178 10343 3959 4669 11450 10170 4954 4074 4847 1991 8779 854 9434 6521 2920 9670 7342 5200 7939 7892 5643 6622 4778 7648 7449 9145 7846 4261 4257 4329 4461 1830 9616 4344 2542 5373 2072 5690 6672 8945 3516 3887 3811 2512 9733 5042 7451 715 3126 7795 2692 6725 2745 5529 7575 2054 2095 5324 5584 8808 6084 9606 7316 1954 9004 2062 3282 981 2117 8747 1930 9231 9230
7288 5072 7266 4187 2653 1459 1433 4926 2989 8215 5606 6787 1114 925 3587 3036 2569 6912 6972 538 5675 7382 2308 4516 3763 9150 6936 7515 2567 7212 8031 4416 4723 6050 0 5257 1946 7458 6567 8051 4596 7521 2722 4855 5428 7193 9114 2278 1417 2338 3744 4250 6731 3299 3461 5758 5658 7701 5064 3112 4753 2754 2864 5181 3396 895 4207 3448 4017 2463 3804 6679 6959 2250 2418 621 1177 3451 4960 4686 2562 2352 4229 5199 2862 6232 3196 4731 5298 7597 2353 9349 2375 2179 7514 4350 6751 1997 3891 7281 2212 2085 8165 5528 1164 2539 1230 5895 4686 5196 5487 3448 4225 3623 5294 3434 3730 1863 6966 8145 1415 1818 5308 3603 5522 1982 3454 1959 8087 4667 6546 2181 3939 1431 5671 386 2172 4735 4167 2232 7024 5750 3718 7315 7673 6112 3346 7250 3989 1415 3571 4828 1529 5467 6194 1808 7070 2963 9152 7374 7552 5206 4788 5652 6009 5092 4608 7366 4485 7018 4583
6804 793 11106 8787 3044 4510 3881 7380 7253 7194 9589 9086 4980 4980 7651 8224 5899 10474 6854 4924 834 6568 6852 7627 8398 8563 9640 10644 3919 10537 11605 9159 8479 2301 5257 0 6841 11046 7087 7791 1271 9136 3109 6904 7184 8868 8347 6577 4919 6287 1513 9433 6880 7876 2526 1223 7348 11693 199 7497 4701 3006 7763 9013 7992 4553 8421 1840 3954 5119 1822 7592 9837 7426 2839 5845 5983 8389 2283 5742 5745 7386 1727 6526 3012 1076 2156 2125 528 11775 7502 8543 4281 7434 10286 4447 7221 7246 2004 11084 3748 3346 12153 10284 4427 2772 4276 3971 9056 1996 9804 6944 3981 8687 8226 5821 8112 7088 7389 8495 4373 6487 8312 8771 8685 3275 2391 4138 6658 984 10319 4336 1386 4141 459 4871 6592 9186 1482 3092 5876 4368 8636 6985 9040 1740 3572 9190 1276 5460 1778 6620 6728 3831 967 3944 7369 7563 8253 10592 8899 3592 9245 3927 5130 2182 789 9954 2986 10203 9304
7056 6500 5405 4446 3884 3390 3286 3835 3855 8069 3758 5486 2974 2805 1884 2549 1907 5136 6643 2480 7109 7262 616 3168 4073 8748 5460 5849 4510 5496 6216 2477 3018 7138 1946 6841 0 5655 6044 7635 6373 6422 4635 3989 4573 6104 8782 3367 1981 1294 5357 2665 6333 3789 4625 7104 4787 5800 6643 1302 4911 4655 945 3405 1466 2837 2358 5004 4479 2426 5164 5974 5415 885 4084 1734 871 1564 5998 4364 2028 2530 5509 4600 4007 7716 4688 5825 6776 5670 2245 9012 4298 1549 5972 4594 6219 1580 5149 5428 3221 3952 6259 3600 2417 4306 2571 6445 2769 6316 3563 2160 4670 3330 3899 2901 1852 1721 6420 7481 2479 2790 3877 2008 3992 3665 5324 2830 8107 6095 4722 2796 5461 3369 7212 2246 738 2802 5945 3758 7084 6142 3670 7018 6658 7364 4059 6049 5572 3062 5070 4099 1755 6020 7719 3750 6560 3528 8866 5685 6558 5823 2854 6190 6155 6158 6113 5901 5309 5359 2642
6965 10418 616 9376 8142 8904 8509 3781 9309 7836 1915 2855 8559 8376 3873 7325 5341 576 6471 7988 10937 7395 5166 3421 9120 7553 2069 1038 9962 707 579 3790 2758 10201 7458 11046 5655 0 5643 6778 11085 3896 9856 4344 4346 3822 7788 8950 6659 5227 9846 5450 6125 9027 8522 10738 4309 1126 10862 4371 6856 9839 4997 2278 4248 8275 3299 9453 7256 6031 9234 5076 1728 5980 8897 7378 6284 4724 9241 5660 5463 7841 9348 5037 8099 11570 9096 9227 10757 1611 7470 7935 9819 6746 1783 6899 5691 6904 9045 524 7487 9118 1395 3410 7341 9244 7491 8527 3016 9639 2388 4244 7311 7987 2864 5226 3810 7132 5740 5926 7212 8383 2763 5462 2374 8587 10369 7162 8320 10089 942 6865 9760 8759 11267 7649 5286 3083 10702 8450 7759 7987 8476 6765 4305 10744 7482 3369 9967 8710 9405 4684 7305 8264 11671 9137 5909 8857 7984 871 4336 8278 3056 8336 7431 9415 10260 2167 8366 1098 3659
1347 6308 6040 10419 5196 7496 6638 2579 9500 2327 5332 2834 7479 7303 4815 8592 4210 5218 840 6869 6632 1759 5478 3458 10019 2707 3617 4783 8107 4946 6036 6515 4524 5414 6567 7087 6044 5643 0 1601 7706 2261 7541 2156 1672 2098 2769 8826 5155 4761 6498 8006 482 9652 5008 6300 1552 6691 6957 5286 2451 7464 6276 4828 5752 6891 5224 6181 3353 4104 5617 622 3943 6902 6275 6960 5888 6607 4835 1896 4141 8451 5456 1444 4996 7177 5902 4964 6632 7049 8231 2991 8189 7584 4130 2807 184 7581 5316 5970 4930 6932 7032 7177 5624 6668 5678 3442 5733 5186 6010 4033 3241 9374 3284 3210 5411 7663 400 1611 5354 8312 3403 7532 3734 6236 7626 4899 2704 6135 5421 4561 6219 7101 7113 6454 5307 5940 7466 5860 2149 2904 9697 1182 2043 6095 4058 2548 6475 7933 6017 1961 7553 3376 7351 7352 517 9343 2882 4853 1911 3548 5980 3352 2151 4967 6418 3702 4113 4549 6541
988 6999 7249 11984 6397 8872 7976 4139 11015 1162 6760 3931 8905 8736 6405 10183 5780 6430 1097 8313 7203 1281 7074 5018 11580 1115 4709 5816 9379 6071 7086 8072 6043 5797 8051 7791 7635 6778 1601 0 8597 2951 8741 3751 3237 2964 1173 10326 6634 6347 7475 9595 1325 11199 6055 6825 3084 7879 7692 6885 3552 8655 7877 6298 7345 8297 6781 7206 4481 5603 6570 1878 5052 8498 7476 8479 7443 8202 5514 3375 5701 10014 6316 3038 6172 7666 6972 5705 7291 8289 9805 1391 9501 9170 5091 3966 1437 9160 6255 7170 6249 8192 8169 8676 7046 7855 7081 3848 7261 5802 7472 5634 4321 10963 4752 4772 6993 9233 1261 1032 6770 9827 4865 9130 5155 7502 8716 6279 1816 6909 6714 5962 7150 8454 7727 7906 6898 7467 8418 7097 1994 3424 11277 829 2573 6512 5245 3431 7404 9383 7017 3562 9109 3962 7868 8670 1098 10885 1306 5930 2501 4217 7504 3865 2677 5610 7217 4663 4965 5688 8090
7614 1842 11075 7758 2949 3590 3163 7583 6208 8121 9486 9398 4096 4135 7465 7414 5778 10509 7593 4177 2095 7432 6495 7685 7386 9453 9873 10797 2813 10636 11657 8799 8408 3470 4596 1271 6373 11085 7706 8597 0 9604 2084 7172 7536 9314 9263 5574 4599 6051 1270 8844 7566 6868 2757 2459 7725 11625 1205 7213 5258 2000 7317 8937 7659 3783 8220 1652 4393 5055 2093 8152 10034 6838 2304 5130 5502 7937 3152 6148 5641 6520 2282 6934 3022 2291 2003 2924 1727 11650 6684 9471 3189 6723 10520 4931 7857 6519 2390 11063 3600 2531 12092 9933 3996 2072 3835 4893 8823 2974 9603 6868 4476 7799 8355 5918 7850 6332 8043 9206 4022 5563 8427 8194 8775 2710 1287 3944 7639 1753 10292 4223 1489 3298 1695 4222 6256 8929 429 2697 6771 5206 7694 7773 9558 2982 3822 9587 1235 4518 1750 6928 5962 4671 2126 3024 8048 6570 9189 10721 9417 4395 8988 4800 5922 3106 1431 10223 3639 10332 8954
3364 8381 4417 10849 6841 8711 7976 2620 10216 4077 4295 1203 8570 8380 4720 8846 4953 3624 2940 7935 8760 3812 5806 3275 10488 3657 1873 2896 9514 3199 4157 5996 3930 7627 7521 9136 6422 3896 2261 2951 9604 0 9085 2690 2165 328 3899 9630 6218 5307 8349 7706 2673 10210 6848 8454 1945 5018 8988 5315 4438 9026 6315 3985 5617 8060 4793 7995 5222 5203 7521 1648 2207 7160 7867 7759 6574 6442 6950 3457 4962 8953 7441 2677 6686 9334 7677 7043 8715 5466 8660 4040 9519 7936 2154 4700 2213 7997 7244 4332 6404 8402 5269 6321 6824 8264 6921 5681 5086 7322 5056 4268 5166 9623 2644 4152 5166 8142 2161 2036 6585 9068 2714 7388 2828 7727 9319 6250 4650 8160 3997 5892 8122 8386 9213 7518 5733 5277 9313 7417 4346 5133 10027 3134 410 8291 5799 550 8371 8936 7863 2807 8136 5574 9494 8698 2295 9940 4100 3030 451 5711 5297 5571 4401 7097 8418 1737 6157 2839 5964
7814 3289 9748 5695 2352 1522 1370 6724 4152 8535 8101 8630 2037 2102 6039 5361 4552 9287 7658 2231 3786 7749 4889 6599 5315 9736 8964 9739 847 9504 10434 7112 7103 4760 2722 3109 4635 9856 7541 8741 2084 9085 0 6444 6923 8769 9609 3497 3199 4637 1847 6927 7532 4795 2769 4032 7141 10239 2953 5670 5192 112 5571 7608 6037 1838 6744 1838 4261 3995 2530 7857 9062 4956 1269 3175 3792 6168 3975 5729 4456 4449 2976 6453 2570 4183 1901 3701 3369 10190 4632 9836 1183 4736 9592 4785 7715 4523 2806 9751 2682 738 10708 8234 2515 887 2368 5524 7288 4005 8089 5631 4422 5719 7345 5018 6311 4319 7923 9140 2665 3480 7392 6296 7688 1361 805 2862 8192 2967 8990 3216 2218 1308 3567 2390 4690 7363 1698 1686 7191 5643 5610 7921 9129 4514 3504 8951 2093 2435 2059 6282 3947 5175 4068 973 7973 4492 9583 9629 8993 4872 7419 5347 6205 4024 2745 9360 4011 9250 7275
3381 6214 4570 8424 4287 6020 5294 586 7644 4412 3469 2229 5888 5699 2660 6521 2308 3810 2896 5253 6689 3706 3395 1370 8039 4842 2736 3778 6836 3741 4857 4392 2500 5862 4855 6904 3989 4344 2156 3751 7172 2690 6444 0 590 2364 4922 7021 3529 2754 5902 5850 2540 7711 4446 6456 815 5219 6734 3136 2511 6392 4136 2900 3597 5370 3108 5526 2981 2514 5155 1991 2945 4818 5261 5137 3981 4452 4939 1317 2295 6474 5178 843 4167 7311 5185 4953 6555 5467 6220 5142 6832 5538 3382 2573 2314 5559 4917 4522 3777 5745 5632 5138 4135 5653 4234 4209 3663 5336 4056 1895 3007 7307 1514 1462 3261 5669 2496 3495 3899 6473 1630 5379 2028 5083 6741 3588 4652 5923 3832 3231 5732 5698 7067 4834 3257 3868 6842 4802 3810 3684 7659 3274 2818 6424 3367 2508 5968 6268 5425 346 5608 3926 7432 6015 2653 7420 5038 3753 2697 3934 3914 4007 3224 5109 6137 3059 4070 3374 4431
2969 6464 4645 9012 4706 6565 5813 907 8233 3984 3727 1907 6449 6261 3176 7100 2893 3848 2467 5815 6907 3332 3976 1787 8628 4311 2538 3658 7350 3695 4820 4844 2861 5968 5428 7184 4573 4346 1672 3237 7536 2165 6923 590 0 1846 4409 7607 4084 3344 6270 6363 2101 8301 4786 6646 230 5301 7021 3682 2609 6866 4690 3194 4119 5919 3553 5903 3230 3052 5482 1423 2798 5396 5715 5722 4570 4978 5121 1450 2874 7064 5461 708 4566 7515 5573 5165 6805 5599 6808 4624 7360 6122 3165 2760 1812 6146 5225 4587 4243 6237 5688 5516 4672 6111 4764 4196 4064 5513 4373 2459 3219 7886 1681 2010 3756 6258 1976 2919 4428 7060 1803 5914 2173 5564 7179 4085 4288 6200 3951 3727 6073 6230 7315 5396 3844 4271 7224 5261 3531 3650 8243 2835 2257 6569 3714 2057 6315 6840 5787 642 6199 3963 7650 6536 2142 8011 4537 3668 2131 4016 4312 4018 3089 5284 6432 2796 4270 3308 4869
3281 8119 4315 10535 6534 8384 7652 2294 9892 4057 4083 1020 8243 8053 4418 8538 4625 3508 2831 7607 8510 3728 5488 2966 10172 3750 1761 2853 9191 3117 4123 5736 3660 7406 7193 8868 6104 3822 2098 2964 9314 328 8769 2364 1846 0 3973 9304 5891 4982 8056 7433 2538 9891 6557 8210 1629 4933 8718 5010 4177 8711 6013 3743 5322 7733 4516 7699 4941 4878 7236 1476 2103 6849 7555 7432 6248 6153 6700 3166 4634 8634 7166 2380 6383 9090 7378 6785 8454 5362 8344 4129 9194 7622 2134 4425 2074 7680 6962 4233 6088 8083 5209 6100 6499 7952 6597 5477 4833 7076 4839 3948 4892 9317 2357 3827 4877 7824 2053 2118 6261 8743 2434 7102 2575 7410 9012 5930 4599 7890 3848 5572 7835 8062 8955 7190 5412 5027 9018 7103 4224 4926 9717 3059 606 8061 5502 475 8083 8608 7570 2488 7814 5352 9246 8374 2202 9620 4165 2968 566 5477 5049 5357 4209 6849 8144 1703 5895 2741 5709
1836 7564 8288 13102 7294 9857 8941 5310 12093 1153 7891 4976 9923 9761 7578 11329 6911 7478 2157 9347 7684 1864 8229 6189 12695 330 5734 6795 10290 7086 8054 9241 7204 6200 9114 8347 8782 7788 2769 1173 9263 3899 9609 4922 4409 3973 0 11392 7701 7491 8214 10768 2449 12303 6867 7285 4254 8904 8271 8055 4479 9517 9044 7445 8518 9305 7950 7980 5382 6688 7312 3036 6076 9650 8357 9565 8558 9374 6119 4475 6825 11133 7007 4195 7059 8080 7779 6340 7829 9335 10934 235 10437 10310 6052 4901 2608 10294 6995 8206 7219 9105 9167 9828 8072 8723 8095 4384 8423 6356 8613 6801 5204 12106 5903 5902 8165 10360 2433 1863 7795 10907 6014 10300 6290 8424 9511 7286 1766 7530 7793 6985 7866 9425 8224 8947 8047 8629 9127 8007 2492 4066 12410 1800 3495 6910 6156 4420 8114 10416 7779 4727 10223 4595 8296 9617 2270 11984 224 6926 3454 4880 8665 4464 3412 6187 7848 5636 5696 6714 9256
9566 6631 8634 2213 4638 2092 2931 7010 744 10489 7035 8787 1708 1798 5251 2304 4714 8455 9249 2120 7185 9655 3951 6463 1821 11426 8815 9208 2795 8843 9492 5369 6382 7889 2278 6577 3367 8950 8826 10326 5574 9630 3497 7021 7607 9304 11392 0 3693 4325 5171 4403 9003 1299 5406 7369 7834 8945 6409 4663 7014 3591 3957 6745 4702 2312 5669 5000 6239 4726 5549 8908 8780 2987 3986 1885 3056 4330 6889 6955 4741 1357 6013 7437 4878 7641 4867 6633 6774 8721 1711 11627 2419 2289 9338 6605 9010 2094 5722 8669 4368 3278 9381 6310 3373 3883 3389 8042 5958 7052 6697 5401 6445 2374 7222 5652 5153 1846 9224 10390 3645 578 7212 3940 7351 3632 4287 4184 10343 6257 8008 4441 5478 2522 7031 2479 3950 5933 5195 4028 9280 7951 2159 9593 9817 7803 5525 9309 5433 1165 5185 7032 1645 7623 7544 2643 9334 997 11430 9040 9704 7345 5973 7810 8260 6994 6103 9255 6563 8721 5533
5879 4533 6571 5501 1912 2499 1879 3680 4393 6818 4940 5584 2367 2181 2888 4046 1374 6090 5556 1736 5140 5985 1933 3430 5081 7734 5833 6552 3403 6308 7238 4244 3912 5177 1417 4919 1981 6659 5155 6634 4599 6218 3199 3529 4084 5891 7701 3693 0 1467 3477 4643 5314 4648 2644 5125 4314 7085 4721 2617 3386 3180 2863 4424 3083 1844 3629 3102 2733 1056 3196 5286 5905 2722 2307 1885 1209 3486 4040 3270 1304 3573 3530 3805 2027 5755 2767 3856 4819 7075 3468 7936 3345 3041 6446 2998 5339 2932 3170 6569 1240 2461 7554 5373 685 2616 832 4682 4224 4346 5008 2433 2939 4742 4193 2074 3252 2901 5554 6739 577 3210 4230 3982 4506 1948 3729 852 6718 4131 5804 890 3534 2215 5270 1316 1677 4331 4184 1904 5657 4469 4930 5901 6340 5384 2171 5992 3670 2786 3141 3465 2663 4250 5768 2564 5656 4319 7742 6437 6215 4017 4390 4431 4654 4196 4169 6246 3405 6061 4392
5762 5823 5113 5678 3243 3727 3283 2687 4914 6777 3474 4483 3449 3258 1420 3838 638 4664 5350 2834 6416 5972 811 2183 5288 7461 4599 5198 4747 4919 5805 2919 2470 6216 2338 6287 1294 5227 4761 6347 6051 5307 4637 2754 3344 4982 7491 4325 1467 0 4894 3709 5041 4957 3865 6346 3565 5619 6089 1218 3686 4626 1808 2971 1750 3079 2168 4510 3369 1327 4501 4720 4622 2174 3771 2468 1273 2362 5085 3072 785 3722 4769 3318 3295 7048 4161 4951 6131 5608 3478 7721 4629 2823 5176 3403 4938 2823 4415 5114 2539 3901 6088 4020 2132 4083 2288 5301 2780 5437 3553 1111 3543 4616 2960 1608 1825 2919 5142 6227 2042 3761 2971 3098 3187 3416 5194 2151 6826 5435 4353 1968 4909 3541 6606 2459 572 2901 5641 3355 5813 4954 4936 5724 5506 6535 3091 4986 5069 3720 4522 2832 2856 4886 7086 3915 5278 4669 7573 5067 5397 4719 2961 5047 4906 5255 5515 5030 4315 4702 3051
6502 1467 9854 7383 1706 3081 2382 6315 5873 7091 8285 8129 3522 3505 6291 6723 4571 9270 6440 3422 2016 6359 5406 6436 6983 8382 8605 9537 2694 9384 10415 7718 7195 2921 3744 1513 5357 9846 6498 7475 1270 8349 1847 5902 6270 8056 8214 5171 3477 4894 0 7929 6387 6463 1504 2211 6461 10416 1320 6085 4048 1735 6288 7726 6559 3058 7055 393 3158 3826 905 6922 8768 5919 1326 4335 4492 6914 2242 4892 4428 5903 1245 5675 1758 2513 751 1975 1608 10461 6005 8430 3017 5922 9252 3701 6654 5735 1222 9839 2385 1896 10881 8849 2940 1296 2786 3922 7674 2202 8442 5651 3257 7206 7096 4658 6713 5579 6846 8028 2913 5032 7170 7267 7522 1762 1378 2752 6664 1122 9069 3002 389 2678 1932 3358 5153 7792 970 1599 5732 4152 7178 6646 8314 2677 2557 8323 263 4026 486 5659 5222 3635 2456 2530 6861 6140 8158 9464 8173 3342 7852 3786 4821 2256 932 8954 2521 9075 7868
9192 9138 4961 4065 6535 5476 5683 5475 4454 10227 3735 6560 4969 4858 3191 2202 4338 5115 8727 4700 9748 9469 2909 4609 3893 10673 6209 6082 6579 5630 5887 1761 3777 9800 4250 9433 2665 5450 8006 9595 8844 7706 6927 5850 6363 7433 10768 4403 4643 3709 7929 0 8380 3953 7287 9758 6532 5060 9236 2760 7377 6973 1901 3803 2256 5097 2917 7595 7067 5004 7808 7770 6020 2012 6618 3752 3474 1414 8660 6615 4492 3054 8166 6625 6667 10346 7297 8489 9404 4705 2692 10985 6277 2252 6507 7109 8161 2476 7806 5025 5883 6331 5428 2165 5021 6780 5165 9009 2685 8980 3081 4013 7247 2673 5081 5203 2612 2718 8336 9215 5118 3968 5000 664 4891 6184 7690 5494 10377 8731 4581 5456 8068 5620 9822 4623 3177 2527 8416 6343 9411 8658 3178 9108 8036 10027 6705 7217 8158 4786 7681 6074 3068 8593 10336 5966 8498 3899 10888 5874 7972 8418 2528 8755 8563 8821 8729 6615 7954 5682 1846
875 6093 6522 10663 5180 7584 6702 3003 9691 1883 5794 3309 7600 7429 5195 8879 4464 5700 368 7002 6382 1277 5783 3876 10258 2436 4095 5259 8136 5427 6515 6926 4962 5105 6731 6880 6333 6125 482 1325 7566 2673 7532 2540 2101 2538 2449 9003 5314 5041 6387 8380 0 9875 4919 6035 2003 7173 6759 5641 2359 7450 6617 5282 6125 6997 5637 6088 3288 4280 5493 1077 4423 7202 6263 7154 6121 6975 4606 2050 4381 8693 5295 1762 4967 6906 5827 4757 6409 7530 8488 2680 8239 7861 4599 2751 463 7847 5184 6452 4978 6952 7514 7617 5740 6651 5781 3116 6163 4941 6464 4382 3152 9656 3744 3455 5801 7915 542 1641 5465 8503 3864 7889 4202 6258 7566 4985 2226 5947 5900 4660 6089 7174 6878 6592 5598 6370 7349 5866 1687 2598 9963 736 2416 5799 4029 2998 6345 8071 5914 2308 7787 3100 7089 7405 489 9561 2536 5332 2292 3301 6412 3054 1823 4728 6240 4169 3938 5030 6958
10500 7919 8637 925 5835 3382 4182 7611 726 11459 7134 9266 2966 3027 5600 1765 5451 8581 10147 3279 8478 10627 4405 6955 521 12311 9187 9424 4074 9022 9536 5277 6663 9143 3299 7876 3789 9027 9652 11199 6868 10210 4795 7711 8301 9891 12303 1299 4648 4957 6463 3953 9875 0 6621 8655 8523 8858 7708 4988 8031 4889 4102 6945 4878 3533 5862 6281 7316 5619 6809 9665 9104 3136 5254 2763 3764 4303 8117 7830 5511 1261 7269 8225 6067 8939 6133 7867 8068 8566 1589 12537 3695 2335 9652 7636 9834 2232 6968 8685 5492 4567 9266 6052 4456 5171 4500 9182 6014 8299 6673 5943 7524 1414 7674 6442 5359 2068 10044 11167 4714 1512 7644 3660 7720 4883 5581 5258 11365 7541 8093 5473 6763 3799 8330 3579 4483 5945 6492 5262 10304 9049 1018 10505 10438 9081 6639 9837 6725 2439 6460 7772 2105 8756 8843 3939 10167 339 12357 9239 10334 8489 5975 8943 9296 8230 7394 9627 7738 8956 5427
5101 1967 8581 7541 808 3418 2492 4890 6148 5776 7075 6662 3702 3609 5177 6478 3417 7949 4997 3348 2552 5003 4517 5101 7120 7010 7170 8143 3521 8021 9082 6780 5962 2594 3461 2526 4625 8522 5008 6055 2757 6848 2769 4446 4786 6557 6867 5406 2644 3865 1504 7287 4919 6621 0 2492 4971 9170 2340 5084 2565 2670 5490 6494 5608 3096 5948 1173 1658 2625 716 5421 7351 5342 1583 4080 3828 6106 1504 3392 3256 5805 904 4178 624 3187 917 1270 2287 9262 5811 7090 3740 5544 7818 2204 5168 5395 551 8558 1404 2386 9629 7885 2362 1899 2253 2783 6593 1742 7322 4433 1770 7083 5714 3296 5675 5298 5364 6557 2199 5113 5797 6626 6165 1812 2661 1796 5423 1595 7794 1900 1288 2952 2782 3108 4245 6735 2473 1388 4426 2874 7161 5227 6810 2741 1079 6833 1530 4251 1018 4187 4983 2414 3238 3003 5387 6283 6831 8084 6669 2112 6795 2591 3455 1632 1738 7504 1254 7694 6915
5846 745 10864 9578 3224 5277 4508 6982 8079 6133 9437 8549 5696 5660 7619 8790 5865 10177 5959 5518 414 5567 7008 7360 9173 7520 9167 10233 4875 10177 11277 9264 8317 1114 5758 1223 7104 10738 6300 6825 2459 8454 4032 6456 6646 8210 7285 7369 5125 6346 2211 9758 6035 8655 2492 0 6784 11479 1254 7562 4055 3921 7979 8844 8093 5184 8386 2376 3485 5070 1964 6850 9397 7788 3420 6373 6286 8597 1525 5200 5700 8024 1595 5954 3099 880 2570 1511 733 11615 8089 7470 5213 7916 9804 3893 6415 7748 1955 10832 3886 4092 11927 10362 4764 3486 4633 2978 9038 1137 9743 6826 3449 9326 7877 5578 8141 7621 6564 7603 4642 7200 7975 9095 8365 3828 3417 4282 5559 1114 10083 4388 1892 4857 958 5378 6736 9188 2582 3527 4858 3447 9333 6045 8313 524 3341 8571 1952 6215 2211 6142 7279 2935 1054 4736 6522 8328 7175 10205 8174 2753 9248 2990 4226 1365 1287 9443 2387 9821 9396
2877 6621 4635 9229 4911 6793 6038 1059 8459 3877 3795 1766 6678 6491 3353 7309 3121 3828 2371 6045 7053 3257 4187 1935 8846 4143 2438 3579 7573 3644 4766 4988 2975 6079 5658 7348 4787 4309 1552 3084 7725 1945 7141 815 230 1629 4254 7834 4314 3565 6461 6532 2003 8523 4971 6784 0 5292 7189 3872 2734 7082 4883 3280 4296 6148 3697 6096 3395 3280 5663 1239 2715 5603 5927 5950 4795 5155 5259 1606 3103 7284 5629 830 4766 7656 5769 5312 6961 5608 7025 4464 7586 6335 3051 2911 1677 6362 5401 4574 4459 6457 5667 5626 4900 6324 4991 4271 4188 5648 4461 2662 3374 8094 1743 2239 3922 6477 1827 2719 4654 7287 1863 6096 2213 5782 7387 4307 4214 6365 3963 3948 6256 6456 7469 5626 4060 4394 7417 5475 3501 3720 8455 2730 2028 6692 3904 1862 6501 7070 5976 864 6421 4058 7796 6762 1998 8233 4389 3601 1902 4125 4433 4103 3124 5419 6603 2668 4416 3251 5007
8025 11107 656 9102 8714 9159 8872 4637 9220 8920 2145 3949 8769 8595 4203 7109 5848 1473 7526 8239 11649 8449 5397 4121 8888 8672 3173 2160 10256 1819 1105 3595 3222 11017 7701 11693 5800 1126 6691 7879 11625 5018 10239 5219 5301 4933 8904 8945 7085 5619 10416 5060 7173 8858 9170 11479 5292 0 11503 4594 7715 10234 5016 2690 4337 8560 3503 10023 8025 6594 9872 6142 2830 5961 9376 7531 6529 4619 10011 6531 5988 7741 10028 5968 8700 12288 9666 9973 11440 533 7361 9054 10075 6674 2908 7715 6750 6856 9708 721 8033 9509 469 2903 7750 9700 7906 9427 3034 10406 2255 4765 8101 7702 3705 5906 3970 7100 6811 7044 7656 8397 3591 5207 3192 9033 10812 7680 9384 10758 1401 7414 10366 9069 11944 7937 5564 3025 11226 8945 8779 8900 8203 7832 5427 11524 8167 4486 10559 8851 9997 5564 7321 9139 12373 9452 6983 8728 9098 1997 5455 9127 2980 9224 8386 10187 10904 3293 9138 2193 3438
6704 709 10918 8620 2847 4337 3693 7205 7090 7119 9397 8922 4802 4798 7455 8037 5705 10290 6742 4736 898 6479 6654 7442 8229 8481 9469 10468 3772 10356 11422 8961 8288 2292 5064 199 6643 10862 6957 7692 1205 8988 2953 6734 7021 8718 8271 6409 4721 6089 1320 9236 6759 7708 2340 1254 7189 11503 0 7299 4557 2849 7564 8822 7793 4367 8225 1642 3793 4926 1632 7454 9664 7229 2646 5654 5784 8190 2178 5583 5551 7203 1561 6369 2817 1233 1957 2003 524 11583 7316 8469 4131 7242 10116 4293 7093 7054 1825 10897 3551 3168 11964 10085 4228 2587 4078 3888 8859 1915 9609 6752 3827 8505 8046 5636 7914 6897 7264 8380 4174 6310 8131 8574 8503 3082 2255 3940 6595 829 10131 4141 1187 3961 624 4677 6393 8989 1365 2894 5792 4269 8459 6882 8898 1778 3393 9034 1079 5286 1579 6453 6538 3730 1145 3772 7248 7393 8181 10414 8757 3483 9048 3834 5024 2089 603 9786 2847 10025 9106
6440 7042 4155 5556 4454 4570 4300 2838 5120 7474 2495 4299 4199 4019 613 3531 1742 3842 5982 3649 7635 6710 804 2046 5214 7979 4202 4548 5662 4195 4937 1708 1719 7406 3112 7497 1302 4371 5286 6885 7213 5315 5670 3136 3682 5010 8055 4663 2617 1218 6085 2760 5641 4988 5084 7562 3872 4594 7299 0 4680 5673 1015 2108 562 3966 1095 5705 4495 2515 5717 5105 4136 1866 4915 3008 1937 1347 6281 3858 1909 3732 5987 3880 4512 8266 5361 6156 7348 4520 3404 8276 5487 2662 4690 4452 5448 2757 5633 4171 3750 4950 5060 2801 3234 5202 3394 6372 1622 6640 2420 1260 4654 4308 2707 2474 642 2943 5632 6589 3192 4086 2667 2248 2733 4534 6288 3358 7617 6652 3446 3186 6115 4476 7821 3343 980 1716 6796 4521 6655 5980 4717 6363 5589 7744 4286 4898 6268 4339 5726 3334 3033 5973 8303 4860 5788 4753 8164 4383 5503 5831 1775 6122 5828 6453 6728 4642 5490 4059 1835
2651 3943 7071 8887 2845 5382 4462 3083 7738 3492 5848 4500 5473 5318 4459 7333 3049 6320 2466 4922 4338 2663 4497 3671 8467 4574 5146 6249 5830 6244 7364 6292 4774 3365 4753 4701 4911 6856 2451 3552 5258 4438 5192 2511 2609 4177 4479 7014 3386 3686 4048 7377 2359 8031 2565 4055 2734 7715 4557 4680 0 5107 5482 5252 5237 4847 5132 3737 933 2514 3167 2905 5396 5789 3925 5268 4436 5990 2533 1197 2904 6949 3025 1907 2622 4931 3469 2608 4278 7936 6816 4712 5963 6301 5774 422 2606 6231 2868 7025 2743 4643 8136 7238 3647 4306 3652 1760 5772 2918 6328 3550 795 8069 4014 2213 5080 6240 2800 3994 3372 6570 4125 6781 4525 3956 5207 2842 3335 3729 6319 2574 3770 4946 4778 4539 4247 5960 5015 3547 2273 1306 8294 2738 4342 3960 1693 4521 4025 5983 3569 2172 6034 1428 5078 5140 2823 7700 4483 6242 4201 1423 6015 1532 1271 2690 3997 5400 1719 5869 6379
7725 3178 9739 5792 2271 1595 1377 6680 4251 8440 8095 8583 2107 2163 6033 5431 4526 9270 7573 2273 3678 7655 4896 6569 5410 9646 8926 9711 959 9481 10418 7130 7088 4648 2754 3006 4655 9839 7464 8655 2000 9026 112 6392 6866 8711 9517 3591 3180 4626 1735 6973 7450 4889 2670 3921 7082 10234 2849 5673 5107 0 5594 7596 6048 1878 6743 1727 4175 3954 2420 7786 9028 4995 1189 3222 3807 6195 3866 5660 4426 4525 2865 6389 2485 4079 1796 3591 3261 10191 4701 9743 1292 4791 9556 4701 7637 4580 2699 9740 2623 726 10703 8255 2498 800 2348 5420 7293 3894 8093 5609 4334 5799 7311 4972 6315 4379 7845 9061 2638 3563 7360 6339 7659 1311 733 2816 8092 2855 8978 3167 2106 1354 3464 2414 4693 7370 1607 1617 7094 5544 5697 7833 9066 4403 3422 8898 1981 2518 1948 6225 4007 5073 3967 1036 7893 4585 9489 9603 8929 4770 7427 5244 6110 3913 2635 9320 3909 9223 7293
7398 7396 4679 4604 4775 4284 4228 3853 4321 8429 3084 5271 3840 3682 1595 2551 2439 4517 6951 3390 8002 7650 1014 3055 4282 8976 5112 5327 5411 4934 5536 1557 2571 7951 2864 7763 945 4997 6276 7877 7317 6315 5571 4136 4690 6013 9044 3957 2863 1808 6288 1901 6617 4102 5490 7979 4883 5016 7564 1015 5482 5594 0 2846 776 3759 1760 5929 5170 3111 6058 6113 5011 985 5025 2566 1815 626 6811 4766 2592 2872 6384 4856 4881 8617 5607 6655 7680 4838 2516 9267 5179 1773 5555 5209 6441 1913 6025 4713 4094 4894 5463 2665 3348 5251 3504 7109 2003 7146 2760 2244 5348 3317 3688 3328 1257 2136 6629 7601 3390 3396 3638 1305 3659 4607 6267 3697 8539 6994 4056 3616 6379 4294 8125 3181 1286 1991 6889 4689 7552 6759 3744 7332 6597 8216 4837 5885 6498 3857 5987 4317 2316 6694 8628 4672 6782 3898 9148 5145 6512 6522 2035 6855 6680 6977 7025 5549 6079 4854 1724
6155 8442 2147 7401 6024 6627 6252 2336 7156 7155 600 2799 6283 6099 1595 5328 3160 1736 5650 5710 8996 6526 2894 1584 7102 7288 2407 2481 7689 2099 2852 2048 533 8452 5181 9013 3405 2278 4828 6298 8937 3985 7608 2900 3194 3743 7445 6745 4424 2971 7726 3803 5282 6945 6494 8844 3280 2690 8822 2108 5252 7596 2846 0 2070 6000 1086 7334 5437 3906 7191 4422 2237 3826 6700 5114 4007 2720 7406 4126 3299 5717 7362 3735 6013 9635 6977 7348 8773 2773 5361 7638 7542 4619 2754 5186 4943 4753 7036 2145 5343 6872 3155 2387 5100 7032 5253 7007 1122 7797 1182 2076 5535 6054 1549 3270 1598 4966 5071 5713 4989 6171 1434 3603 1176 6368 8151 4993 7483 8087 1383 4724 7679 6487 9274 5373 3008 1300 8541 6264 6697 6512 6517 6009 4347 8920 5512 3466 7870 6444 7308 3232 5102 6676 9712 6867 5246 6744 7601 2302 4304 6625 1316 6784 6113 7583 8224 2820 6542 2011 1995
6938 7558 3959 5368 4956 4849 4670 3244 5089 7973 2334 4541 4440 4269 944 3304 2299 3755 6472 3933 8155 7221 1165 2401 5053 8429 4349 4552 5963 4163 4796 1173 1804 7957 3396 7992 1466 4248 5752 7345 7659 5617 6037 3597 4119 5322 8518 4702 3083 1750 6559 2256 6125 4878 5608 8093 4296 4337 7793 562 5237 6048 776 2070 0 4276 985 6184 5055 3064 6228 5535 4240 1756 5356 3194 2249 859 6829 4392 2466 3647 6511 4370 5026 8783 5845 6699 7860 4205 3292 8736 5760 2549 4782 5013 5909 2684 6156 3988 4254 5330 4794 2292 3664 5623 3825 6934 1303 7185 2097 1767 5215 4058 2974 3028 483 2900 6087 7000 3650 4135 2914 1803 2907 4961 6687 3859 8136 7165 3307 3708 6607 4802 8327 3668 1407 1339 7238 4979 7188 6538 4499 6852 5915 8285 4834 5168 6751 4516 6216 3819 3057 6534 8814 5185 6247 4674 8635 4371 5837 6393 1393 6684 6375 7001 7230 4784 6045 4078 1313
7469 4466 8108 4456 2328 659 679 5519 3055 8338 6448 7417 634 514 4406 3673 3180 7720 7203 397 5052 7509 3164 5209 4039 9372 7630 8277 1696 7995 8851 5310 5524 5613 895 4553 2837 8275 6891 8297 3783 8060 1838 5370 5919 7733 9305 2312 1844 3079 3058 5097 6997 3533 3096 5184 6148 8560 4367 3966 4847 1878 3759 6000 4276 0 5058 2815 4010 2870 3288 7076 7678 3118 1765 1352 2035 4345 4587 4996 3133 2847 3744 5599 2569 5571 2625 4335 4656 8471 2950 9539 1551 2940 8228 4427 7074 2736 3436 8120 2120 1252 9026 6423 1269 1783 1217 5747 5558 4768 6360 4163 4212 4151 5983 3911 4594 2555 7290 8495 1537 2036 6009 4461 6254 1363 2593 2020 8136 4072 7375 2337 3308 537 4986 626 3002 5614 3359 1729 7079 5686 4150 7523 8176 5583 3266 7835 3316 1173 2973 5293 2188 5333 5510 913 7377 3196 9322 8145 8049 5050 5669 5520 6054 4698 3966 8051 4256 7780 5476
6487 7915 3061 6333 5384 5665 5375 2646 6071 7516 1404 3665 5291 5112 771 4263 2531 2788 5998 4744 8494 6813 1899 1766 6027 7832 3404 3567 6755 3181 3858 1291 874 8122 4207 8421 2358 3299 5224 6781 8220 4793 6744 3108 3553 4516 7950 5669 3629 2168 7055 2917 5637 5862 5948 8386 3697 3503 8225 1095 5132 6743 1760 1086 985 5058 0 6668 5128 3324 6615 4922 3275 2740 5936 4086 3031 1688 7025 4131 2692 4631 6843 3939 5411 9132 6317 6930 8234 3451 4276 8159 6581 3533 3810 4981 5364 3668 6499 3079 4683 6018 3970 2106 4276 6240 4435 6882 657 7402 1386 1609 5260 5002 2164 2961 516 3881 5523 6329 4207 5098 2083 2614 2000 5572 7340 4305 7755 7539 2364 4085 7054 5566 8721 4435 2061 831 7809 5524 6872 6434 5456 6373 5119 8521 5054 4314 7223 5417 6670 3389 4025 6511 9186 5949 5692 5658 8086 3387 5054 6412 888 6642 6157 7201 7641 3834 6191 3094 1322
6242 1651 9461 7205 1312 2911 2136 5931 5718 6869 7893 7753 3320 3285 5903 6455 4180 8877 6157 3161 2240 6119 5035 6044 6799 8137 8221 9148 2670 8993 10023 7346 6802 2953 3448 1840 5004 9453 6181 7206 1652 7995 1838 5526 5903 7699 7980 5000 3102 4510 393 7595 6088 6281 1173 2376 6096 10023 1642 5705 3737 1727 5929 7334 6184 2815 6668 0 2830 3432 704 6590 8382 5590 1051 4050 4144 6555 2141 4539 4036 5661 1138 5319 1370 2785 357 1867 1852 10070 5743 8199 2963 5626 8868 3376 6341 5444 1006 9446 1993 1733 10489 8475 2588 1129 2437 3750 7289 2172 8054 5259 2943 6964 6706 4269 6330 5299 6536 7728 2545 4824 6780 6933 7131 1474 1536 2364 6470 1262 8676 2610 494 2483 2232 3062 4779 7409 1321 1253 5511 3936 6959 6377 7968 2802 2196 7958 569 3843 222 5288 4947 3434 2751 2386 6558 5954 7933 9074 7828 3135 7469 3595 4573 2186 1161 8573 2289 8684 7494
3565 3239 7401 8196 1918 4513 3579 3498 6974 4357 6036 5135 4643 4499 4394 6770 2763 6698 3398 4124 3708 3541 4158 3906 7773 5490 5710 6755 4911 6692 7793 6179 4924 3017 4017 3954 4479 7256 3353 4481 4393 5222 4261 2981 3230 4941 5382 6239 2733 3369 3158 7067 3288 7316 1658 3485 3395 8025 3793 4495 933 4175 5170 5437 5055 4010 5128 2830 0 2065 2303 3764 5926 5328 2995 4573 3882 5730 1988 1790 2600 6296 2234 2577 1692 4332 2549 1976 3581 8191 6201 5613 5056 5752 6354 546 3516 5657 2022 7365 1890 3724 8466 7202 2870 3375 2850 1970 5784 2384 6422 3521 208 7475 4394 2185 4983 5634 3715 4918 2605 5828 4493 6439 4885 3042 4281 2061 4126 2970 6625 1857 2906 4066 4092 3763 3890 5957 4128 2626 3070 1739 7659 3663 5166 3499 774 5244 3158 5168 2673 2680 5393 1542 4451 4239 3746 6980 5374 6722 5025 1351 6014 1715 2046 2163 3209 6009 1114 6338 6287
4881 4592 6028 6440 2121 3513 2786 2735 5412 5847 4474 4646 3417 3233 2554 4820 795 5455 4535 2790 5170 5018 2097 2652 6026 6709 4972 5794 4330 5601 6604 4222 3373 4894 2463 5119 2426 6031 4104 5603 5055 5203 3995 2514 3052 4878 6688 4726 1056 1327 3826 5004 4280 5619 2625 5070 3280 6594 4926 2515 2514 3954 3111 3906 3064 2870 3324 3432 2065 0 3302 4230 5083 3291 2900 2877 1930 3684 3766 2230 632 4480 3519 2749 2110 5807 3075 3643 4912 6658 4322 6923 4318 3788 5604 2175 4289 3723 3175 6014 1456 3273 7059 5300 1621 3271 1721 4023 3972 4126 4697 1830 2249 5562 3369 1052 3073 3743 4503 5684 1386 4224 3426 4374 3749 2648 4393 1153 5798 4218 5244 835 3774 3184 5403 2371 1827 4119 4671 2443 4749 3718 5805 4889 5308 5233 1771 5008 3964 3842 3402 2423 3563 3600 5863 3504 4609 5298 6739 5702 5180 3416 4179 3767 3779 3938 4334 5365 2988 5315 4346
5597 1338 9286 7734 1284 3482 2627 5605 6279 6192 7768 7366 3845 3785 5844 6839 4087 8661 5539 3597 1945 5455 5111 5813 7320 7477 7882 8859 3350 8736 9795 7400 6658 2343 3804 1822 5164 9234 5617 6570 2093 7521 2530 5155 5482 7236 7312 5549 3196 4501 905 7808 5493 6809 716 1964 5663 9872 1632 5717 3167 2420 6058 7191 6228 3288 6615 704 2303 3302 0 6059 8065 5829 1566 4423 4334 6681 1447 4072 3930 6100 469 4860 1207 2561 687 1172 1632 9955 6147 7529 3626 5954 8530 2839 5771 5788 317 9265 1976 2337 10332 8516 2801 1756 2669 3049 7254 1521 7994 5123 2384 7397 6429 4009 6322 5666 5959 7134 2690 5323 6512 7144 6880 1927 2228 2373 5779 938 8499 2536 604 3031 2107 3428 4844 7390 1856 1582 4833 3254 7430 5742 7468 2310 1789 7523 858 4384 485 4890 5330 2744 2586 2990 5970 6475 7259 8800 7327 2447 7450 2900 3916 1506 1033 8214 1617 8410 7540
1889 6822 5496 10398 5534 7700 6878 2296 9559 2795 4893 2241 7643 7461 4591 8511 4219 4672 1402 7020 7171 2323 5385 3168 10008 2910 3030 4190 8378 4374 5450 6210 4168 5993 6679 7592 5974 5076 622 1878 8152 1648 7857 1991 1423 1476 3036 8908 5286 4720 6922 7770 1077 9665 5421 6850 1239 6142 7454 5105 2905 7786 6113 4422 5535 7076 4922 6590 3764 4230 6059 0 3362 6808 6602 7027 5909 6394 5364 2131 4174 8440 5930 1482 5350 7729 6294 5477 7150 6518 8197 3240 8435 7523 3523 3222 621 7538 5766 5423 5203 7219 6469 6798 5808 6999 5877 4036 5387 5726 5598 3880 3676 9296 2875 3256 5159 7639 673 1508 5545 8376 2988 7334 3286 6526 7996 5127 3245 6628 4907 4777 6663 7326 7640 6601 5240 5593 7892 6171 2762 3491 9644 1690 1463 6665 4423 1927 6917 8071 6438 1892 7560 3945 7897 7599 848 9366 3183 4269 1326 4098 5629 3933 2753 5504 6901 3093 4607 3978 6222
5250 9156 2214 9606 7097 8334 7783 2461 9256 6110 2330 1129 8071 7879 3534 7538 4531 1417 4762 7454 9634 5685 4831 2476 9293 5849 342 864 9305 1021 2093 4259 2442 8761 6959 9837 5415 1728 3943 5052 10034 2207 9062 2945 2798 2103 6076 8780 5905 4622 8768 6020 4423 9104 7351 9397 2715 2830 9664 4136 5396 9028 5011 2237 4240 7678 3275 8382 5926 5083 8065 3362 0 5969 7978 7024 5842 4949 7876 4210 4613 7856 8113 3506 7012 10255 8032 7896 9498 3262 7515 6229 9223 6769 559 5506 3980 6882 7841 2131 6505 8331 3121 4330 6584 8353 6717 6985 3337 8272 3078 3518 5948 8276 1718 4124 3757 7076 4020 4218 6403 8202 1675 5840 1440 7728 9473 6235 6602 8859 1821 5901 8628 8107 10010 7070 4863 3494 9680 7518 6078 6435 8731 5046 2617 9347 6278 1664 8855 8322 8302 3255 7165 6762 10377 8466 4188 8882 6268 910 2634 6811 3497 6814 5826 8044 9064 608 7010 638 4183
7935 7151 5649 3694 4569 3556 3681 4616 3335 8950 4067 6164 3072 2937 2478 1706 2792 5502 7517 2725 7761 8145 1426 3885 3349 9609 6054 6308 4682 5918 6515 2411 3528 7898 2250 7426 885 5980 6902 8498 6838 7160 4956 4818 5396 6849 9650 2987 2722 2174 5919 2012 7202 3136 5342 7788 5603 5961 7229 1866 5789 4995 985 3826 1756 3118 2740 5590 5328 3291 5829 6808 5969 0 4607 1803 1517 1368 6762 5246 2913 1893 6204 5461 4718 8351 5298 6574 7409 5754 1547 9879 4412 801 6517 5465 7076 928 5846 5686 3945 4335 6401 3435 3030 4771 3169 7297 2975 7063 3711 2946 5522 2491 4571 3782 2231 1153 7274 8312 3149 2436 4532 1356 4589 4172 5702 3569 8992 6744 5038 3585 6066 3650 7820 2617 1607 2946 6409 4339 7969 7009 2869 7893 7418 8080 4865 6757 6151 3000 5681 4949 1363 6869 8336 4009 7417 2920 9737 6127 7324 6663 2987 7042 7037 6918 6730 6493 6112 5832 2579
6554 2702 8846 6180 1083 1916 1087 5584 4714 7295 7231 7472 2289 2242 5190 5408 3556 8322 6391 2111 3291 6500 4191 5550 5769 8478 7855 8694 1950 8493 9473 6496 6177 3909 2418 2839 4084 8897 6275 7476 2304 7867 1269 5261 5715 7555 8357 3986 2307 3771 1326 6618 6263 5254 1583 3420 5927 9376 2646 4915 3925 1189 5025 6700 5356 1765 5936 1051 2995 2900 1566 6602 7978 4607 0 3011 3213 5648 2961 4478 3435 4610 2034 5216 1303 3825 882 2693 2899 9378 4694 8585 2158 4596 8493 3516 6448 4410 1768 8839 1486 806 9845 7630 1692 398 1532 4366 6529 3082 7315 4654 3160 5913 6267 3874 5554 4258 6655 7872 1729 3783 6325 5959 6647 437 1495 1747 6977 2308 8070 2077 1545 1465 3255 2032 3954 6631 1883 461 5960 4435 5912 6657 7895 3829 2236 7759 1573 2822 1211 5076 3902 3992 3778 1442 6704 4923 8336 8599 7758 3691 6690 4170 4962 3046 2208 8236 2835 8214 6651
7751 5683 7138 3625 3273 1753 1980 5142 2540 8700 5488 6951 1280 1136 3546 2417 2830 6850 7412 955 6283 7868 2226 4639 3203 9585 7031 7521 2881 7189 7942 4116 4694 6670 621 5845 1734 7378 6960 8479 5130 7759 3175 5137 5722 7432 9565 1885 1885 2468 4335 3752 7154 2763 4080 6373 5950 7531 5654 3008 5268 3222 2566 5114 3194 1352 4086 4050 4573 2877 4423 7027 7024 1803 3011 0 1198 3104 5578 5104 2857 1745 4850 5559 3478 6833 3808 5351 5902 7387 1732 9800 2624 1597 7582 4875 7143 1402 4512 7161 2811 2600 7988 5196 1761 3100 1840 6478 4498 5817 5287 3567 4781 3004 5409 3772 3584 1249 7356 8513 1995 1352 5409 3125 5584 2578 3943 2532 8602 5279 6449 2719 4543 1869 6266 995 2162 4521 4705 2847 7541 6312 3114 7764 7938 6731 3928 7452 4584 1331 4180 5148 908 6047 6789 2216 7470 2434 9612 7366 7823 5792 4570 6232 6534 5712 5211 7467 5089 7026 4285
6775 5664 6089 4544 3063 2634 2431 3955 3663 7758 4429 5753 2277 2092 2415 2900 1690 5740 6402 1713 6274 6933 1132 3442 4138 8556 5840 6366 3729 6051 6855 3327 3557 6382 1177 5983 871 6284 5888 7443 5502 6574 3792 3981 4570 6248 8558 3056 1209 1273 4492 3474 6121 3764 3828 6286 4795 6529 5784 1937 4436 3807 1815 4007 2249 2035 3031 4144 3882 1930 4334 5909 5842 1517 3213 1198 0 2435 5246 4085 1747 2574 4697 4462 3205 6875 3834 5057 5933 6436 2395 8792 3550 1873 6399 4079 6070 1795 4338 6104 2428 3096 6993 4456 1556 3436 1707 5848 3524 5546 4326 2369 4082 3633 4214 2678 2560 1817 6280 7408 1644 2497 4216 2810 4402 2793 4464 2053 7726 5258 5370 2085 4607 2554 6360 1419 1002 3583 5074 2894 6678 5598 3879 6766 6764 6568 3369 6259 4711 2481 4217 4018 1667 5417 6871 2938 6403 3459 8622 6219 6652 5196 3638 5594 5705 5401 5263 6275 4610 5869 3489
7782 8019 4346 4693 5398 4846 4835 4102 4611 8816 2839 5340 4385 4235 1803 2622 2974 4286 7319 3968 8625 8056 1602 3254 4412 9287 5089 5165 5976 4745 5236 1044 2559 8550 3451 8389 1564 4724 6607 8202 7937 6442 6168 4452 4978 6153 9374 4330 3486 2362 6914 1414 6975 4303 6106 8597 5155 4619 8190 1347 5990 6195 626 2720 859 4345 1688 6555 5730 3684 6681 6394 4949 1368 5648 3104 2435 0 7412 5203 3134 3133 7003 5217 5500 9241 6233 7260 8304 4393 2757 9593 5728 2056 5474 5738 6765 2238 6643 4390 4714 5501 5052 2092 3974 5869 4130 7650 1715 7751 2386 2601 5902 3335 3798 3801 1276 2484 6944 7857 4016 3792 3730 950 3683 5229 6875 4317 8963 7617 3791 4225 7005 4881 8750 3781 1878 1643 7509 5314 8000 7281 3802 7700 6750 8827 5429 5980 7124 4355 6613 4667 2727 7240 9253 5255 7104 4139 9489 4971 6676 7079 1675 7397 7161 7579 7650 5516 6666 4715 1211
4526 1491 9388 9039 2308 4863 3961 5473 7629 4973 8004 7023 5182 5097 6269 7965 4546 8685 4572 4849 1811 4308 5809 5891 8619 6319 7643 8716 4796 8669 9775 7988 6887 1141 4960 2283 5998 9241 4835 5514 3152 6950 3975 4939 5121 6700 6119 6889 4040 5085 2242 8660 4606 8117 1504 1525 5259 10011 2178 6281 2533 3866 6811 7406 6829 4587 7025 2141 1988 3766 1447 5364 7876 6762 2961 5578 5246 7412 0 3675 4379 7307 1007 4429 2101 2398 2111 274 1802 10169 7307 6324 5067 7015 8280 2370 4961 6873 1195 9353 2830 3756 10454 9056 3842 3193 3743 1741 7681 397 8354 5434 1934 8582 6378 4138 6824 6787 5122 6214 3656 6612 6478 8005 6871 3264 3618 3194 4488 1411 8612 3204 1857 4401 2279 4610 5534 7843 3059 2861 3630 2091 8664 4704 6823 1514 1995 7053 2079 5729 1919 4621 6478 1552 2547 4402 5096 7780 6040 8691 6684 1310 7902 1661 2847 177 1729 7917 875 8309 8109
2699 5017 5884 8628 3420 5604 4760 1894 7641 3706 4714 3357 5584 5408 3529 6892 2462 5127 2318 4975 5457 2901 3854 2544 8220 4483 3970 5059 6250 5048 6167 5357 3673 4557 4686 5742 4364 5660 1896 3375 6148 3457 5729 1317 1450 3166 4475 6955 3270 3072 4892 6615 2050 7830 3392 5200 1606 6531 5583 3858 1197 5660 4766 4126 4392 4996 4131 4539 1790 2230 4072 2131 4210 5246 4478 5104 4085 5203 3675 0 2362 6659 4024 789 3248 6067 4224 3715 5357 6766 6467 4709 6315 5864 4605 1310 2079 5835 3803 5837 3073 5089 6947 6227 3729 4876 3784 2902 4746 4069 5240 2631 1770 7661 2826 1464 4158 5891 2295 3500 3459 6453 2939 6067 3339 4396 5894 3013 3773 4759 5139 2670 4670 5216 5866 4561 3642 4943 5856 4043 2797 2390 7948 2681 3437 5137 2344 3455 4918 6041 4406 976 5749 2610 6201 5478 2389 7514 4537 5049 3298 2620 4995 2694 2026 3840 4999 4244 2820 4674 5425
5062 5223 5434 6283 2729 3792 3172 2388 5385 6062 3859 4284 3614 3423 1922 4533 168 4888 4671 2978 5802 5248 1594 2144 5880 6815 4532 5285 4705 5064 6039 3612 2768 5499 2562 5745 2028 5463 4141 5701 5641 4962 4456 2295 2874 4634 6825 4741 1304 785 4428 4492 4381 5511 3256 5700 3103 5988 5551 1909 2904 4426 2592 3299 2466 3133 2692 4036 2600 632 3930 4174 4613 2913 3435 2857 1747 3134 4379 2362 0 4313 4151 2717 2733 6439 3679 4264 5543 6039 4109 7058 4649 3503 5149 2618 4323 3473 3807 5422 2045 3721 6454 4679 1974 3789 2104 4519 3340 4744 4066 1227 2768 5299 2897 931 2448 3535 4533 5667 1792 4203 2939 3883 3233 3141 4915 1701 6081 4849 4652 1426 4392 3519 6033 2565 1343 3488 5249 2987 5056 4169 5587 5040 5111 5855 2387 4709 4576 3976 4016 2291 3412 4107 6494 3867 4657 5205 6895 5179 4992 3946 3548 4266 4133 4552 4960 4943 3581 4798 3731
9347 7311 7479 1970 4999 2930 3526 6358 1479 10325 5936 8006 2426 2407 4343 971 4241 7378 8976 2506 7899 9497 3147 5695 1569 11128 7933 8198 3884 7805 8364 4147 5418 8385 2352 7386 2530 7841 8451 10014 6520 8953 4449 6474 7064 8634 11133 1357 3573 3722 5903 3054 8693 1261 5805 8024 7284 7741 7203 3732 6949 4525 2872 5717 3647 2847 4631 5661 6296 4480 6100 8440 7856 1893 4610 1745 2574 3133 7307 6659 4313 0 6542 7016 5212 8415 5455 7074 7503 7483 382 11366 3530 1099 8407 6569 8631 975 6214 7522 4556 4044 8164 5020 3505 4616 3581 8216 4826 7532 5520 4687 6503 1304 6413 5243 4123 810 8839 9946 3738 1019 6384 2625 6465 4196 5254 4272 10269 6915 6902 4439 6154 3250 7826 2697 3232 4773 6112 4518 9213 8035 1370 9340 9184 8408 5668 8577 6161 2031 5813 6549 917 7785 8348 3496 8967 1027 11196 8017 9082 7533 4807 7969 8220 7436 6813 8373 6833 7724 4305
5334 1080 9430 8195 1635 3950 3088 5658 6745 5874 7948 7361 4308 4244 6073 7264 4313 8778 5313 4044 1652 5163 5417 5935 7780 7186 7913 8924 3804 8825 9902 7684 6831 1876 4229 1727 5509 9348 5456 6316 2282 7441 2976 5178 5461 7166 7007 6013 3530 4769 1245 8166 5295 7269 904 1595 5629 10028 1561 5987 3025 2865 6384 7362 6511 3744 6843 1138 2234 3519 469 5930 8113 6204 2034 4850 4697 7003 1007 4024 4151 6542 0 4811 1504 2289 1155 736 1412 10134 6578 7219 4087 6362 8560 2741 5601 6201 360 9404 2291 2805 10483 8788 3190 2222 3065 2682 7490 1052 8213 5313 2275 7836 6514 4130 6576 6088 5781 6932 3055 5779 6602 7503 6980 2386 2616 2687 5429 746 8644 2804 870 3497 1920 3859 5146 7634 2120 2025 4517 2941 7878 5491 7363 1887 1866 7477 1110 4848 917 4893 5758 2413 2351 3459 5779 6935 6943 8876 7222 2127 7694 2556 3642 1048 977 8227 1359 8487 7818
2570 5795 5314 8982 4173 6227 5421 1401 8096 3605 4297 2595 6162 5980 3448 7149 2776 4528 2102 5538 6224 2876 4037 2213 8585 4148 3245 4366 6937 4395 5520 5215 3343 5262 5199 6526 4600 5037 1444 3038 6934 2677 6453 843 708 2380 4195 7437 3805 3318 5675 6625 1762 8225 4178 5954 830 5968 6369 3880 1907 6389 4856 3735 4370 5599 3939 5319 2577 2749 4860 1482 3506 5461 5216 5559 4462 5217 4429 789 2717 7016 4811 0 4012 6826 5000 4483 6135 6246 6790 4422 6978 6141 3868 2084 1620 6139 4592 5259 3777 5793 6365 5980 4332 5614 4406 3494 4504 4819 4897 2621 2548 7930 2292 1789 4063 6224 1825 2954 4072 6910 2413 6127 2801 5106 6652 3671 3817 5543 4601 3317 5458 5862 6642 5119 3863 4708 6638 4772 2967 2951 8254 2483 2679 5867 3123 2667 5705 6590 5190 554 6123 3256 6966 6145 1960 7921 4294 4373 2542 3309 4754 3312 2423 4590 5786 3493 3587 4010 5260
5252 2533 8125 6982 250 2962 2016 4562 5623 6007 6584 6396 3192 3082 4640 5865 2887 7524 5088 2788 3132 5205 3918 4683 6559 7176 6853 7779 3233 7628 8666 6198 5480 3210 2862 3012 4007 8099 4996 6172 3022 6686 2570 4167 4566 6383 7059 4878 2027 3295 1758 6667 4967 6067 624 3099 4766 8700 2817 4512 2622 2485 4881 6013 5026 2569 5411 1370 1692 2110 1207 5350 7012 4718 1303 3478 3205 5500 2101 3248 2733 5212 1504 4012 0 3758 1021 1882 2836 8769 5206 7288 3402 4925 7499 2217 5166 4778 1144 8107 788 2052 9163 7311 1744 1685 1642 3194 6049 2361 6793 3939 1858 6482 5338 2900 5115 4687 5371 6584 1575 4555 5412 6005 5767 1394 2647 1184 5715 2141 7339 1330 1667 2497 3313 2520 3648 6184 2677 961 4683 3192 6574 5354 6685 3363 940 6622 1868 3739 1305 3941 4377 2792 3791 2611 5414 5728 7042 7706 6546 2500 6244 2976 3675 2239 2230 7208 1687 7317 6336
6693 1225 11680 9853 3843 5565 4894 7829 8322 6933 10225 9420 6025 6015 8361 9232 6601 11006 6823 5932 640 6400 7671 8177 9461 8326 10030 11087 4994 11021 12115 9956 9106 1882 6232 1076 7716 11570 7177 7666 2291 9334 4183 7311 7515 9090 8080 7641 5755 7048 2513 10346 6906 8939 3187 880 7656 12288 1233 8266 4931 4079 8617 9635 8783 5571 9132 2785 4332 5807 2561 7729 10255 8351 3825 6833 6875 9241 2398 6067 6439 8415 2289 6826 3758 0 3055 2358 942 12408 8516 8258 5357 8410 10669 4758 7290 8229 2636 11651 4535 4391 12739 11067 5325 3802 5182 3829 9779 2014 10500 7596 4308 9718 8715 6382 8861 8082 7437 8464 5237 7534 8810 9681 9197 4256 3464 4933 6335 1623 10897 5080 2295 5182 617 5847 7403 9921 2549 4021 5687 4313 9683 6897 9192 1171 4124 9449 2256 6515 2672 7001 7727 3807 233 5002 7392 8623 7961 11054 9054 3632 9981 3856 5093 2242 1626 10311 3248 10669 10094
6018 1876 9103 7058 955 2796 1955 5583 5596 6682 7537 7414 3168 3114 5551 6222 3824 8520 5911 2949 2481 5916 4700 5688 6646 7925 7874 8794 2698 8637 9666 7010 6445 3028 3196 2156 4688 9096 5902 6972 2003 7677 1901 5185 5573 7378 7779 4867 2767 4161 751 7297 5827 6133 917 2570 5769 9666 1957 5361 3469 1796 5607 6977 5845 2625 6317 357 2549 3075 687 6294 8032 5298 882 3808 3834 6233 2111 4224 3679 5455 1155 5000 1021 3055 0 1838 2114 9715 5519 8002 2958 5366 8521 3094 6065 5191 919 9088 1638 1652 10132 8137 2278 1082 2132 3624 6940 2207 7703 4902 2676 6757 6353 3916 5984 5057 6263 7463 2217 4654 6426 6633 6776 1262 1744 2012 6311 1471 8318 2253 773 2347 2527 2813 4442 7062 1656 968 5328 3764 6773 6144 7659 2958 1880 7629 908 3703 384 4953 4712 3282 3039 2304 6291 5801 7740 8720 7519 2980 7122 3451 4367 2183 1433 8229 2120 8330 7157
4717 1345 9356 8790 2078 4599 3703 5474 7371 5198 7944 7071 4925 4844 6169 7746 4431 8666 4740 4605 1743 4515 5659 5853 8371 6532 7673 8729 4522 8668 9767 7863 6825 1329 4731 2125 5825 9227 4964 5705 2924 7043 3701 4953 5165 6785 6340 6633 3856 4951 1975 8489 4757 7867 1270 1511 5312 9973 2003 6156 2608 3591 6655 7348 6699 4335 6930 1867 1976 3643 1172 5477 7896 6574 2693 5351 5057 7260 274 3715 4264 7074 736 4483 1882 2358 1838 0 1674 10117 7081 6547 4794 6806 8313 2404 5096 6660 925 9324 2632 3485 10420 8942 3626 2920 3522 1977 7585 491 8272 5351 1950 8353 6367 4079 6712 6567 5264 6377 3450 6364 6464 7832 6854 3004 3350 3006 4728 1204 8576 3039 1593 4139 2170 4376 5384 7743 2812 2607 3848 2290 8427 4888 6931 1592 1878 7126 1820 5471 1645 4643 6253 1752 2486 4133 5246 7530 6266 8698 6791 1488 7802 1876 3029 363 1515 7958 896 8314 7988
6305 342 10842 8987 2910 4687 3977 7050 7469 6675 9357 8712 5130 5111 7462 8306 5702 10188 6370 5010 417 6060 6740 7346 8588 8048 9289 10317 4204 10227 11309 9032 8241 1778 5298 528 6776 10757 6632 7291 1727 8715 3369 6555 6805 8454 7829 6774 4819 6131 1608 9404 6409 8068 2287 733 6961 11440 524 7348 4278 3261 7680 8773 7860 4656 8234 1852 3581 4912 1632 7150 9498 7409 2899 5902 5933 8304 1802 5357 5543 7503 1412 6135 2836 942 2114 1674 0 11544 7594 8023 4552 7474 9933 4051 6760 7294 1739 10816 3607 3503 11896 10147 4383 2904 4240 3459 8877 1489 9609 6718 3587 8807 7916 5542 7950 7151 6924 8013 4297 6641 8007 8739 8387 3326 2716 4004 6134 696 10056 4164 1359 4287 512 4912 6474 9015 1857 3080 5363 3872 8786 6490 8605 1256 3278 8789 1346 5633 1732 6260 6799 3338 955 4131 6898 7747 7732 10273 8465 3110 9075 3426 4640 1687 692 9590 2559 9885 9172
8391 11214 1049 8766 8768 9053 8819 4881 8960 9308 2187 4362 8643 8474 4189 6806 5891 1859 7888 8136 11769 8807 5312 4291 8570 9111 3603 2648 10163 2274 1638 3352 3303 11199 7597 11775 5670 1611 7049 8289 11650 5466 10190 5467 5599 5362 9335 8721 7075 5608 10461 4705 7530 8566 9262 11615 5608 533 11583 4520 7936 10191 4838 2773 4205 8471 3451 10070 8191 6658 9955 6518 3262 5754 9378 7387 6436 4393 10169 6766 6039 7483 10134 6246 8769 12408 9715 10117 11544 0 7102 9491 9965 6437 3389 7909 7118 6627 9806 1135 8077 9466 735 2540 7726 9689 7884 9668 2913 10561 2111 4832 8279 7368 3958 6038 3882 6875 7190 7480 7650 8185 3840 4906 3446 9020 10791 7713 9751 10856 1647 7463 10431 8989 12044 7854 5500 2868 11244 8958 9108 9150 7872 8205 5876 11683 8285 4926 10615 8693 10055 5813 7117 9364 12485 9373 7364 8452 9524 2473 5896 9336 2817 9458 8669 10345 10988 3758 9301 2627 3188
9163 7388 7103 2204 5003 3110 3623 6079 1860 10152 5568 7692 2595 2550 4016 730 4025 7012 8780 2584 7983 9328 2858 5392 1829 10920 7599 7842 4116 7444 7991 3766 5074 8402 2353 7502 2245 7470 8231 9805 6684 8660 4632 6220 6808 8344 10934 1711 3468 3478 6005 2692 8488 1589 5811 8089 7025 7361 7316 3404 6816 4701 2516 5361 3292 2950 4276 5743 6201 4322 6147 8197 7515 1547 4694 1732 2395 2757 7307 6467 4109 382 6578 6790 5206 8516 5519 7081 7594 7102 0 11166 3774 746 8063 6446 8409 664 6242 7147 4517 4179 7783 4640 3474 4732 3564 8142 4455 7548 5142 4404 6407 1283 6099 5033 3771 579 8615 9704 3689 1307 6065 2247 6133 4270 5434 4211 10119 6987 6532 4349 6238 3391 7935 2720 2965 4398 6270 4566 9069 7937 1484 9148 8901 8456 5604 8273 6260 2258 5885 6310 829 7710 8459 3666 8747 1388 11003 7658 8802 7467 4431 7892 8087 7442 6902 8039 6794 7370 3924
2071 7761 8443 13336 7524 10090 9174 5521 12328 1351 8077 5138 10158 9995 7795 11559 7143 7636 2391 9582 7871 2088 8457 6400 12928 386 5888 6935 10519 7235 8188 9449 7406 6380 9349 8543 9012 7935 2991 1391 9471 4040 9836 5142 4624 4129 235 11627 7936 7721 8430 10985 2680 12537 7090 7470 4464 9054 8469 8276 4712 9743 9267 7638 8736 9539 8159 8199 5613 6923 7529 3240 6229 9879 8585 9800 8792 9593 6324 4709 7058 11366 7219 4422 7288 8258 8002 6547 8023 9491 11166 0 10668 10541 6188 5134 2828 10526 7212 8360 7452 9334 9309 10023 8307 8950 8330 4586 8626 6554 8803 7024 5433 12336 6100 6134 8380 10592 2649 2011 8030 11142 6210 10521 6480 8655 9732 7521 1928 7734 7961 7220 8080 9658 8413 9182 8276 8831 9339 8236 2702 4279 12642 2036 3633 7087 6387 4568 8327 10652 7997 4952 10457 4806 8475 9849 2489 12219 299 7070 3599 5093 8866 4671 3636 6389 8053 5777 5914 6866 9462
8614 4469 9639 4573 3158 917 1557 7022 3022 9404 7978 8929 1343 1497 5947 4487 4708 9267 8405 1838 4969 8594 4682 6750 4210 10538 9167 9827 379 9545 10393 6734 7071 5912 2375 4281 4298 9819 8189 9501 3189 9519 1183 6832 7360 9194 10437 2419 3345 4629 3017 6277 8239 3695 3740 5213 7586 10075 4131 5487 5963 1292 5179 7542 5760 1551 6581 2963 5056 4318 3626 8435 9223 4412 2158 2624 3550 5728 5067 6315 4649 3530 4087 6978 3402 5357 2958 4794 4552 9965 3774 10668 0 4028 9770 5543 8369 3806 3876 9653 3263 1358 10538 7820 2700 1875 2598 6524 7056 5133 7855 5711 5238 4740 7522 5370 6105 3572 8582 9800 2934 2517 7551 5687 7802 2015 1912 3308 9115 4139 8913 3661 3378 1135 4740 2173 4537 7098 2836 2441 8085 6581 4572 8697 9610 5692 4281 9322 3268 1518 3177 6723 3212 6148 5235 837 8652 3412 10430 9696 9479 5848 7151 6327 7074 5131 3926 9584 4993 9331 6903
8563 7242 6394 2912 4744 3250 3577 5371 2563 9566 4838 6956 2736 2641 3274 1034 3404 6280 8164 2546 7847 8749 2150 4664 2556 10284 6854 7100 4338 6706 7273 3086 4328 8134 2179 7434 1549 6746 7584 9170 6723 7936 4736 5538 6122 7622 10310 2289 3041 2823 5922 2252 7861 2335 5544 7916 6335 6674 7242 2662 6301 4791 1773 4619 2549 2940 3533 5626 5752 3788 5954 7523 6769 801 4596 1597 1873 2056 7015 5864 3503 1099 6362 6141 4925 8410 5366 6806 7474 6437 746 10541 4028 0 7317 5950 7761 223 6013 6434 4188 4192 7104 4025 3183 4696 3298 7715 3732 7285 4439 3695 5954 1797 5362 4411 3027 472 7963 9031 3360 1780 5326 1697 5389 4161 5519 3845 9567 6836 5806 3931 6116 3441 7850 2565 2284 3685 6299 4399 8527 7471 2121 8536 8185 8249 5211 7542 6168 2534 5745 5646 817 7283 8373 3765 8101 2125 10388 6918 8089 7056 3721 7461 7566 7160 6784 7294 6436 6627 3249
5391 9591 2354 10144 7594 8884 8321 2937 9810 6191 2783 1317 8625 8434 4090 8073 5072 1647 4920 8007 10055 5834 5390 3021 9834 5804 648 752 9848 1132 2002 4747 2989 9129 7514 10286 5972 1783 4130 5091 10520 2154 9592 3382 3165 2134 6052 9338 6446 5176 9252 6507 4599 9652 7818 9804 3051 2908 10116 4690 5774 9556 5555 2754 4782 8228 3810 8868 6354 5604 8530 3523 559 6517 8493 7582 6399 5474 8280 4605 5149 8407 8560 3868 7499 10669 8521 8313 9933 3389 8063 6188 9770 7317 0 5912 4143 7433 8297 2263 7015 8862 3126 4736 7122 8871 7253 7307 3834 8674 3508 4070 6363 8806 2253 4626 4299 7629 4155 4190 6937 8760 2219 6353 1998 8252 9988 6754 6724 9305 2135 6416 9101 8652 10445 7621 5421 3980 10173 8032 6279 6754 9265 5175 2557 9734 6741 1661 9331 8880 8781 3674 7721 7108 10798 9009 4313 9433 6254 916 2604 7175 3979 7148 6109 8445 9518 432 7422 876 4662
3072 3711 7079 8498 2435 4960 4040 3120 7331 3911 5785 4667 5054 4901 4279 6979 2771 6351 2876 4507 4147 3084 4211 3621 8077 4994 5274 6347 5414 6311 7423 6099 4690 3305 4350 4447 4594 6899 2807 3966 4931 4700 4785 2573 2760 4425 4901 6605 2998 3403 3701 7109 2751 7636 2204 3893 2911 7715 4293 4452 422 4701 5209 5186 5013 4427 4981 3376 546 2175 2839 3222 5506 5465 3516 4875 4079 5738 2370 1310 2618 6569 2741 2084 2217 4758 3094 2404 4051 7909 6446 5134 5543 5950 5912 0 2971 5873 2550 7039 2321 4227 8146 7079 3234 3901 3235 1921 5630 2766 6223 3378 467 7706 4038 2023 4889 5872 3170 4376 2961 6167 4144 6501 4541 3538 4824 2427 3738 3466 6314 2169 3442 4524 4558 4128 3953 5812 4671 3132 2676 1552 7920 3155 4632 3851 1281 4743 3696 5566 3218 2251 5656 1533 4890 4719 3204 7303 4905 6326 4491 1442 5868 1673 1660 2538 3718 5554 1510 5947 6195
1275 6439 6102 10599 5368 7678 6819 2718 9683 2220 5437 2861 7663 7487 4970 8768 4390 5278 781 7053 6752 1705 5651 3599 10200 2537 3650 4811 8285 4990 6070 6656 4652 5511 6751 7221 6219 5691 184 1437 7857 2213 7715 2314 1812 2074 2608 9010 5339 4938 6654 8161 463 9834 5168 6415 1677 6750 7093 5448 2606 7637 6441 4943 5909 7074 5364 6341 3516 4289 5771 621 3980 7076 6448 7143 6070 6765 4961 2079 4323 8631 5601 1620 5166 7290 6065 5096 6760 7118 8409 2828 8369 7761 4143 2971 0 7759 5468 6030 5109 7109 7083 7301 5808 6841 5861 3531 5865 5307 6124 4197 3399 9549 3396 3392 5561 7842 216 1431 5537 8495 3513 7693 3834 6413 7792 5081 2635 6273 5498 4743 6372 7282 7238 6638 5482 6071 7621 6035 2150 3000 9874 1089 1967 6199 4227 2535 6627 8117 6175 2131 7735 3484 7467 7532 342 9526 2728 4888 1840 3666 6111 3452 2236 5090 6559 3713 4253 4594 6679
8534 7067 6563 2867 4591 3032 3380 5415 2407 9530 4993 7036 2517 2425 3369 1114 3383 6430 8143 2344 7671 8709 2193 4732 2493 10275 6958 7234 4116 6846 7436 3275 4445 7987 1997 7246 1580 6904 7581 9160 6519 7997 4523 5559 6146 7680 10294 2094 2932 2823 5735 2476 7847 2232 5395 7748 6362 6856 7054 2757 6231 4580 1913 4753 2684 2736 3668 5444 5657 3723 5788 7538 6882 928 4410 1402 1795 2238 6873 5835 3473 975 6201 6139 4778 8229 5191 6660 7294 6627 664 10526 3806 223 7433 5873 7759 0 5855 6602 4052 3989 7290 4231 3034 4500 3143 7614 3894 7137 4614 3740 5860 1839 5443 4392 3156 254 7964 9046 3221 1571 5412 1918 5490 3975 5309 3719 9515 6662 5963 3822 5935 3231 7665 2382 2303 3856 6095 4225 8471 7383 2117 8513 8237 8088 5096 7613 5982 2310 5568 5654 594 7181 8188 3551 8098 1999 10368 7055 8137 6949 3893 7361 7500 7016 6604 7398 6312 6758 3440
5281 1416 9114 7892 1278 3677 2792 5381 6458 5877 7619 7117 4015 3941 5728 6923 3968 8474 5226 3724 2002 5139 5058 5627 7475 7160 7650 8643 3614 8533 9602 7328 6504 2178 3891 2004 5149 9045 5316 6255 2390 7244 2806 4917 5225 6962 6995 5722 3170 4415 1222 7806 5184 6968 551 1955 5401 9708 1825 5633 2868 2699 6025 7036 6156 3436 6499 1006 2022 3175 317 5766 7841 5846 1768 4512 4338 6643 1195 3803 3807 6214 360 4592 1144 2636 919 925 1739 9806 6242 7212 3876 6013 8297 2550 5468 5855 0 9090 1931 2561 10165 8435 2837 2001 2715 2744 7144 1332 7871 4979 2091 7504 6222 3820 6226 5746 5655 6825 2697 5471 6308 7144 6682 2090 2538 2327 5467 1051 8328 2448 905 3219 2238 3524 4787 7286 2168 1708 4517 2939 7557 5426 7183 2239 1568 7257 1161 4559 792 4643 5419 2431 2688 3208 5663 6632 6943 8589 7042 2133 7346 2590 3599 1278 1223 7973 1300 8200 7464
7305 10480 93 8998 8134 8736 8392 3943 8997 8204 1676 3240 8370 8190 3720 6962 5290 752 6805 7816 11014 7728 4975 3474 8756 7979 2472 1535 9814 1141 863 3416 2663 10343 7281 11084 5428 524 5970 7170 11063 4332 9751 4522 4587 4233 8206 8669 6569 5114 9839 5025 6452 8685 8558 10832 4574 721 10897 4171 7025 9740 4713 2145 3988 8120 3079 9446 7365 6014 9265 5423 2131 5686 8839 7161 6104 4390 9353 5837 5422 7522 9404 5259 8107 11651 9088 9324 10816 1135 7147 8360 9653 6434 2263 7039 6030 6602 9090 0 7463 9016 1111 2942 7245 9175 7398 8728 2711 9749 2012 4195 7434 7602 3012 5274 3577 6837 6093 6349 7133 8109 2901 5080 2501 8512 10295 7123 8665 10139 771 6841 9773 8616 11323 7494 5118 2749 10671 8401 8058 8197 8097 7113 4742 10863 7539 3794 9973 8490 9410 4867 7029 8446 11742 8997 6265 8529 8397 1348 4763 8442 2715 8528 7674 9528 10296 2624 8479 1494 3275
5385 3311 7476 6392 704 2639 1728 4098 5108 6229 5901 5986 2753 2610 3915 5153 2187 6911 5152 2248 3914 5404 3136 4102 5967 7302 6375 7236 3179 7054 8060 5426 4813 3959 2212 3748 3221 7487 4930 6249 3600 6404 2682 3777 4243 6088 7219 4368 1240 2539 2385 5883 4978 5492 1404 3886 4459 8033 3551 3750 2743 2623 4094 5343 4254 2120 4683 1993 1890 1456 1976 5203 6505 3945 1486 2811 2428 4714 2830 3073 2045 4556 2291 3777 788 4535 1638 2632 3607 8077 4517 7452 3263 4188 7015 2321 5109 4052 1931 7463 0 2018 8499 6544 1050 1876 991 3691 5311 3119 6068 3270 2092 5799 4801 2391 4363 3979 5322 6540 831 3986 4864 5221 5197 1329 2977 398 6016 2914 6693 622 2372 2207 4073 1913 2868 5438 3215 1026 4960 3583 5925 5455 6449 4145 1157 6280 2542 3280 1987 3602 3689 3265 4561 2427 5390 5153 7226 7149 6313 2998 5498 3452 3935 2980 2978 6753 2279 6762 5566
7289 3353 9014 5488 1811 1186 666 6008 3988 8059 7369 7916 1634 1637 5307 4907 3816 8549 7100 1646 3912 7255 4175 5865 5087 9214 8237 9003 1187 8766 9696 6422 6366 4669 2085 3346 3952 9118 6932 8192 2531 8402 738 5745 6237 8083 9105 3278 2461 3901 1896 6331 6952 4567 2386 4092 6457 9509 3168 4950 4643 726 4894 6872 5330 1252 6018 1733 3724 3273 2337 7219 8331 4335 806 2600 3096 5501 3756 5089 3721 4044 2805 5793 2052 4391 1652 3485 3503 9466 4179 9334 1358 4192 8862 4227 7109 3989 2561 9016 2018 0 9978 7550 1777 607 1630 5169 6570 3857 7369 4893 3901 5342 6613 4307 5591 3805 7320 8539 1929 3143 6659 5687 6952 696 1375 2157 7760 2982 8254 2514 2202 795 3791 1726 3969 6649 2107 1098 6733 5224 5292 7381 8459 4533 2952 8252 2158 2130 1928 5595 3436 4790 4312 655 7380 4244 9091 8892 8325 4490 6706 4970 5727 3834 2827 8636 3637 8513 6584
8357 11562 1067 9484 9179 9623 9341 5053 9642 9231 2614 4249 9230 9056 4672 7510 6315 1840 7862 8703 12101 8786 5862 4567 9282 8925 3462 2376 10721 2101 1166 4019 3687 11450 8165 12153 6259 1395 7032 8169 12092 5269 10708 5632 5688 5209 9167 9381 7554 6088 10881 5428 7514 9266 9629 11927 5667 469 11964 5060 8136 10703 5463 3155 4794 9026 3970 10489 8466 7059 10332 6469 3121 6401 9845 7988 6993 5052 10454 6947 6454 8164 10483 6365 9163 12739 10132 10420 11896 735 7783 9309 10538 7104 3126 8146 7083 7290 10165 1111 8499 9978 0 3263 8219 10169 8375 9838 3491 10849 2705 5230 8539 8085 4122 6358 4434 7535 7134 7304 8125 8837 4011 5608 3611 9502 11282 8148 9714 11216 1843 7879 10829 9535 12401 8404 6032 3475 11694 9414 9139 9306 8588 8158 5676 11965 8621 4750 11023 9306 10461 5977 7763 9557 12827 9919 7303 9143 9366 2242 5714 9552 3428 9638 8777 10629 11364 3533 9580 2492 3859
8483 9842 2868 6226 7246 6936 6884 4620 6483 9499 2031 5119 6477 6327 2809 4288 4511 3177 7983 6051 10436 8833 3444 3768 6037 9675 4588 4187 8066 3721 3789 1134 2655 10170 5528 10284 3600 3410 7177 8676 9933 6321 8234 5138 5516 6100 9828 6310 5373 4020 8849 2165 7617 6052 7885 10362 5626 2903 10085 2801 7238 8255 2665 2387 2292 6423 2106 8475 7202 5300 8516 6798 4330 3435 7630 5196 4456 2092 9056 6227 4679 5020 8788 5980 7311 11067 8137 8942 10147 2540 4640 10023 7820 4025 4736 7079 7301 4231 8435 2942 6544 7550 3263 0 5938 7881 6098 8986 1483 9422 1267 3701 7343 4829 3925 5056 2231 4485 7438 8099 5937 5802 3814 2403 3559 7226 8920 6149 9785 9452 2641 5987 8900 6958 10617 5844 3696 1284 9509 7263 8939 8540 5334 8350 6699 10533 7066 5785 9043 6435 8508 5442 4769 8611 11102 7336 7613 5957 9981 3973 6665 8504 1233 8745 8253 9230 9521 4938 8242 3864 981
6237 4122 7244 5350 1562 1897 1199 4326 4105 7132 5606 6235 1860 1691 3548 4123 2054 6773 5954 1277 4732 6300 2500 4110 4925 8128 6506 7237 2734 6993 7920 4804 4591 4954 1164 4427 2417 7341 5624 7046 3996 6824 2515 4135 4672 6499 8072 3373 685 2132 2940 5021 5740 4456 2362 4764 4900 7750 4228 3234 3647 2498 3348 5100 3664 1269 4276 2588 2870 1621 2801 5808 6584 3030 1692 1761 1556 3974 3842 3729 1974 3505 3190 4332 1744 5325 2278 3626 4383 7726 3474 8307 2700 3183 7122 3234 5808 3034 2837 7245 1050 1777 8219 5938 0 1968 161 4731 4853 4104 5645 3119 3077 4755 4869 2672 3875 2945 6023 7227 277 2959 4909 4357 5189 1301 3065 811 6970 3714 6481 1087 3051 1565 4805 895 2265 4949 3574 1341 5908 4596 4874 6282 6927 5075 2184 6622 3156 2345 2662 4040 2645 4303 5317 1898 6113 4118 8096 7122 6798 4042 5007 4489 4887 3983 3709 6915 3328 6746 4959
6927 2748 9179 6093 1473 1792 1120 5969 4595 7652 7555 7861 2226 2213 5503 5456 3904 8671 6773 2162 3311 6863 4458 5915 5691 8849 8235 9061 1626 8853 9821 6748 6513 4074 2539 2772 4306 9244 6668 7855 2072 8264 887 5653 6111 7952 8723 3883 2616 4083 1296 6780 6651 5171 1899 3486 6324 9700 2587 5202 4306 800 5251 7032 5623 1783 6240 1129 3375 3271 1756 6999 8353 4771 398 3100 3436 5869 3193 4876 3789 4616 2222 5614 1685 3802 1082 2920 2904 9689 4732 8950 1875 4696 8871 3901 6841 4500 2001 9175 1876 607 10169 7881 1968 0 1808 4674 6821 3273 7613 5000 3535 5918 6640 4259 5843 4330 7047 8263 2044 3737 6696 6127 7011 669 1126 2118 7318 2375 8407 2456 1595 1382 3209 2159 4230 6916 1643 851 6310 4771 5883 7034 8293 3927 2622 8153 1558 2733 1329 5472 3966 4313 3732 1257 7095 4847 8698 8963 8156 4011 6974 4488 5321 3261 2224 8620 3150 8579 6905
6259 3983 7398 5401 1448 1823 1073 4441 4126 7142 5762 6352 1828 1668 3704 4225 2191 6921 5987 1275 4593 6311 2660 4245 4976 8158 6634 7377 2615 7137 8070 4964 4742 4847 1230 4276 2571 7491 5678 7081 3835 6921 2368 4234 4764 6597 8095 3389 832 2288 2786 5165 5781 4500 2253 4633 4991 7906 4078 3394 3652 2348 3504 5253 3825 1217 4435 2437 2850 1721 2669 5877 6717 3169 1532 1840 1707 4130 3743 3784 2104 3581 3065 4406 1642 5182 2132 3522 4240 7884 3564 8330 2598 3298 7253 3235 5861 3143 2715 7398 991 1630 8375 6098 161 1808 0 4682 5013 3995 5805 3263 3056 4842 5001 2773 4035 3045 6076 7284 337 2996 5042 4502 5327 1140 2908 810 6964 3576 6633 1121 2903 1466 4658 922 2425 5109 3413 1187 5903 4565 4948 6310 7016 4953 2143 6728 3004 2331 2516 4129 2735 4256 5171 1784 6162 4161 8116 7264 6887 3989 5167 4443 4880 3881 3564 7041 3257 6886 5119
2868 3183 8778 10080 3443 6154 5210 4792 8785 3235 7601 5997 6377 6256 6193 8727 4677 8007 3002 5926 3355 2602 6102 5424 9656 4593 6707 7848 6300 7888 9013 8018 6532 1991 5895 3971 6445 8527 3442 3848 4893 5681 5524 4209 4196 5477 4384 8042 4682 5301 3922 9009 3116 9182 2783 2978 4271 9427 3888 6372 1760 5420 7109 7007 6934 5747 6882 3750 1970 4023 3049 4036 6985 7297 4366 6478 5848 7650 1741 2902 4519 8216 2682 3494 3194 3829 3624 1977 3459 9668 8142 4586 6524 7715 7307 1921 3531 7614 2744 8728 3691 5169 9838 8986 4731 4674 4682 0 7526 1975 8087 5288 1776 9421 5722 3937 6807 7581 3656 4637 4484 7676 5837 8390 6236 4565 5277 3945 2751 3150 8039 3794 3552 5689 3882 5604 5838 7712 4787 4131 1905 555 9584 3069 5485 2694 2550 5887 3788 6921 3534 3863 7324 432 4025 5775 3594 8844 4301 7863 5352 697 7767 255 1296 1803 3470 6907 1531 7503 8112
7025 8560 2676 6400 6014 6143 5918 3161 6295 8046 1125 3911 5741 5569 1419 4333 3178 2571 6528 5224 9142 7366 2402 2296 6126 8287 3524 3468 7250 3038 3542 927 1220 8779 4686 9056 2769 3016 5733 7261 8823 5086 7288 3663 4064 4833 8423 5958 4224 2780 7674 2685 6163 6014 6593 9038 4188 3034 8859 1622 5772 7293 2003 1122 1303 5558 657 7289 5784 3972 7254 5387 3337 2975 6529 4498 3524 1715 7681 4746 3340 4826 7490 4504 6049 9779 6940 7585 8877 2913 4455 8626 7056 3732 3834 5630 5865 3894 7144 2711 5311 6570 3491 1483 4853 6821 5013 7526 0 8057 802 2264 5914 5027 2542 3613 979 4127 6012 6745 4802 5399 2441 2530 2259 6154 7909 4928 8315 8181 2079 4720 7683 6077 9361 4942 2601 207 8408 6127 7458 7071 5505 6899 5438 9177 5709 4577 7848 5818 7298 3963 4319 7159 9830 6461 6184 5842 8568 3269 5388 7064 251 7287 6771 7857 8278 3930 6848 3035 878
4816 1208 9784 9224 2548 4998 4122 5871 7787 5204 8394 7414 5345 5273 6643 8219 4911 9082 4889 5051 1446 4573 6149 6285 8806 6568 8038 9113 4842 9067 10172 8348 7276 854 5196 1996 6316 9639 5186 5802 2974 7322 4005 5336 5513 7076 6356 7052 4346 5437 2202 8980 4941 8299 1742 1137 5648 10406 1915 6640 2918 3894 7146 7797 7185 4768 7402 2172 2384 4126 1521 5726 8272 7063 3082 5817 5546 7751 397 4069 4744 7532 1052 4819 2361 2014 2207 491 1489 10561 7548 6554 5133 7285 8674 2766 5307 7137 1332 9749 3119 3857 10849 9422 4104 3273 3995 1975 8057 0 8737 5816 2331 8817 6775 4527 7192 7040 5463 6534 3933 6802 6876 8323 7268 3421 3574 3495 4686 1225 9007 3530 1814 4543 1939 4836 5874 8217 2932 3039 3881 2384 8881 5003 7188 1124 2357 7435 2004 5888 1955 5017 6722 1853 2172 4511 5430 7964 6266 9088 7049 1641 8276 1937 3156 229 1545 8309 1272 8707 8471
7337 9288 1964 6993 6769 6943 6719 3504 6997 8337 763 3853 6537 6366 2154 4951 3908 2035 6832 6025 9862 7705 3204 2705 6746 8449 3326 3016 8052 2557 2868 1406 1568 9434 5487 9804 3563 2388 6010 7472 9603 5056 8089 4056 4373 4839 8613 6697 5008 3553 8442 3081 6464 6673 7322 9743 4461 2255 9609 2420 6328 8093 2760 1182 2097 6360 1386 8054 6422 4697 7994 5598 3078 3711 7315 5287 4326 2386 8354 5240 4066 5520 8213 4897 6793 10500 7703 8272 9609 2111 5142 8803 7855 4439 3508 6223 6124 4614 7871 2012 6068 7369 2705 1267 5645 7613 5805 8087 802 8737 0 2921 6539 5601 2729 4237 1778 4855 6250 6860 5586 6146 2612 3076 2324 6944 8705 5691 8662 8914 1500 5468 8439 6880 10098 5744 3400 770 9191 6907 7863 7609 6092 7190 5436 9860 6403 4519 8609 6601 8056 4381 5068 7738 10559 7264 6426 6522 8772 2805 5405 7665 726 7857 7249 8531 9022 3686 7507 2649 1271
5181 6392 4206 6603 3949 4817 4307 1676 5959 6216 2645 3387 4556 4365 910 4651 1097 3671 4723 3937 6956 5456 1547 1073 6233 6732 3488 4126 5808 3874 4822 2747 1543 6521 3448 6944 2160 4244 4033 5634 6868 4268 5631 1895 2459 3948 6801 5401 2433 1111 5651 4013 4382 5943 4433 6826 2662 4765 6752 1260 3550 5609 2244 2076 1767 4163 1609 5259 3521 1830 5123 3880 3518 2946 4654 3567 2369 2601 5434 2631 1227 4687 5313 2621 3939 7596 4902 5351 6718 4832 4404 7024 5711 3695 4070 3378 4197 3740 4979 4195 3270 4893 5230 3701 3119 5000 3263 5288 2264 5816 2921 0 3651 5437 1849 1355 1537 3877 4385 5378 2973 4830 1860 3506 2091 4344 6125 2928 6369 6028 3425 2650 5604 4604 7215 3552 1467 2439 6476 4210 5424 4856 5808 5104 4498 6938 3485 3915 5794 4831 5232 2077 3870 4910 7664 4970 4539 5673 6908 4005 4398 4805 2496 5045 4634 5610 6157 3919 4592 3632 2830
3394 3247 7472 8404 2091 4708 3772 3540 7180 4168 6134 5127 4845 4702 4534 6973 2930 6758 3246 4329 3692 3356 4337 3989 7981 5318 5722 6784 5086 6735 7842 6331 5027 2920 4225 3981 4670 7311 3241 4321 4476 5166 4422 3007 3219 4892 5204 6445 2939 3543 3257 7247 3152 7524 1770 3449 3374 8101 3827 4654 795 4334 5348 5535 5215 4212 5260 2943 208 2249 2384 3676 5948 5522 3160 4781 4082 5902 1934 1770 2768 6503 2275 2548 1858 4308 2676 1950 3587 8279 6407 5433 5238 5954 6363 467 3399 5860 2091 7434 2092 3901 8539 7343 3077 3535 3056 1776 5914 2331 6539 3651 0 7680 4447 2304 5130 5839 3594 4788 2813 6035 4550 6622 4944 3224 4415 2268 3926 2999 6700 2064 2987 4260 4096 3970 4071 6090 4226 2803 2872 1532 7866 3499 5094 3433 962 5209 3242 5371 2776 2694 5599 1351 4436 4426 3617 7188 5192 6758 4953 1179 6147 1520 1849 2105 3252 6010 1063 6376 6435
10360 8615 7546 1400 6276 4210 4830 7104 2076 11361 6149 8588 3715 3707 4907 786 5201 7588 9960 3808 9203 10543 3911 6351 1232 12076 8402 8493 5106 8065 8464 4197 5857 9670 3623 8687 3330 7987 9374 10963 7799 9623 5719 7307 7886 9317 12106 2374 4742 4616 7206 2673 9656 1414 7083 9326 8094 7702 8505 4308 8069 5799 3317 6054 4058 4151 5002 6964 7475 5562 7397 9296 8276 2491 5913 3004 3633 3335 8582 7661 5299 1304 7836 7930 6482 9718 6757 8353 8807 7368 1283 12336 4740 1797 8806 7706 9549 1839 7504 7602 5799 5342 8085 4829 4755 5918 4842 9421 5027 8817 5601 5437 7680 0 7004 6208 4537 1841 9751 10802 4972 2241 6955 2525 6965 5499 6524 5493 11354 8218 7074 5627 7458 4547 9127 3981 4068 4924 7396 5815 10310 9208 505 10333 9893 9706 6885 9201 7465 3285 7116 7428 2110 8988 9650 4779 9890 1503 12185 8296 9803 8747 4944 9170 9338 8715 8117 8834 8076 8048 4330
4619 7576 3058 8263 5410 6641 6068 932 7750 5611 2052 1594 6399 6207 2099 6233 2819 2313 4112 5775 8084 4999 3289 778 7918 5755 1647 2442 7596 2312 3400 3413 1330 7342 5294 8226 3899 2864 3284 4752 8355 2644 7345 1514 1681 2357 5903 7222 4193 2960 7096 5081 3744 7674 5714 7877 1743 3705 8046 2707 4014 7311 3688 1549 2974 5983 2164 6706 4394 3369 6429 2875 1718 4571 6267 5409 4214 3798 6378 2826 2897 6413 6514 2292 5338 8715 6353 6367 7916 3958 6099 6100 7522 5362 2253 4038 3396 5443 6222 3012 4801 6613 4122 3925 4869 6640 5001 5722 2542 6775 2729 1849 4447 7004 0 2438 2522 5611 3522 4203 4686 6647 122 4745 514 6011 7761 4522 5956 7258 2319 4192 6976 6401 8428 5382 3272 2744 7993 5808 5212 5197 7422 4466 2958 7880 4654 2197 7196 6680 6637 1860 5650 5435 8821 6756 3698 7424 6056 2371 2890 5432 2776 5519 4713 6551 7444 2072 5503 1982 3402
4156 5206 5301 7213 2975 4559 3837 1711 6307 5169 3866 3611 4440 4252 2256 5435 1009 4654 3753 3807 5743 4364 2393 1806 6811 5887 3985 4879 5380 4732 5786 4083 2749 5200 3434 5821 2901 5226 3210 4772 5918 4152 5018 1462 2010 3827 5902 5652 2074 1608 4658 5203 3455 6442 3296 5578 2239 5906 5636 2474 2213 4972 3328 3270 3028 3911 2961 4269 2185 1052 4009 3256 4124 3782 3874 3772 2678 3801 4138 1464 931 5243 4130 1789 2900 6382 3916 4079 5542 6038 5033 6134 5370 4411 4626 2023 3392 4392 3820 5274 2391 4307 6358 5056 2672 4259 2773 3937 3613 4527 4237 1355 2304 6208 2438 0 2871 4461 3602 4742 2438 5122 2513 4632 2872 3661 5368 2156 5227 4867 4516 1806 4545 4236 6049 3387 2178 3792 5558 3413 4226 3518 6508 4125 4266 5651 2264 3957 4761 4839 4201 1395 4343 3556 6469 4555 3726 6135 5977 4807 4141 3451 3849 3693 3360 4315 5034 4362 3278 4417 4175
6632 7639 3555 5850 5068 5189 4941 2863 5558 7666 1906 4074 4803 4627 630 3786 2282 3303 6154 4268 8227 6933 1431 1998 5536 8064 3868 4078 6289 3696 4366 1213 1322 7939 3730 8112 1852 3810 5411 6993 7850 5166 6311 3261 3756 4877 8165 5153 3252 1825 6713 2612 5801 5359 5675 8141 3922 3970 7914 642 5080 6315 1257 1598 483 4594 516 6330 4983 3073 6322 5159 3757 2231 5554 3584 2560 1276 6824 4158 2448 4123 6576 4063 5115 8861 5984 6712 7950 3882 3771 8380 6105 3027 4299 4889 5561 3156 6226 3577 4363 5591 4434 2231 3875 5843 4035 6807 979 7192 1778 1537 5130 4537 2522 2871 0 3368 5732 6605 3829 4582 2456 2225 2430 5176 6930 3975 7862 7254 2873 3786 6734 5108 8428 3974 1622 1080 7435 5156 6940 6386 4980 6534 5474 8304 4835 4708 6892 4914 6346 3509 3509 6420 8904 5492 5896 5150 8290 3900 5400 6299 1139 6561 6169 6998 7339 4302 6013 3602 1306
8586 6932 6799 2759 4492 2817 3211 5548 2190 9574 5219 7201 2299 2217 3552 1179 3454 6652 8205 2169 7533 8750 2337 4888 2370 10348 7144 7445 3889 7062 7667 3523 4644 7892 1863 7088 1721 7132 7663 9233 6332 8142 4319 5669 6258 7824 10360 1846 2901 2919 5579 2718 7915 2068 5298 7621 6477 7100 6897 2943 6240 4379 2136 4966 2900 2555 3881 5299 5634 3743 5666 7639 7076 1153 4258 1249 1817 2484 6787 5891 3535 810 6088 6224 4687 8082 5057 6567 7151 6875 579 10592 3572 472 7629 5872 7842 254 5746 6837 3979 3805 7535 4485 2945 4330 3045 7581 4127 7040 4855 3877 5839 1841 5611 4461 3368 0 8049 9146 3148 1318 5584 2169 5674 3826 5110 3661 9541 6528 6191 3786 5792 3037 7511 2243 2422 4093 5911 4094 8491 7367 2062 8572 8374 7972 5049 7769 5830 2069 5430 5750 372 7148 8035 3346 8179 1814 10428 7268 8272 6909 4132 7330 7511 6926 6460 7584 6250 6966 3688
1236 6605 6166 10806 5574 7893 7033 2879 9896 2122 5553 2894 7879 7702 5146 8968 4598 5343 780 7268 6907 1680 5848 3759 10408 2347 3685 4838 8496 5036 6103 6814 4795 5643 6966 7389 6420 5740 400 1261 8043 2161 7923 2496 1976 2053 2433 9224 5554 5142 6846 8336 542 10044 5364 6564 1827 6811 7264 5632 2800 7845 6629 5071 6087 7290 5523 6536 3715 4503 5959 673 4020 7274 6655 7356 6280 6944 5122 2295 4533 8839 5781 1825 5371 7437 6263 5264 6924 7190 8615 2649 8582 7963 4155 3170 216 7964 5655 6093 5322 7320 7134 7438 6023 7047 6076 3656 6012 5463 6250 4385 3594 9751 3522 3602 5732 8049 0 1219 5752 8708 3638 7875 3948 6624 7994 5296 2582 6446 5580 4958 6559 7497 7398 6853 5683 6218 7812 6244 2185 3134 10078 1026 1884 6336 4431 2523 6815 8333 6368 2326 7944 3630 7617 7745 177 9736 2563 4924 1764 3822 6256 3589 2362 5248 6735 3723 4429 4642 6834
1822 7705 6432 11905 6790 9104 8249 3757 11049 2192 6119 3132 9078 8900 6057 10016 5718 5626 1645 8463 7964 2214 6891 4607 11514 1632 3877 4932 9716 5225 6192 7604 5530 6622 8145 8495 7481 5926 1611 1032 9206 2036 9140 3495 2919 2118 1863 10390 6739 6227 8028 9215 1641 11167 6557 7603 2719 7044 8380 6589 3994 9061 7601 5713 7000 8495 6329 7728 4918 5684 7134 1508 4218 8312 7872 8513 7408 7857 6214 3500 5667 9946 6932 2954 6584 8464 7463 6377 8013 7480 9704 2011 9800 9031 4190 4376 1431 9046 6825 6349 6540 8539 7304 8099 7227 8263 7284 4637 6745 6534 6860 5378 4788 10802 4203 4742 6605 9146 1219 0 6958 9864 4305 8802 4541 7843 9198 6509 2847 7573 5959 6169 7730 8711 8472 8046 6747 6947 8990 7463 2896 4157 11151 1595 1633 7330 5644 2558 7986 9523 7554 3397 9063 4681 8655 8963 1172 10866 2064 5063 1591 4904 6978 4613 3380 6327 7870 3773 5573 4855 7602
5961 4023 7136 5602 1420 2155 1402 4111 4374 6857 5511 6022 2135 1967 3462 4322 1888 6641 5678 1553 4633 6024 2493 3936 5177 7852 6315 7074 2946 6843 7791 4806 4472 4778 1415 4373 2479 7212 5354 6770 4022 6585 2665 3899 4428 6261 7795 3645 577 2042 2913 5118 5465 4714 2199 4642 4654 7656 4174 3192 3372 2638 3390 4989 3650 1537 4207 2545 2605 1386 2690 5545 6403 3149 1729 1995 1644 4016 3656 3459 1792 3738 3055 4072 1575 5237 2217 3450 4297 7650 3689 8030 2934 3360 6937 2961 5537 3221 2697 7133 831 1929 8125 5937 277 2044 337 4484 4802 3933 5586 2973 2813 4972 4686 2438 3829 3148 5752 6958 0 3222 4731 4454 5023 1379 3162 545 6698 3618 6366 810 2989 1802 4736 1167 2243 4907 3606 1330 5635 4336 5107 6005 6680 4932 1934 6394 3114 2622 2597 3792 2862 4054 5241 2118 5840 4377 7820 6965 6550 3798 4966 4240 4615 3802 3636 6719 3105 6585 4956
9088 6472 8075 2428 4324 1982 2699 6448 1189 10026 6469 8215 1511 1541 4673 1987 4169 7885 8757 1768 7045 9192 3373 5890 2007 10932 8238 8633 2877 8269 8928 4835 5805 7648 1818 6487 2790 8383 8312 9827 5563 9068 3480 6473 7060 8743 10907 578 3210 3761 5032 3968 8503 1512 5113 7200 7287 8397 6310 4086 6570 3563 3396 6171 4135 2036 5098 4824 5828 4224 5323 8376 8202 2436 3783 1352 2497 3792 6612 6453 4203 1019 5779 6910 4555 7534 4654 6364 6641 8185 1307 11142 2517 1780 8760 6167 8495 1571 5471 8109 3986 3143 8837 5802 2959 3737 2996 7676 5399 6802 6146 4830 6035 2241 6647 5122 4582 1318 8708 9864 3222 0 6636 3464 6774 3396 4285 3767 9905 6086 7442 3999 5312 2354 6934 2073 3376 5379 5164 3762 8842 7555 2149 9107 9261 7611 5138 8741 5294 1045 4994 6493 1080 7252 7453 2553 8822 1172 10951 8465 9149 6982 5421 7438 7827 6727 5957 8678 6226 8145 5001
4739 7667 2946 8222 5480 6666 6107 1046 7731 5730 1931 1634 6416 6224 2056 6186 2856 2208 4232 5794 8178 5120 3271 802 7881 5863 1628 2373 7631 2225 3304 3320 1236 7449 5308 8312 3877 2763 3403 4865 8427 2714 7392 1630 1803 2434 6014 7212 4230 2971 7170 5000 3864 7644 5797 7975 1863 3591 8131 2667 4125 7360 3638 1434 2914 6009 2083 6780 4493 3426 6512 2988 1675 4532 6325 5409 4216 3730 6478 2939 2939 6384 6602 2413 5412 8810 6426 6464 8007 3840 6065 6210 7551 5326 2219 4144 3513 5412 6308 2901 4864 6659 4011 3814 4909 6696 5042 5837 2441 6876 2612 1860 4550 6955 122 2513 2456 5584 3638 4305 4731 6636 0 4675 400 6063 7819 4579 6077 7347 2202 4252 7055 6433 8518 5404 3264 2643 8062 5867 5334 5314 7377 4585 3036 7982 4741 2254 7273 6688 6714 1976 5631 5548 8915 6791 3814 7397 6168 2294 2973 5542 2673 5633 4834 6652 7529 2060 5603 1905 3306
8683 8474 5025 3918 5871 4864 5035 5046 4081 9716 3641 6278 4364 4245 2745 1902 3734 5071 8228 4065 9084 8943 2290 4203 3684 10220 5998 5996 5978 5559 5940 1673 3488 9145 3603 8771 2008 5462 7532 9130 8194 7388 6296 5379 5914 7102 10300 3940 3982 3098 7267 664 7889 3660 6626 9095 6096 5207 8574 2248 6781 6339 1305 3603 1803 4461 2614 6933 6439 4374 7144 7334 5840 1356 5959 3125 2810 950 8005 6067 3883 2625 7503 6127 6005 9681 6633 7832 8739 4906 2247 10521 5687 1697 6353 6501 7693 1918 7144 5080 5221 5687 5608 2403 4357 6127 4502 8390 2530 8323 3076 3506 6622 2525 4745 4632 2225 2169 7875 8802 4454 3464 4675 0 4614 5526 7051 4834 9838 8067 4553 4802 7404 4989 9159 3973 2552 2411 7765 5680 8855 8052 3017 8609 7699 9366 6058 6922 7496 4216 7017 5582 2499 7971 9672 5341 8032 3555 10412 5795 7626 7790 2427 8135 7985 8166 8065 6419 7308 5564 1806
5077 8048 2546 8262 5826 6907 6385 1445 7843 6055 1606 1669 6635 6444 2122 6207 3137 1814 4569 6021 8563 5467 3400 1097 7933 6125 1470 2052 7896 1862 2922 3169 1126 7846 5522 8685 3992 2374 3734 5155 8775 2828 7688 2028 2173 2575 6290 7351 4506 3187 7522 4891 4202 7720 6165 8365 2213 3192 8503 2733 4525 7659 3659 1176 2907 6254 2000 7131 4885 3749 6880 3286 1440 4589 6647 5584 4402 3683 6871 3339 3233 6465 6980 2801 5767 9197 6776 6854 8387 3446 6133 6480 7802 5389 1998 4541 3834 5490 6682 2501 5197 6952 3611 3559 5189 7011 5327 6236 2259 7268 2324 2091 4944 6965 514 2872 2430 5674 3948 4541 5023 6774 400 4614 0 6371 8136 4899 6423 7723 1805 4581 7417 6693 8898 5641 3424 2452 8404 6191 5703 5711 7402 4915 3180 8377 5116 2327 7631 6882 7071 2374 5746 5947 9299 7057 4124 7486 6452 1953 3132 5941 2475 6032 5224 7045 7900 1911 5996 1567 3136
6604 3118 8515 5808 1147 1607 702 5369 4368 7389 6888 7272 1924 1858 4835 4981 3251 8014 6409 1691 3713 6579 3795 5277 5394 8529 7620 8422 1879 8205 9165 6092 5851 4261 1982 3275 3665 8587 6236 7502 2710 7727 1361 5083 5564 7410 8424 3632 1948 3416 1762 6184 6258 4883 1812 3828 5782 9033 3082 4534 3956 1311 4607 6368 4961 1363 5572 1474 3042 2648 1927 6526 7728 4172 437 2578 2793 5229 3264 4396 3141 4196 2386 5106 1394 4256 1262 3004 3326 9020 4270 8655 2015 4161 8252 3538 6413 3975 2090 8512 1329 696 9502 7226 1301 669 1140 4565 6154 3421 6944 4344 3224 5499 6011 3661 5176 3826 6624 7843 1379 3396 6063 5526 6371 0 1783 1505 7108 2719 7745 1856 1968 1141 3690 1596 3565 6249 2284 435 6073 4585 5511 6693 7777 4220 2268 7590 2007 2468 1618 4922 3473 4173 4212 1217 6684 4549 8415 8320 7642 3877 6308 4356 5060 3364 2635 8011 3039 7938 6248
7760 2692 10298 6473 2479 2326 2040 7076 4925 8404 8668 8959 2839 2896 6612 6164 5030 9795 7655 2990 3128 7649 5526 7040 6100 9663 9350 10185 1540 9979 10946 7790 7634 4257 3454 2391 5324 10369 7626 8716 1287 9319 805 6741 7179 9012 9511 4287 3729 5194 1378 7690 7566 5581 2661 3417 7387 10812 2255 6288 5207 733 6267 8151 6687 2593 7340 1536 4281 4393 2228 7996 9473 5702 1495 3943 4464 6875 3618 5894 4915 5254 2616 6652 2647 3464 1744 3350 2716 10791 5434 9732 1912 5519 9988 4824 7792 5309 2538 10295 2977 1375 11282 8920 3065 1126 2908 5277 7909 3574 8705 6125 4415 6524 7761 5368 6930 5110 7994 9198 3162 4285 7819 7051 8136 1783 0 3240 8005 2427 9528 3572 1766 2079 2848 3100 5310 7996 925 1956 7046 5471 6410 7888 9329 3923 3574 9231 1573 3240 1746 6544 4738 4969 3332 1769 8027 5283 9467 10088 9190 4670 8054 5128 6101 3634 2159 9730 3824 9704 7951
5450 3708 7133 6145 1097 2600 1751 3865 4916 6332 5543 5768 2638 2478 3539 4827 1834 6587 5184 2080 4311 5501 2738 3802 5721 7352 6120 6947 3270 6748 7737 5030 4465 4329 1959 4138 2830 7162 4899 6279 3944 6250 2862 3588 4085 5930 7286 4184 852 2151 2752 5494 4985 5258 1796 4282 4307 7680 3940 3358 2842 2816 3697 4993 3859 2020 4305 2364 2061 1153 2373 5127 6235 3569 1747 2532 2053 4317 3194 3013 1701 4272 2687 3671 1184 4933 2012 3006 4004 7713 4211 7521 3308 3845 6754 2427 5081 3719 2327 7123 398 2157 8148 6149 811 2118 810 3945 4928 3495 5691 2928 2268 5493 4522 2156 3975 3661 5296 6509 545 3767 4579 4834 4899 1505 3240 0 6161 3311 6352 358 2758 2203 4468 1706 2470 5052 3549 1292 5099 3791 5641 5503 6319 4533 1397 6095 2920 3141 2371 3443 3387 3515 4957 2474 5376 4921 7306 6852 6186 3262 5112 3700 4077 3348 3372 6508 2593 6467 5171
1360 5886 8736 12216 5961 8630 7690 5168 11070 696 8008 5476 8769 8622 7238 10601 6200 7913 1864 8239 5964 957 7620 6019 11797 2045 6267 7418 8927 7617 8684 9029 7135 4461 8087 6658 8107 8320 2704 1816 7639 4650 8192 4652 4288 4599 1766 10343 6718 6826 6664 10377 2226 11365 5423 5559 4214 9384 6595 7617 3335 8092 8539 7483 8136 8136 7755 6470 4126 5798 5779 3245 6602 8992 6977 8602 7726 8963 4488 3773 6081 10269 5429 3817 5715 6335 6311 4728 6134 9751 10119 1928 9115 9567 6724 3738 2635 9515 5467 8665 6016 7760 9714 9785 6970 7318 6964 2751 8315 4686 8662 6369 3926 11354 5956 5227 7862 9541 2582 2847 6698 9905 6077 9838 6423 7108 8005 6161 0 5889 8125 5907 6299 8178 6508 7864 7398 8520 7539 6676 1063 2549 11602 1556 4303 5165 4882 5073 6538 9291 6259 4366 9352 3036 6554 8323 2416 11034 1629 7506 4211 3336 8565 2879 2085 4535 6210 6292 4191 7223 9076
5921 408 10164 8465 2220 4166 3395 6405 6970 6383 8669 8103 4582 4546 6767 7692 5008 9519 5939 4411 1017 5714 6049 6673 8059 7728 8659 9670 3814 9570 10644 8337 7555 1830 4667 984 6095 10089 6135 6909 1753 8160 2967 5923 6200 7890 7530 6257 4131 5435 1122 8731 5947 7541 1595 1114 6365 10758 829 6652 3729 2855 6994 8087 7165 4072 7539 1262 2970 4218 938 6628 8859 6744 2308 5279 5258 7617 1411 4759 4849 6915 746 5543 2141 1623 1471 1204 696 10856 6987 7734 4139 6836 9305 3466 6273 6662 1051 10139 2914 2982 11216 9452 3714 2375 3576 3150 8181 1225 8914 6028 2999 8218 7258 4867 7254 6528 6446 7573 3618 6086 7347 8067 7723 2719 2427 3311 5889 0 9378 3468 780 3743 1187 4285 5782 8319 1715 2437 5041 3492 8220 6092 8070 1557 2608 8208 875 5102 1102 5637 6182 2953 1651 3629 6434 7214 7450 9621 7929 2692 8379 3070 4233 1354 322 8971 2022 9233 8477
6767 9721 787 8458 7364 7997 7634 3248 8368 7702 973 2829 7642 7460 2970 6400 4519 540 6261 7079 10259 7177 4246 2723 8195 7588 2135 1546 9067 1080 1493 2881 1894 9616 6546 10319 4722 942 5421 6714 10292 3997 8990 3832 3951 3848 7793 8008 5804 4353 9069 4581 5900 8093 7794 10083 3963 1401 10131 3446 6319 8978 4056 1383 3307 7375 2364 8676 6625 5244 8499 4907 1821 5038 8070 6449 5370 3791 8612 5139 4652 6902 8644 4601 7339 10897 8318 8576 10056 1647 6532 7961 8913 5806 2135 6314 5498 5963 8328 771 6693 8254 1843 2641 6481 8407 6633 8039 2079 9007 1500 3425 6700 7074 2319 4516 2873 6191 5580 5959 6366 7442 2202 4553 1805 7745 9528 6352 8125 9378 0 6071 9005 7867 10562 6749 4377 2155 9901 7631 7464 7516 7560 6586 4402 10124 6780 3447 9203 7780 8641 4178 6364 7745 10985 8247 5755 7920 7975 1332 4403 7729 2132 7833 7023 8787 9531 2403 7739 1260 2760
5151 3856 6855 6345 1305 2935 2104 3516 5164 6052 5284 5416 2944 2777 3315 4936 1572 6289 4869 2363 4449 5218 2627 3484 5922 7042 5780 6623 3627 6435 7439 4880 4193 4344 2181 4336 2796 6865 4561 5962 4223 5892 3216 3231 3727 5572 6985 4441 890 1968 3002 5456 4660 5473 1900 4388 3948 7414 4141 3186 2574 3167 3616 4724 3708 2337 4085 2610 1857 835 2536 4777 5901 3585 2077 2719 2085 4225 3204 2670 1426 4439 2804 3317 1330 5080 2253 3039 4164 7463 4349 7220 3661 3931 6416 2169 4743 3822 2448 6841 622 2514 7879 5987 1087 2456 1121 3794 4720 3530 5468 2650 2064 5627 4192 1806 3786 3786 4958 6169 810 3999 4252 4802 4581 1856 3572 358 5907 3468 6071 0 2972 2549 4643 1969 2353 4854 3837 1617 4844 3596 5802 5195 5961 4603 1285 5739 3152 3431 2593 3085 3537 3362 5119 2828 5042 5138 7011 6533 5829 3127 4914 3544 3828 3366 3557 6164 2527 6147 5016
6173 1160 9792 7686 1670 3386 2629 6169 6190 6738 8248 7950 3806 3775 6285 6949 4542 9185 6128 3656 1746 6016 5467 6340 7281 8040 8453 9412 3064 9277 10325 7774 7146 2542 3939 1386 5461 9760 6219 7150 1489 8122 2218 5732 6073 7835 7866 5478 3534 4909 389 8068 6089 6763 1288 1892 6256 10366 1187 6115 3770 2106 6379 7679 6607 3308 7054 494 2906 3774 604 6663 8628 6066 1545 4543 4607 7005 1857 4670 4392 6154 870 5458 1667 2295 773 1593 1359 10431 6238 8080 3378 6116 9101 3442 6372 5935 905 9773 2372 2202 10829 8900 3051 1595 2903 3552 7683 1814 8439 5604 2987 7458 6976 4545 6734 5792 6559 7730 2989 5312 7055 7404 7417 1968 1766 2758 6299 780 9005 2972 0 2966 1754 3553 5207 7810 1268 1729 5379 3801 7450 6323 8071 2334 2366 8117 256 4323 392 5475 5441 3278 2270 2849 6568 6437 7806 9348 7930 2988 7870 3424 4485 1868 669 8790 2186 8958 7919
7592 4124 8607 4723 2248 467 488 5888 3249 8422 6949 7795 844 844 4897 4120 3583 8200 7357 925 4693 7601 3678 5632 4316 9509 8044 8728 1206 8459 9335 5844 6002 5373 1431 4141 3369 8759 7101 8454 3298 8386 1308 5698 6230 8062 9425 2522 2215 3541 2678 5620 7174 3799 2952 4857 6456 9069 3961 4476 4946 1354 4294 6487 4802 537 5566 2483 4066 3184 3031 7326 8107 3650 1465 1869 2554 4881 4401 5216 3519 3250 3497 5862 2497 5182 2347 4139 4287 8989 3391 9658 1135 3441 8652 4524 7282 3231 3219 8616 2207 795 9535 6958 1565 1382 1466 5689 6077 4543 6880 4604 4260 4547 6401 4236 5108 3037 7497 8711 1802 2354 6433 4989 6693 1141 2079 2203 8178 3743 7867 2549 2966 0 4585 1135 3505 6138 2881 1566 7131 5680 4501 7662 8482 5283 3299 8187 2940 1360 2663 5594 2665 5289 5106 384 7574 3471 9429 8602 8352 4997 6192 5473 6109 4496 3605 8459 4169 8233 6010
6743 854 11348 9242 3371 4960 4312 7563 7709 7071 9857 9222 5425 5421 7949 8654 6191 10698 6827 5353 546 6483 7198 7854 8851 8453 9800 10829 4377 10739 11819 9497 8742 2072 5671 459 7212 11267 7113 7727 1695 9213 3567 7067 7315 8955 8224 7031 5270 6606 1932 9822 6878 8330 2782 958 7469 11944 624 7821 4778 3464 8125 9274 8327 4986 8721 2232 4092 5403 2107 7640 10010 7820 3255 6266 6360 8750 2279 5866 6033 7826 1920 6642 3313 617 2527 2170 512 12044 7935 8413 4740 7850 10445 4558 7238 7665 2238 11323 4073 3791 12401 10617 4805 3209 4658 3882 9361 1939 10098 7215 4096 9127 8428 6049 8428 7511 7398 8472 4736 6934 8518 9159 8898 3690 2848 4468 6508 1187 10562 4643 1754 4585 0 5285 6934 9497 1935 3481 5779 4319 9083 6935 9097 1434 3786 9293 1682 5910 2143 6771 7154 3791 524 4395 7367 8016 8119 10785 8957 3577 9557 3868 5094 2150 1100 10101 3061 10398 9639
7115 4689 7483 4482 2302 1267 1065 4951 3211 8020 5823 6837 1053 865 3779 3412 2597 7095 6818 420 5291 7187 2544 4605 4058 8996 7029 7658 2321 7372 8224 4723 4898 5690 386 4871 2246 7649 6454 7906 4222 7518 2390 4834 5396 7190 8947 2479 1316 2459 3358 4623 6592 3579 3108 5378 5626 7937 4677 3343 4539 2414 3181 5373 3668 626 4435 3062 3763 2371 3428 6601 7070 2617 2032 995 1419 3781 4610 4561 2565 2697 3859 5119 2520 5847 2813 4376 4912 7854 2720 9182 2173 2565 7621 4128 6638 2382 3524 7494 1913 1726 8404 5844 895 2159 922 5604 4942 4836 5744 3552 3970 3981 5382 3387 3974 2243 6853 8046 1167 2073 5404 3973 5641 1596 3100 1706 7864 4285 6749 1969 3553 1135 5285 0 2377 5003 3793 1852 6802 5485 4055 7152 7650 5737 3064 7273 3603 1480 3187 4780 1902 5179 5807 1519 6950 3240 8976 7524 7526 4911 5058 5365 5781 4739 4222 7452 4168 7161 4887
6328 6178 5106 5169 3564 3621 3320 3128 4494 7345 3446 4841 3278 3093 1414 3286 1206 4740 5911 2702 6780 6542 275 2515 4788 8011 4877 5368 4698 5049 5859 2568 2555 6672 2172 6592 738 5286 5307 6898 6256 5733 4690 3257 3844 5412 8047 3950 1677 572 5153 3177 5598 4483 4245 6736 4060 5564 6393 980 4247 4693 1286 3008 1407 3002 2061 4779 3890 1827 4844 5240 4863 1607 3954 2162 1002 1878 5534 3642 1343 3232 5146 3863 3648 7403 4442 5384 6474 5500 2965 8276 4537 2284 5421 3953 5482 2303 4787 5118 2868 3969 6032 3696 2265 4230 2425 5838 2601 5874 3400 1467 4071 4068 3272 2178 1622 2422 5683 6747 2243 3376 3264 2552 3424 3565 5310 2470 7398 5782 4377 2353 5207 3505 6934 2377 0 2687 5836 3572 6384 5505 4404 6287 5955 6955 3553 5380 5347 3473 4815 3362 2403 5420 7427 3888 5822 4208 8132 5219 5852 5242 2745 5583 5474 5701 5835 5315 4794 4872 2715
7231 8701 2708 6304 6142 6188 5993 3367 6247 8253 1230 4097 5775 5606 1574 4245 3324 2664 6735 5273 9286 7572 2474 2501 6040 8492 3691 3587 7302 3148 3593 767 1425 8945 4735 9186 2802 3083 5940 7467 8929 5277 7363 3868 4271 5027 8629 5933 4331 2901 7792 2527 6370 5945 6735 9188 4394 3025 8989 1716 5960 7370 1991 1300 1339 5614 831 7409 5957 4119 7390 5593 3494 2946 6631 4521 3583 1643 7843 4943 3488 4773 7634 4708 6184 9921 7062 7743 9015 2868 4398 8831 7098 3685 3980 5812 6071 3856 7286 2749 5438 6649 3475 1284 4949 6916 5109 7712 207 8217 770 2439 6090 4924 2744 3792 1080 4093 6218 6947 4907 5379 2643 2411 2452 6249 7996 5052 8520 8319 2155 4854 7810 6138 9497 5003 2687 0 8512 6235 7661 7261 5407 7105 5632 9335 5865 4764 7970 5833 7423 4166 4301 7342 9969 6521 6390 5782 8774 3384 5583 7243 60 7473 6969 8018 8410 4091 7015 3166 695
7441 1896 10681 7390 2583 3186 2735 7236 5843 7994 9085 9070 3687 3720 7057 7000 5382 10126 7394 3752 2257 7281 6073 7311 7012 9305 9527 10434 2465 10264 11276 8375 8013 3516 4167 1482 5945 10702 7466 8418 429 9313 1698 6842 7224 9018 9127 5195 4184 5641 970 8416 7349 6492 2473 2582 7417 11226 1365 6796 5015 1607 6889 8541 7238 3359 7809 1321 4128 4671 1856 7892 9680 6409 1883 4705 5074 7509 3059 5856 5249 6112 2120 6638 2677 2549 1656 2812 1857 11244 6270 9339 2836 6299 10173 4671 7621 6095 2168 10671 3215 2107 11694 9509 3574 1643 3413 4787 8408 2932 9191 6476 4226 7396 7993 5558 7435 5911 7812 8990 3606 5164 8062 7765 8404 2284 925 3549 7539 1715 9901 3837 1268 2881 1935 3793 5836 8512 0 2286 6637 5061 7302 7591 9282 3101 3516 9279 1015 4121 1455 6607 5541 4533 2410 2617 7825 6190 9063 10353 9141 4247 8571 4673 5753 3037 1406 9884 3454 9965 8530
6191 2843 8409 6185 716 2033 1104 5122 4768 6964 6802 7012 2321 2237 4771 5263 3113 7875 6007 2019 3449 6158 3819 5094 5768 8116 7394 8237 2285 8040 9026 6130 5739 3887 2232 3092 3758 8450 5860 7097 2697 7417 1686 4802 5261 7103 8007 4028 1904 3355 1599 6343 5866 5262 1388 3527 5475 8945 2894 4521 3547 1617 4689 6264 4979 1729 5524 1253 2626 2443 1582 6171 7518 4339 461 2847 2894 5314 2861 4043 2987 4518 2025 4772 961 4021 968 2607 3080 8958 4566 8236 2441 4399 8032 3132 6035 4225 1708 8401 1026 1098 9414 7263 1341 851 1187 4131 6127 3039 6907 4210 2803 5815 5808 3413 5156 4094 6244 7463 1330 3762 5867 5680 6191 435 1956 1292 6676 2437 7631 1617 1729 1566 3481 1852 3572 6235 2286 0 5644 4151 5853 6284 7450 3892 1855 7302 1818 2868 1349 4621 3753 3738 3998 1652 6299 4925 7994 8144 7314 3442 6294 3921 4633 2969 2396 7775 2606 7758 6282
1075 5088 8124 11157 4927 7581 6643 4361 10007 1360 7248 4979 7710 7563 6312 9561 5181 7308 1409 7177 5246 716 6614 5177 10738 2689 5758 6925 7908 7069 8171 8127 6310 3811 7024 5876 7084 7759 2149 1994 6771 4346 7191 3810 3531 4224 2492 9280 5657 5813 5732 9411 1687 10304 4426 4858 3501 8779 5792 6655 2273 7094 7552 6697 7188 7079 6872 5511 3070 4749 4833 2762 6078 7969 5960 7541 6678 8000 3630 2797 5056 9213 4517 2967 4683 5687 5328 3848 5363 9108 9069 2702 8085 8527 6279 2676 2150 8471 4517 8058 4960 6733 9139 8939 5908 6310 5903 1905 7458 3881 7863 5424 2872 10310 5212 4226 6940 8491 2185 2896 5635 8842 5334 8855 5703 6073 7046 5099 1063 5041 7464 4844 5379 7131 5779 6802 6384 7661 6637 5644 0 1579 10551 1309 4060 4526 3832 4685 5625 8231 5305 3497 8297 2104 5893 7285 2060 9973 2427 6988 3945 2391 7709 1972 1025 3704 5358 5851 3222 6672 8185
2436 3575 8249 9933 3441 6140 5194 4269 8690 2939 7103 5443 6320 6187 5765 8494 4320 7473 2513 5831 3807 2226 5762 4928 9510 4247 6155 7299 6384 7344 8469 7599 6048 2512 5750 4368 6142 7987 2904 3424 5206 5133 5643 3684 3650 4926 4066 7951 4469 4954 4152 8658 2598 9049 2874 3447 3720 8900 4269 5980 1306 5544 6759 6512 6538 5686 6434 3936 1739 3718 3254 3491 6435 7009 4435 6312 5598 7281 2091 2390 4169 8035 2941 2951 3192 4313 3764 2290 3872 9150 7937 4279 6581 7471 6754 1552 3000 7383 2939 8197 3583 5224 9306 8540 4596 4771 4565 555 7071 2384 7609 4856 1532 9208 5197 3518 6386 7367 3134 4157 4336 7555 5314 8052 5711 4585 5471 3791 2549 3492 7516 3596 3801 5680 4319 5485 5505 7261 5061 4151 1579 0 9397 2619 4944 3202 2426 5334 4048 6856 3728 3338 7131 539 4500 5802 3081 8712 4006 7316 4810 814 7315 457 780 2187 3805 6352 1648 6958 7685
10645 8610 8042 901 6357 4129 4825 7483 1730 11635 6628 9011 3658 3676 5323 1195 5499 8070 10258 3834 9188 10812 4268 6752 740 12391 8848 8967 4947 8543 8958 4687 6302 9733 3718 8636 3670 8476 9697 11277 7694 10027 5610 7659 8243 9717 12410 2159 4930 4936 7178 3178 9963 1018 7161 9333 8455 8203 8459 4717 8294 5697 3744 6517 4499 4150 5456 6959 7659 5805 7430 9644 8731 2869 5912 3114 3879 3802 8664 7948 5587 1370 7878 8254 6574 9683 6773 8427 8786 7872 1484 12642 4572 2121 9265 7920 9874 2117 7557 8097 5925 5292 8588 5334 4874 5883 4948 9584 5505 8881 6092 5808 7866 505 7422 6508 4980 2062 10078 11151 5107 2149 7377 3017 7402 5511 6410 5641 11602 8220 7560 5802 7450 4501 9083 4055 4404 5407 7302 5853 10551 9397 0 10627 10287 9732 7038 9616 7439 3183 7122 7764 2267 9153 9602 4699 10214 1196 12482 8772 10194 8903 5428 9337 9565 8790 8100 9282 8202 8517 4823
238 6193 7185 11309 5581 8087 7182 3738 10293 1149 6514 3920 8137 7972 5926 9559 5132 6362 381 7555 6417 680 6480 4612 10900 1849 4711 5863 8568 6061 7129 7662 5696 5042 7315 6985 7018 6765 1182 829 7773 3134 7921 3274 2835 3059 1800 9593 5901 5724 6646 9108 736 10505 5227 6045 2730 7832 6882 6363 2738 7833 7332 6009 6852 7523 6373 6377 3663 4889 5742 1690 5046 7893 6657 7764 6766 7700 4704 2681 5040 9340 5491 2483 5354 6897 6144 4888 6490 8205 9148 2036 8697 8536 5175 3155 1089 8513 5426 7113 5455 7381 8158 8350 6282 7034 6310 3069 6899 5003 7190 5104 3499 10333 4466 4125 6534 8572 1026 1595 6005 9107 4585 8609 4915 6693 7888 5503 1556 6092 6586 5195 6323 7662 6935 7152 6287 7105 7591 6284 1309 2619 10627 0 2814 5753 4430 3532 6577 8625 6188 3034 8429 3154 7094 7870 862 10185 1856 5950 2709 3401 7147 3067 1859 4805 6399 4743 4139 5667 7694
3048 8274 4827 11097 6851 8821 8058 2827 10420 3712 4677 1593 8703 8515 5004 9112 5116 4033 2651 8069 8631 3494 6044 3544 10730 3249 2282 3301 9589 3609 4559 6341 4265 7451 7673 9040 6658 4305 2043 2573 9558 410 9129 2818 2257 606 3495 9817 6340 5506 8314 8036 2416 10438 6810 8313 2028 5427 8898 5589 4342 9066 6597 4347 5915 8176 5119 7968 5166 5308 7468 1463 2617 7418 7895 7938 6764 6750 6823 3437 5111 9184 7363 2679 6685 9192 7659 6931 8605 5876 8901 3633 9610 8185 2557 4632 1967 8237 7183 4742 6449 8459 5676 6699 6927 8293 7016 5485 5438 7188 5436 4498 5094 9893 2958 4266 5474 8374 1884 1633 6680 9261 3036 7699 3180 7777 9329 6319 4303 8070 4402 5961 8071 8482 9097 7650 5955 5632 9282 7450 4060 4944 10287 2814 0 8127 5779 956 8323 9086 7827 2888 8352 5406 9359 8782 2001 10162 3698 3438 141 5561 5655 5390 4193 6965 8337 2143 6055 3249 6314
5545 1232 10899 10005 3516 5714 4912 6968 8520 5763 9517 8458 6116 6070 7761 9147 6022 10190 5696 5903 912 5241 7229 7404 9596 7156 9104 10195 5360 10162 11272 9451 8400 715 6112 1740 7364 10744 6095 6512 2982 8291 4514 6424 6569 8061 6910 7803 5384 6535 2677 10027 5799 9081 2741 524 6692 11524 1778 7744 3960 4403 8216 8920 8285 5583 8521 2802 3499 5233 2310 6665 9347 8080 3829 6731 6568 8827 1514 5137 5855 8408 1887 5867 3363 1171 2958 1592 1256 11683 8456 7087 5692 8249 9734 3851 6199 8088 2239 10863 4145 4533 11965 10533 5075 3927 4953 2694 9177 1124 9860 6938 3433 9706 7880 5651 8304 7972 6336 7330 4932 7611 7982 9366 8377 4220 3923 4533 5165 1557 10124 4603 2334 5283 1434 5737 6955 9335 3101 3892 4526 3202 9732 5753 8127 0 3470 8440 2423 6643 2620 6099 7639 2721 1390 5183 6281 8751 6790 10177 7991 2585 9394 2747 3977 1338 1773 9360 2385 9798 9577
4337 2942 7565 7533 1154 3749 2811 3817 6265 5129 6102 5584 3900 3762 4292 6208 2554 6912 4157 3405 3484 4314 3828 4068 7109 6262 6093 7076 4139 6965 8037 5993 4983 3126 3346 3572 4059 7482 4058 5245 3822 5799 3504 3367 3714 5502 6156 5525 2171 3091 2557 6705 4029 6639 1079 3341 3904 8167 3393 4286 1693 3422 4837 5512 4834 3266 5054 2196 774 1771 1789 4423 6278 4865 2236 3928 3369 5429 1995 2344 2387 5668 1866 3123 940 4124 1880 1878 3278 8285 5604 6387 4281 5211 6741 1281 4227 5096 1568 7539 1157 2952 8621 7066 2184 2622 2143 2550 5709 2357 6403 3485 962 6885 4654 2264 4835 5049 4431 5644 1934 5138 4741 6058 5116 2268 3574 1397 4882 2608 6780 1285 2366 3299 3786 3064 3553 5865 3516 1855 3832 2426 7038 4430 5779 3470 0 5766 2604 4432 2073 3110 4782 2120 4206 3466 4474 6301 6149 7021 5639 1865 5924 2306 2810 2167 2791 6426 1250 6632 6116
3754 8451 3878 10450 6761 8490 7794 2325 9874 4531 3757 669 8321 8130 4294 8428 4684 3080 3298 7686 8860 4200 5433 2882 10098 4187 1327 2387 9337 2667 3655 5493 3444 7795 7250 9190 6049 3369 2548 3431 9587 550 8951 2508 2057 475 4420 9309 5992 4986 8323 7217 2998 9837 6833 8571 1862 4486 9034 4898 4521 8898 5885 3466 5168 7835 4314 7958 5244 5008 7523 1927 1664 6757 7759 7452 6259 5980 7053 3455 4709 8577 7477 2667 6622 9449 7629 7126 8789 4926 8273 4568 9322 7542 1661 4743 2535 7613 7257 3794 6280 8252 4750 5785 6622 8153 6728 5887 4577 7435 4519 3915 5209 9201 2197 3957 4708 7769 2523 2558 6394 8741 2254 6922 2327 7590 9231 6095 5073 8208 3447 5739 8117 8187 9293 7273 5380 4764 9279 7302 4685 5334 9616 3532 956 8440 5766 0 8362 8663 7838 2686 7782 5743 9599 8511 2674 9577 4616 2508 970 5855 4782 5757 4633 7207 8453 1232 6232 2300 5454
6426 1207 9989 7645 1847 3344 2638 6397 6135 6983 8435 8188 3784 3766 6456 6977 4724 9392 6384 3676 1753 6266 5603 6551 7245 8290 8683 9634 2940 9493 10534 7914 7337 2692 3989 1276 5572 9967 6475 7404 1235 8371 2093 5968 6315 8083 8114 5433 3670 5069 263 8158 6345 6725 1530 1952 6501 10559 1079 6268 4025 1981 6498 7870 6751 3316 7223 569 3158 3964 858 6917 8855 6151 1573 4584 4711 7124 2079 4918 4576 6161 1110 5705 1868 2256 908 1820 1346 10615 6260 8327 3268 6168 9331 3696 6627 5982 1161 9973 2542 2158 11023 9043 3156 1558 3004 3788 7848 2004 8609 5794 3242 7465 7196 4761 6892 5830 6815 7986 3114 5294 7273 7496 7631 2007 1573 2920 6538 875 9203 3152 256 2940 1682 3603 5347 7970 1015 1818 5625 4048 7439 6577 8323 2423 2604 8362 0 4289 563 5714 5474 3522 2205 2793 6824 6403 8052 9566 8182 3234 8030 3666 4738 2076 670 9024 2439 9177 8062
8582 5480 8467 3363 3496 950 1768 6339 1900 9473 6819 8192 549 669 4871 2975 3984 8181 8294 1070 6042 8642 3553 5904 2958 10470 8315 8840 1859 8514 9273 5388 6019 6725 1415 5460 3062 8710 7933 9383 4518 8936 2435 6268 6840 8608 10416 1165 2786 3720 4026 4786 8071 2439 4251 6215 7070 8851 5286 4339 5983 2518 3857 6444 4516 1173 5417 3843 5168 3842 4384 8071 8322 3000 2822 1331 2481 4355 5729 6041 3976 2031 4848 6590 3739 6515 3703 5471 5633 8693 2258 10652 1518 2534 8880 5566 8117 2310 4559 8490 3280 2130 9306 6435 2345 2733 2331 6921 5818 5888 6601 4831 5371 3285 6680 4839 4914 2069 8333 9523 2622 1045 6688 4216 6882 2468 3240 3141 9291 5102 7780 3431 4323 1360 5910 1480 3473 5833 4121 2868 8231 6856 3183 8625 9086 6643 4432 8663 4289 0 4024 6234 1720 6506 6427 1517 8430 2114 10441 8689 8965 6224 5881 6693 7206 5832 4956 8748 5426 8345 5557
6049 1503 9427 7385 1288 3100 2297 5845 5906 6665 7874 7649 3496 3453 5902 6592 4164 8829 5975 3309 2104 5919 5074 5989 6976 7939 8134 9077 2889 8932 9972 7383 6775 2745 3571 1778 5070 9405 6017 7017 1750 7863 2059 5425 5787 7570 7779 5185 3141 4522 486 7681 5914 6460 1018 2211 5976 9997 1579 5726 3569 1948 5987 7308 6216 2973 6670 222 2673 3402 485 6438 8302 5681 1211 4180 4217 6613 1919 4406 4016 5813 917 5190 1305 2672 384 1645 1732 10055 5885 7997 3177 5745 8781 3218 6175 5568 792 9410 1987 1928 10461 8508 2662 1329 2516 3534 7298 1955 8056 5232 2776 7116 6637 4201 6346 5430 6368 7554 2597 4994 6714 7017 7071 1618 1746 2371 6259 1102 8641 2593 392 2663 2143 3187 4815 7423 1455 1349 5305 3728 7122 6188 7827 2620 2073 7838 563 4024 0 5178 5082 3223 2655 2583 6386 6131 7729 9007 7687 2924 7482 3382 4375 1965 1049 8479 2084 8618 7528
3124 5918 4916 8509 4075 5935 5174 932 7673 4159 3807 2476 5831 5645 2895 6645 2329 4153 2653 5200 6383 3429 3523 1681 8117 4667 3031 4096 6709 4073 5192 4663 2819 5529 4828 6620 4099 4684 1961 3562 6928 2807 6282 346 642 2488 4727 7032 3465 2832 5659 6074 2308 7772 4187 6142 864 5564 6453 3334 2172 6225 4317 3232 3819 5293 3389 5288 2680 2423 4890 1892 3255 4949 5076 5148 4018 4667 4621 976 2291 6549 4893 554 3941 7001 4953 4643 6260 5813 6310 4952 6723 5646 3674 2251 2131 5654 4643 4867 3602 5595 5977 5442 4040 5472 4129 3863 3963 5017 4381 2077 2694 7428 1860 1395 3509 5750 2326 3397 3792 6493 1976 5582 2374 4922 6544 3443 4366 5637 4178 3085 5475 5594 6771 4780 3362 4166 6607 4621 3497 3338 7764 3034 2888 6099 3110 2686 5714 6234 5178 0 5667 3583 7127 5898 2473 7474 4832 4079 2759 3595 4213 3662 2884 4789 5859 3334 3756 3702 4710
8434 6585 6996 2880 4176 2446 2848 5525 2100 9409 5390 7232 1929 1845 3631 1510 3347 6810 8067 1805 7184 8581 2360 4908 2471 10223 7215 7571 3523 7201 7849 3771 4750 7575 1529 6728 1755 7305 7553 9109 5962 8136 3947 5608 6199 7814 10223 1645 2663 2856 5222 3068 7787 2105 4983 7279 6421 7321 6538 3033 6034 4007 2316 5102 3057 2188 4025 4947 5393 3563 5330 7560 7165 1363 3902 908 1667 2727 6478 5749 3412 917 5758 6123 4377 7727 4712 6253 6799 7117 829 10457 3212 817 7721 5656 7735 594 5419 7029 3689 3436 7763 4769 2645 3966 2735 7324 4319 6722 5068 3870 5599 2110 5650 4343 3509 372 7944 9063 2862 1080 5631 2499 5746 3473 4738 3387 9352 6182 6364 3537 5441 2665 7154 1902 2403 4301 5541 3753 8297 7131 2267 8429 8352 7639 4782 7782 5474 1720 5082 5667 0 6893 7677 2974 8069 1813 10284 7400 8246 6646 4343 7076 7305 6614 6108 7656 5967 7086 3938
2974 3038 8493 9653 3041 5753 4808 4504 8366 3461 7273 5808 5964 5841 5811 8295 4266 7735 3036 5505 3285 2763 5685 5097 9228 4782 6495 7622 5935 7640 8763 7630 6192 2054 5467 3831 6020 8264 3376 3962 4671 5574 5175 3926 3963 5352 4595 7623 4250 4886 3635 8593 3100 8756 2414 2935 4058 9139 3730 5973 1428 5073 6694 6676 6534 5333 6511 3434 1542 3600 2744 3945 6762 6869 3992 6047 5417 7240 1552 2610 4107 7785 2413 3256 2792 3807 3282 1752 3338 9364 7710 4806 6148 7283 7108 1533 3484 7181 2431 8446 3265 4790 9557 8611 4303 4313 4256 432 7159 1853 7738 4910 1351 8988 5435 3556 6420 7148 3630 4681 4054 7252 5548 7971 5947 4173 4969 3515 3036 2953 7745 3362 3278 5289 3791 5179 5420 7342 4533 3738 2104 539 9153 3154 5406 2721 2120 5743 3522 6506 3223 3583 6893 0 3988 5387 3587 8418 4530 7626 5269 303 7398 187 1303 1651 3266 6717 1164 7259 7726
6892 1272 11770 9753 3863 5478 4835 7942 8217 7147 10299 9557 5946 5943 8415 9178 6655 11105 7012 5877 744 6605 7693 8269 9364 8539 10157 11205 4868 11130 12219 9986 9182 2095 6194 967 7719 11671 7351 7868 2126 9494 4068 7432 7650 9246 8296 7544 5768 7086 2456 10336 7089 8843 3238 1054 7796 12373 1145 8303 5078 3967 8628 9712 8814 5510 9186 2751 4451 5863 2586 7897 10377 8336 3778 6789 6871 9253 2547 6201 6494 8348 2351 6966 3791 233 3039 2486 955 12485 8459 8475 5235 8373 10798 4890 7467 8188 2688 11742 4561 4312 12827 11102 5317 3732 5171 4025 9830 2172 10559 7664 4436 9650 8821 6469 8904 8035 7617 8655 5241 7453 8915 9672 9299 4212 3332 4957 6554 1651 10985 5119 2270 5106 524 5807 7427 9969 2410 3998 5893 4500 9602 7094 9359 1390 4206 9599 2205 6427 2655 7127 7677 3988 0 4911 7575 8530 8179 11168 9220 3803 10029 4044 5280 2397 1607 10445 3381 10782 10126
7790 3995 8989 4856 2363 571 724 6223 3343 8594 7331 8133 1072 1129 5278 4396 3937 8577 7574 1290 4543 7780 4062 5990 4460 9713 8397 9096 839 8831 9714 6224 6380 5324 1808 3944 3750 9137 7352 8670 3024 8698 973 6015 6536 8374 9617 2643 2564 3915 2530 5966 7405 3939 3003 4736 6762 9452 3772 4860 5140 1036 4672 6867 5185 913 5949 2386 4239 3504 2990 7599 8466 4009 1442 2216 2938 5255 4402 5478 3867 3496 3459 6145 2611 5002 2304 4133 4131 9373 3666 9849 837 3765 9009 4719 7532 3551 3208 8997 2427 655 9919 7336 1898 1257 1784 5775 6461 4511 7264 4970 4426 4779 6756 4555 5492 3346 7745 8963 2118 2553 6791 5341 7057 1217 1769 2474 8323 3629 8247 2828 2849 384 4395 1519 3888 6521 2617 1652 7285 5802 4699 7870 8782 5183 3466 8511 2793 1517 2583 5898 2974 5387 4911 0 7816 3621 9613 8972 8651 5090 6576 5569 6269 4484 3463 8809 4245 8601 6389
1080 6582 6339 10936 5622 7975 7107 3047 10010 1947 5729 3061 7970 7796 5307 9108 4726 5515 651 7364 6870 1526 5992 3927 10536 2195 3852 5002 8559 5204 6268 6983 4968 5584 7070 7369 6560 5909 517 1098 8048 2295 7973 2653 2142 2202 2270 9334 5656 5278 6861 8498 489 10167 5387 6522 1998 6983 7248 5788 2823 7893 6782 5246 6247 7377 5692 6558 3746 4609 5970 848 4188 7417 6704 7470 6403 7104 5096 2389 4657 8967 5779 1960 5414 7392 6291 5246 6898 7364 8747 2489 8652 8101 4313 3204 342 8098 5663 6265 5390 7380 7303 7613 6113 7095 6162 3594 6184 5430 6426 4539 3617 9890 3698 3726 5896 8179 177 1172 5840 8822 3814 8032 4124 6684 8027 5376 2416 6434 5755 5042 6568 7574 7367 6950 5822 6390 7825 6299 2060 3081 10214 862 2001 6281 4474 2674 6824 8430 6386 2473 8069 3587 7575 7816 0 9858 2395 5090 1886 3790 6429 3538 2304 5217 6727 3881 4423 4811 7004
10178 7594 8484 1260 5496 3061 3849 7334 580 11133 6956 9014 2635 2692 5364 1697 5149 8400 9829 2940 8156 10301 4143 6696 845 11996 8955 9225 3790 8830 9375 5136 6444 8808 2963 7563 3528 8857 9343 10885 6570 9940 4492 7420 8011 9620 11984 997 4319 4669 6140 3899 9561 339 6283 8328 8233 8728 7393 4753 7700 4585 3898 6744 4674 3196 5658 5954 6980 5298 6475 9366 8882 2920 4923 2434 3459 4139 7780 7514 5205 1027 6935 7921 5728 8623 5801 7530 7747 8452 1388 12219 3412 2125 9433 7303 9526 1999 6632 8529 5153 4244 9143 5957 4118 4847 4161 8844 5842 7964 6522 5673 7188 1503 7424 6135 5150 1814 9736 10866 4377 1172 7397 3555 7486 4549 5283 4921 11034 7214 7920 5138 6437 3471 8016 3240 4208 5782 6190 4925 9973 8712 1196 10185 10162 8751 6301 9577 6403 2114 6131 7474 1813 8418 8530 3621 9858 0 12037 9043 10056 8150 5814 8604 8963 7893 7071 9396 7398 8752 5290
1863 7473 8479 13165 7280 9865 8944 5441 12135 1069 8055 5164 9943 9783 7697 11410 6986 7666 2225 9373 7577 1837 8320 6321 12755 550 5926 6995 10275 7281 8256 9377 7349 6084 9152 8253 8866 7984 2882 1306 9189 4100 9583 5038 4537 4165 224 11430 7742 7573 8158 10888 2536 12357 6831 7175 4389 9098 8181 8164 4483 9489 9148 7601 8635 9322 8086 7933 5374 6739 7259 3183 6268 9737 8336 9612 8622 9489 6040 4537 6895 11196 6943 4294 7042 7961 7740 6266 7732 9524 11003 299 10430 10388 6254 4905 2728 10368 6943 8397 7226 9091 9366 9981 8096 8698 8116 4301 8568 6266 8772 6908 5192 12185 6056 5977 8290 10428 2563 2064 7820 10951 6168 10412 6452 8415 9467 7306 1629 7450 7975 7011 7806 9429 8119 8976 8132 8774 9063 7994 2427 4006 12482 1856 3698 6790 6149 4616 8052 10441 7729 4832 10284 4530 8179 9613 2395 12037 0 7124 3653 4818 8811 4392 3379 6103 7769 5836 5645 6906 9395
6156 9932 1439 9664 7773 8791 8313 3226 9458 7004 2154 2030 8486 8298 3820 7594 5077 799 5670 7888 10427 6592 5142 3050 9379 6687 1239 214 9808 253 1183 4140 2673 9606 7374 10592 5685 871 4853 5930 10721 3030 9629 3753 3668 2968 6926 9040 6437 5067 9464 5874 5332 9239 8084 10205 3601 1997 10414 4383 6242 9603 5145 2302 4371 8145 3387 9074 6722 5702 8800 4269 910 6127 8599 7366 6219 4971 8691 5049 5179 8017 8876 4373 7706 11054 8720 8698 10273 2473 7658 7070 9696 6918 916 6326 4888 7055 8589 1348 7149 8892 2242 3973 7122 8963 7264 7863 3269 9088 2805 4005 6758 8296 2371 4807 3900 7268 4924 5063 6965 8465 2294 5795 1953 8320 10088 6852 7506 9621 1332 6533 9348 8602 10785 7524 5219 3384 10353 8144 6988 7316 8772 5950 3438 10177 7021 2508 9566 8689 9007 4079 7400 7626 11168 8972 5090 9043 7124 0 3472 7663 3372 7685 6721 8862 9812 1297 7820 390 4034
2942 8134 4847 11000 6713 8693 7927 2724 10310 3630 4649 1580 8579 8391 4921 9021 4998 4048 2535 7945 8492 3389 5944 3457 10631 3217 2295 3343 9456 3636 4605 6286 4205 7316 7552 8899 6558 4336 1911 2501 9417 451 8993 2697 2131 566 3454 9704 6215 5397 8173 7972 2292 10334 6669 8174 1902 5455 8757 5503 4201 8929 6512 4304 5837 8049 5054 7828 5025 5180 7327 1326 2634 7324 7758 7823 6652 6676 6684 3298 4992 9082 7222 2542 6546 9054 7519 6791 8465 5896 8802 3599 9479 8089 2604 4491 1840 8137 7042 4763 6313 8325 5714 6665 6798 8156 6887 5352 5388 7049 5405 4398 4953 9803 2890 4141 5400 8272 1764 1591 6550 9149 2973 7626 3132 7642 9190 6186 4211 7929 4403 5829 7930 8352 8957 7526 5852 5583 9141 7314 3945 4810 10194 2709 141 7991 5639 970 8182 8965 7687 2759 8246 5269 9220 8651 1886 10056 3653 3472 0 5423 5607 5255 4061 6826 8197 2184 5914 3270 6262
3229 2801 8486 9389 2749 5461 4517 4503 8089 3750 7223 5887 5680 5559 5698 8062 4109 7741 3262 5230 3086 3038 5510 5054 8965 5060 6553 7667 5633 7666 8787 7503 6131 1954 5206 3592 5823 8278 3548 4217 4395 5711 4872 3934 4016 5477 4880 7345 4017 4719 3342 8418 3301 8489 2112 2753 4125 9127 3483 5831 1423 4770 6522 6625 6393 5050 6412 3135 1351 3416 2447 4098 6811 6663 3691 5792 5196 7079 1310 2620 3946 7533 2127 3309 2500 3632 2980 1488 3110 9336 7467 5093 5848 7056 7175 1442 3666 6949 2133 8442 2998 4490 9552 8504 4042 4011 3989 697 7064 1641 7665 4805 1179 8747 5432 3451 6299 6909 3822 4904 3798 6982 5542 7790 5941 3877 4670 3262 3336 2692 7729 3127 2988 4997 3577 4911 5242 7243 4247 3442 2391 814 8903 3401 5561 2585 1865 5855 3234 6224 2924 3595 6646 303 3803 5090 3790 8150 4818 7663 5423 0 7300 480 1542 1427 3001 6792 861 7291 7605
7274 8761 2673 6326 6202 6241 6050 3409 6282 8295 1218 4115 5826 5658 1633 4270 3384 2645 6777 5326 9345 7616 2531 2546 6065 8526 3699 3575 7355 3134 3562 771 1462 9004 4788 9245 2854 3056 5980 7504 8988 5297 7419 3914 4312 5049 8665 5973 4390 2961 7852 2528 6412 5975 6795 9248 4433 2980 9048 1775 6015 7427 2035 1316 1393 5669 888 7469 6014 4179 7450 5629 3497 2987 6690 4570 3638 1675 7902 4995 3548 4807 7694 4754 6244 9981 7122 7802 9075 2817 4431 8866 7151 3721 3979 5868 6111 3893 7346 2715 5498 6706 3428 1233 5007 6974 5167 7767 251 8276 726 2496 6147 4944 2776 3849 1139 4132 6256 6978 4966 5421 2673 2427 2475 6308 8054 5112 8565 8379 2132 4914 7870 6192 9557 5058 2745 60 8571 6294 7709 7315 5428 7147 5655 9394 5924 4782 8030 5881 7482 4213 4343 7398 10029 6576 6429 5814 8811 3372 5607 7300 0 7528 7020 8077 8470 4096 7073 3159 687
2878 3136 8577 9839 3226 5938 4993 4588 8552 3323 7379 5843 6151 6027 5949 8475 4423 7812 2969 5692 3353 2646 5847 5202 9414 4658 6541 7676 6111 7704 8829 7772 6305 2062 5652 3927 6190 8336 3352 3865 4800 5571 5347 4007 4018 5357 4464 7810 4431 5047 3786 8755 3054 8943 2591 2990 4103 9224 3834 6122 1532 5244 6855 6784 6684 5520 6642 3595 1715 3767 2900 3933 6814 7042 4170 6232 5594 7397 1661 2694 4266 7969 2556 3312 2976 3856 3451 1876 3426 9458 7892 4671 6327 7461 7148 1673 3452 7361 2590 8528 3452 4970 9638 8745 4489 4488 4443 255 7287 1937 7857 5045 1520 9170 5519 3693 6561 7330 3589 4613 4240 7438 5633 8135 6032 4356 5128 3700 2879 3070 7833 3544 3424 5473 3868 5365 5583 7473 4673 3921 1972 457 9337 3067 5390 2747 2306 5757 3666 6693 3382 3662 7076 187 4044 5569 3538 8604 4392 7685 5255 480 7528 0 1237 1746 3387 6753 1338 7321 7866
1692 4337 7731 10156 3917 6558 5621 3805 8988 2333 6691 4793 6686 6538 5540 8599 4269 6937 1734 6154 4585 1549 5715 4544 9735 3564 5531 6689 6906 6768 7890 7374 5681 3282 6009 5130 6155 7431 2151 2677 5922 4401 6205 3224 3089 4209 3412 8260 4654 4906 4821 8563 1823 9296 3455 4226 3124 8386 5024 5828 1271 6110 6680 6113 6375 6054 6157 4573 2046 3779 3916 2753 5826 7037 4962 6534 5705 7161 2847 2026 4133 8220 3642 2423 3675 5093 4367 3029 4640 8669 8087 3636 7074 7566 6109 1660 2236 7500 3599 7674 3935 5727 8777 8253 4887 5321 4880 1296 6771 3156 7249 4634 1849 9338 4713 3360 6169 7511 2362 3380 4615 7827 4834 7985 5224 5060 6101 4077 2085 4233 7023 3828 4485 6109 5094 5781 5474 6969 5753 4633 1025 780 9565 1859 4193 3977 2810 4633 4738 7206 4375 2884 7305 1303 5280 6269 2304 8963 3379 6721 4061 1542 7020 1237 0 2953 4541 5698 2301 6375 7446
4622 1390 9563 9153 2439 4956 4063 5645 7732 5038 8180 7185 5286 5206 6444 8105 4719 8859 4683 4969 1667 4390 5977 6066 8734 6394 7809 8885 4852 8841 9947 8160 7063 981 5092 2182 6158 9415 4967 5610 3106 7097 4024 5109 5284 6849 6187 6994 4196 5255 2256 8821 4728 8230 1632 1365 5419 10187 2089 6453 2690 3913 6977 7583 7001 4698 7201 2186 2163 3938 1506 5504 8044 6918 3046 5712 5401 7579 177 3840 4552 7436 1048 4590 2239 2242 2183 363 1687 10345 7442 6389 5131 7160 8445 2538 5090 7016 1278 9528 2980 3834 10629 9230 3983 3261 3881 1803 7857 229 8531 5610 2105 8715 6551 4315 6998 6926 5248 6327 3802 6727 6652 8166 7045 3364 3634 3348 4535 1354 8787 3366 1868 4496 2150 4739 5701 8018 3037 2969 3704 2187 8790 4805 6965 1338 2167 7207 2076 5832 1965 4789 6614 1651 2397 4484 5217 7893 6103 8862 6826 1427 8077 1746 2953 0 1676 8080 1049 8480 8282
6230 544 10318 8315 2275 4012 3287 6604 6805 6702 8802 8330 4448 4425 6870 7615 5116 9687 6240 4319 1088 6029 6099 6839 7914 8045 8871 9866 3590 9754 10819 8400 7691 2117 4608 789 6113 10260 6418 7217 1431 8418 2745 6137 6432 8144 7848 6103 4169 5515 932 8729 6240 7394 1738 1287 6603 10904 603 6728 3997 2635 7025 8224 7230 3966 7641 1161 3209 4334 1033 6901 9064 6730 2208 5211 5263 7650 1729 4999 4960 6813 977 5786 2230 1626 1433 1515 692 10988 6902 8053 3926 6784 9518 3718 6559 6604 1223 10296 2978 2827 11364 9521 3709 2224 3564 3470 8278 1545 9022 6157 3252 8117 7444 5034 7339 6460 6735 7870 3636 5957 7529 8065 7900 2635 2159 3372 6210 322 9531 3557 669 3605 1100 4222 5835 8410 1406 2396 5358 3805 8100 6399 8337 1773 2791 8453 670 4956 1049 5859 6108 3266 1607 3463 6727 7071 7769 9812 8197 3001 8470 3387 4541 1676 0 9191 2306 9423 8543
4959 9248 2713 10152 7312 8709 8112 2655 9753 5760 2937 910 8471 8279 4033 8088 4877 1958 4489 7846 9701 5402 5305 2850 9830 5393 441 1159 9648 1484 2424 4854 2981 8747 7366 9954 5901 2167 3702 4663 10223 1737 9360 3059 2796 1703 5636 9255 6246 5030 8954 6615 4169 9627 7504 9443 2668 3293 9786 4642 5400 9320 5549 2820 4784 8051 3834 8573 6009 5365 8214 3093 608 6493 8236 7467 6275 5516 7917 4244 4943 8373 8227 3493 7208 10311 8229 7958 9590 3758 8039 5777 9584 7294 432 5554 3713 7398 7973 2624 6753 8636 3533 4938 6915 8620 7041 6907 3930 8309 3686 3919 6010 8834 2072 4362 4302 7584 3723 3773 6719 8678 2060 6419 1911 8011 9730 6508 6292 8971 2403 6164 8790 8459 10101 7452 5315 4091 9884 7775 5851 6352 9282 4743 2143 9360 6426 1232 9024 8748 8479 3334 7656 6717 10445 8809 3881 9396 5836 1297 2184 6792 4096 6753 5698 8080 9191 0 7065 1160 4783
3987 2224 8514 8647 1932 4635 3695 4600 7308 4581 7140 6176 4879 4768 5443 7420 3748 7810 3954 4462 2637 3839 5068 5019 8223 5861 6783 7847 4774 7796 8900 7192 6025 1930 4485 2986 5309 8366 4113 4965 3639 6157 4011 4070 4270 5895 5696 6563 3405 4315 2521 7954 3938 7738 1254 2387 4416 9138 2847 5490 1719 3909 6079 6542 6045 4256 6191 2289 1114 2988 1617 4607 7010 6112 2835 5089 4610 6666 875 2820 3581 6833 1359 3587 1687 3248 2120 896 2559 9301 6794 5914 4993 6436 7422 1510 4253 6312 1300 8479 2279 3637 9580 8242 3328 3150 3257 1531 6848 1272 7507 4592 1063 8076 5503 3278 6013 6250 4429 5573 3105 6226 5603 7308 5996 3039 3824 2593 4191 2022 7739 2527 2186 4169 3061 4168 4794 7015 3454 2606 3222 1648 8202 4139 6055 2385 1250 6232 2439 5426 2084 3756 5967 1164 3381 4245 4423 7398 5645 7820 5914 861 7073 1338 2301 1049 2306 7065 0 7437 7308
5867 9545 1578 9405 7384 8428 7938 2840 9155 6740 1946 1760 8131 7942 3484 7333 4697 798 5375 7529 10042 6299 4805 2664 9111 6486 980 497 9438 397 1515 3930 2341 9231 7018 10203 5359 1098 4549 5688 10332 2839 9250 3374 3308 2741 6714 8721 6061 4702 9075 5682 5030 8956 7694 9821 3251 2193 10025 4059 5869 9223 4854 2011 4078 7780 3094 8684 6338 5315 8410 3978 638 5832 8214 7026 5869 4715 8309 4674 4798 7724 8487 4010 7317 10669 8330 8314 9885 2627 7370 6866 9331 6627 876 5947 4594 6758 8200 1494 6762 8513 2492 3864 6746 8579 6886 7503 3035 8707 2649 3632 6376 8048 1982 4417 3602 6966 4642 4855 6585 8145 1905 5564 1567 7938 9704 6467 7223 9233 1260 6147 8958 8233 10398 7161 4872 3166 9965 7758 6672 6958 8517 5667 3249 9798 6632 2300 9177 8345 8618 3702 7086 7259 10782 8601 4811 8752 6906 390 3270 7291 3159 7321 6375 8480 9423 1160 7437 0 3835
7810 8869 3221 5724 6268 6008 5920 3962 5784 8838 1889 4789 5562 5406 1920 3691 3564 3287 7320 5111 9464 8135 2463 3084 5483 9129 4385 4240 7135 3792 4135 169 2073 9230 4583 9304 2642 3659 6541 8090 8954 5964 7275 4431 4869 5709 9256 5533 4392 3051 7868 1846 6958 5427 6915 9396 5007 3438 9106 1835 6379 7293 1724 1995 1313 5476 1322 7494 6287 4346 7540 6222 4183 2579 6651 4285 3489 1211 8109 5425 3731 4305 7818 5260 6336 10094 7157 7988 9172 3188 3924 9462 6903 3249 4662 6195 6679 3440 7464 3275 5566 6584 3859 981 4959 6905 5119 8112 878 8471 1271 2830 6435 4330 3402 4175 1306 3688 6834 7602 4956 5001 3306 1806 3136 6248 7951 5171 9076 8477 2760 5016 7919 6010 9639 4887 2715 695 8530 6282 8185 7685 4823 7694 6314 9577 6116 5454 8062 5557 7528 4710 3938 7726 10126 6389 7004 5290 9395 4034 6262 7605 687 7866 7446 8282 8543 4783 7308 3835 0
